2026-09-25 08:35:26.366 INFO   Freerouting v2.4.1 (build-date: 2026-09-03)
2026-09-25 08:35:26.369 DEBUG  [startup] user-data path : C:\Project\SWAFarm\manufacturing-review\2026-09-24\routing-tools\user-data  (source: CLI argument --user_data_path)
2026-09-25 08:35:26.369 DEBUG  [startup] log file       : C:\Project\SWAFarm\manufacturing-review\2026-09-24\routing-tools\user-data\freerouting.log
2026-09-25 08:35:26.370 DEBUG  No freerouting.json found at 'C:\Project\SWAFarm\manufacturing-review\2026-09-24\routing-tools\user-data\freerouting.json' — will create one with default settings.
2026-09-25 08:35:26.400 DEBUG  Default settings saved to 'C:\Project\SWAFarm\manufacturing-review\2026-09-24\routing-tools\user-data\freerouting.json'.
2026-09-25 08:35:26.415 DEBUG  Version: 2.4.1,2026-09-03
2026-09-25 08:35:26.415 DEBUG  Command line arguments: '-help -da --gui.enabled=false --user_data_path=C:/Project/SWAFarm/manufacturing-review/2026-09-24/routing-tools/user-data'
2026-09-25 08:35:26.415 DEBUG  Architecture: Windows 11,amd64,10.0
2026-09-25 08:35:26.415 DEBUG  Java: 25.0.4.1,Eclipse Adoptium
2026-09-25 08:35:26.416 DEBUG  System Language: en,en_US
2026-09-25 08:35:26.417 DEBUG  Hardware: 24 CPU cores, 305533 CPU score, 8128 MB RAM
2026-09-25 08:35:26.417 DEBUG  UTC Time: 2026-09-25T12:35:26.400281Z
2026-09-25 08:35:26.417 DEBUG  GUI Language: en_US
2026-09-25 08:35:26.417 DEBUG  Host: N/A
2026-09-25 08:35:26.420 DEBUG  Analytics are disabled
2026-09-25 22:17:25.133 INFO   Freerouting v2.4.1 (build-date: 2026-09-03)
2026-09-25 22:17:25.136 DEBUG  [startup] user-data path : C:\Project\SWAFarm\manufacturing-review\2026-09-24\routing-tools\user-data  (source: CLI argument --user_data_path)
2026-09-25 22:17:25.136 DEBUG  [startup] log file       : C:\Project\SWAFarm\manufacturing-review\2026-09-24\routing-tools\user-data\freerouting.log
2026-09-25 22:17:25.164 DEBUG  Settings loaded from 'C:\Project\SWAFarm\manufacturing-review\2026-09-24\routing-tools\user-data\freerouting.json'.
2026-09-25 22:17:25.180 DEBUG  Version: 2.4.1,2026-09-03
2026-09-25 22:17:25.180 DEBUG  Command line arguments: '-de C:/Project/SWAFarm/manufacturing-review/2026-09-24/routing-tools/placed.dsn -do C:/Project/SWAFarm/manufacturing-review/2026-09-24/routing-tools/routed.ses -mp 15 -mt 4 -da --gui.enabled=false --user_data_path=C:/Project/SWAFarm/manufacturing-review/2026-09-24/routing-tools/user-data --router.layers.routable=true,false,false,true'
2026-09-25 22:17:25.180 DEBUG  Architecture: Windows 11,amd64,10.0
2026-09-25 22:17:25.180 DEBUG  Java: 25.0.4.1,Eclipse Adoptium
2026-09-25 22:17:25.180 DEBUG  System Language: en,en_US
2026-09-25 22:17:25.181 DEBUG  Hardware: 24 CPU cores, 300566 CPU score, 8128 MB RAM
2026-09-25 22:17:25.181 DEBUG  UTC Time: 2026-09-26T02:17:25.164124700Z
2026-09-25 22:17:25.182 DEBUG  GUI Language: en_US
2026-09-25 22:17:25.182 DEBUG  Host: N/A
2026-09-25 22:17:25.184 DEBUG  Analytics are disabled
2026-09-25 22:17:26.279 DEBUG  Loaded router settings from: C:\Project\SWAFarm\manufacturing-review\2026-09-24\routing-tools\user-data\freerouting.json
2026-09-25 22:17:26.283 DEBUG  Applied CLI router setting: router.max_passes = 15
2026-09-25 22:17:26.283 DEBUG  Applied CLI router setting: router.max_threads = 4
2026-09-25 22:17:26.284 DEBUG  Applied CLI router setting: router.layers.routable = true,false,false,true
2026-09-25 22:17:26.284 DEBUG  Applied CLI router setting: router.enabled = true (implicit from -de/-do batch mode)
2026-09-25 22:17:26.284 DEBUG  No router settings found in environment variables
2026-09-25 22:17:26.314 DEBUG  Set DEFAULT clearance (all layers): 2000 (0.05 mm) from DSN value 200.0
2026-09-25 22:17:26.317 DEBUG  Set clearance (all layers): smd_smd = 500 (0.0125 mm), classes [2,2]
2026-09-25 22:17:26.318 DEBUG  Set default trace width (all layers): DSN=250.0 → board=2500 (0.0625 mm)
2026-09-25 22:17:26.335 DEBUG  Loaded router settings from DSN file: placed.dsn (4 layers)
2026-09-25 22:17:26.344 DEBUG  Set DEFAULT clearance (all layers): 2000 (0.05 mm) from DSN value 200.0
2026-09-25 22:17:26.345 DEBUG  Set clearance (all layers): smd_smd = 500 (0.0125 mm), classes [2,2]
2026-09-25 22:17:26.345 DEBUG  Set default trace width (all layers): DSN=250.0 → board=2500 (0.0625 mm)
2026-09-25 22:17:26.348 DEBUG  Loaded router settings from DSN file: placed.dsn (4 layers)
2026-09-25 22:17:26.349 DEBUG  Merging settings from 5 sources:
2026-09-25 22:17:26.350 DEBUG    - Default Settings (priority 0): base settings
2026-09-25 22:17:26.350 DEBUG    - freerouting.json (priority 10): 0 fields changed
2026-09-25 22:17:26.351 DEBUG    - DSN file: placed.dsn (priority 20): 6 fields changed
2026-09-25 22:17:26.351 DEBUG    - Environment Variables (priority 55): 0 fields changed
2026-09-25 22:17:26.351 DEBUG    - CLI Arguments (priority 60): 6 fields changed
2026-09-25 22:17:26.351 DEBUG  Settings merged successfully from 5 source(s)
2026-09-25 22:17:26.589 INFO   [43B33D\3757D3] Loading board file 'placed.dsn'...
2026-09-25 22:17:26.596 DEBUG  Set DEFAULT clearance (all layers): 2000 (0.05 mm) from DSN value 200.0
2026-09-25 22:17:26.596 DEBUG  Set clearance (all layers): smd_smd = 500 (0.0125 mm), classes [2,2]
2026-09-25 22:17:26.598 DEBUG  Set default trace width (all layers): DSN=250.0 → board=2500 (0.0625 mm)
2026-09-25 22:17:26.683 INFO   Layer 'In1.Cu' has been automatically configured as a dedicated power plane because it contains a large conduction area covering >50% of the board.
2026-09-25 22:17:26.684 INFO   Layer 'In2.Cu' has been automatically configured as a dedicated power plane because it contains a large conduction area covering >50% of the board.
2026-09-25 22:17:26.684 DEBUG  No new version available. Current version is up to date: v2.4.1
2026-09-25 22:17:26.684 DEBUG  applyBoardSpecificOptimizations changed parameters:
  Layer 0: bendCost: null -> 0.0; preferredDirectionHorizontal: null -> true; preferredDirectionTraceCost: 1.0 -> 1.8; undesiredDirectionTraceCost: 1.0 -> 3.0;
  Layer 1: bendCost: null -> 0.0; preferredDirectionHorizontal: null -> false; undesiredDirectionTraceCost: 1.0 -> 1.8;
  Layer 2: bendCost: null -> 0.0; preferredDirectionHorizontal: null -> true; undesiredDirectionTraceCost: 1.0 -> 2.2;
  Layer 3: bendCost: null -> 0.0; preferredDirectionHorizontal: null -> false; preferredDirectionTraceCost: 1.0 -> 1.8; undesiredDirectionTraceCost: 1.0 -> 2.6;
2026-09-25 22:17:26.686 DEBUG  Applied copper-to-edge clearance override: 500.0 um (5000 board units).
2026-09-25 22:17:26.695 DEBUG  Set DEFAULT clearance (all layers): 2000 (0.05 mm) from DSN value 200.0
2026-09-25 22:17:26.695 DEBUG  Set clearance (all layers): smd_smd = 500 (0.0125 mm), classes [2,2]
2026-09-25 22:17:26.695 DEBUG  Set default trace width (all layers): DSN=250.0 → board=2500 (0.0625 mm)
2026-09-25 22:17:26.697 DEBUG  Loaded router settings from DSN file: placed.dsn (4 layers)
2026-09-25 22:17:26.698 DEBUG  Merging settings from 6 sources:
2026-09-25 22:17:26.698 DEBUG    - Default Settings (priority 0): base settings
2026-09-25 22:17:26.698 DEBUG    - freerouting.json (priority 10): 0 fields changed
2026-09-25 22:17:26.698 DEBUG    - DSN file: placed.dsn (priority 20): 6 fields changed
2026-09-25 22:17:26.698 DEBUG    - Environment Variables (priority 55): 0 fields changed
2026-09-25 22:17:26.699 DEBUG    - CLI Arguments (priority 60): 6 fields changed
2026-09-25 22:17:26.699 DEBUG    - API Settings (priority 70): 26 fields changed
2026-09-25 22:17:26.699 DEBUG  Settings merged successfully from 6 source(s)
2026-09-25 22:17:26.699 DEBUG  applyBoardSpecificOptimizations changed parameters:
  Layer 0: preferredDirectionTraceCost: 1.0 -> 1.8; undesiredDirectionTraceCost: 1.0 -> 3.0;
  Layer 1: undesiredDirectionTraceCost: 1.0 -> 1.8;
  Layer 2: undesiredDirectionTraceCost: 1.0 -> 2.2;
  Layer 3: preferredDirectionTraceCost: 1.0 -> 1.8; undesiredDirectionTraceCost: 1.0 -> 2.6;
2026-09-25 22:17:26.705 INFO   [43B33D\3757D3] Job '43B33D\3757D3' started at 2026-09-26T02:17:26.705071500Z.
2026-09-25 22:17:26.800 DEBUG  [43B33D\3757D3] Checking fanout pre-pass. settings.fanout.enabled=true, smdPins=416
2026-09-25 22:17:26.896 INFO   [43B33D\3757D3] Fanout stage started on board '292220c4d2edec899d107d98d2a59d6d' with 357 of 416 SMD pins needing fanout (54 already connected, 5 netless).
2026-09-25 22:17:27.282 DEBUG  ShapeSearchTree45Degree.completeShape: non-IntOctagon contained shape, using bounding octagon approximation
2026-09-25 22:17:27.286 DEBUG  ShapeSearchTree45Degree.completeShape: non-IntOctagon contained shape, using bounding octagon approximation
2026-09-25 22:17:27.286 DEBUG  ShapeSearchTree45Degree.completeShape: non-IntOctagon contained shape, using bounding octagon approximation
2026-09-25 22:17:27.298 DEBUG  ShapeSearchTree45Degree.completeShape: non-IntOctagon contained shape, using bounding octagon approximation
2026-09-25 22:17:27.299 DEBUG  ShapeSearchTree45Degree.completeShape: non-IntOctagon contained shape, using bounding octagon approximation
2026-09-25 22:17:27.299 DEBUG  ShapeSearchTree45Degree.completeShape: non-IntOctagon contained shape, using bounding octagon approximation
2026-09-25 22:17:28.331 DEBUG  ShapeSearchTree45Degree.completeShape: non-IntOctagon contained shape, using bounding octagon approximation
2026-09-25 22:17:28.331 DEBUG  ShapeSearchTree45Degree.completeShape: non-IntOctagon contained shape, using bounding octagon approximation
2026-09-25 22:17:28.331 DEBUG  ShapeSearchTree45Degree.completeShape: non-IntOctagon contained shape, using bounding octagon approximation
2026-09-25 22:17:28.341 DEBUG  ShapeSearchTree45Degree.completeShape: non-IntOctagon contained shape, using bounding octagon approximation
2026-09-25 22:17:33.494 DEBUG  TraceTightener.is_stop_requested: time limit exceeded
2026-09-25 22:17:35.494 INFO   [43B33D\3757D3] Fanout pass #1 on board '1a293e65a7b6ecbeff648ee68d2304aa' completed in 8.54 seconds with 151 SMD pins fanouted, 198 not routed, 0 insert errors, +0 extra vias (0 SMD pins still to check in pass, ripup costs=100).
2026-09-25 22:17:35.688 DEBUG  FoundConnectionInserter: insert trace failed for net #101 at corner 7/19 on layer 0, trace width: 1250, from corner: 6, okPoint: (537011,-81408), target: (544132,-81408)
2026-09-25 22:17:35.705 DEBUG  ShapeSearchTree45Degree.completeShape: non-IntOctagon contained shape, using bounding octagon approximation
2026-09-25 22:17:35.706 DEBUG  ShapeSearchTree45Degree.completeShape: non-IntOctagon contained shape, using bounding octagon approximation
2026-09-25 22:17:35.706 DEBUG  ShapeSearchTree45Degree.completeShape: non-IntOctagon contained shape, using bounding octagon approximation
2026-09-25 22:17:35.710 DEBUG  ShapeSearchTree45Degree.completeShape: non-IntOctagon contained shape, using bounding octagon approximation
2026-09-25 22:17:35.710 DEBUG  ShapeSearchTree45Degree.completeShape: non-IntOctagon contained shape, using bounding octagon approximation
2026-09-25 22:17:35.710 DEBUG  ShapeSearchTree45Degree.completeShape: non-IntOctagon contained shape, using bounding octagon approximation
2026-09-25 22:17:36.116 DEBUG  ShapeSearchTree45Degree.completeShape: non-IntOctagon contained shape, using bounding octagon approximation
2026-09-25 22:17:36.117 DEBUG  ShapeSearchTree45Degree.completeShape: non-IntOctagon contained shape, using bounding octagon approximation
2026-09-25 22:17:36.117 DEBUG  ShapeSearchTree45Degree.completeShape: non-IntOctagon contained shape, using bounding octagon approximation
2026-09-25 22:17:36.120 DEBUG  ShapeSearchTree45Degree.completeShape: non-IntOctagon contained shape, using bounding octagon approximation
2026-09-25 22:17:38.417 INFO   [43B33D\3757D3] Fanout pass #2 on board '8309a69006475fc2c01ea9d22c941721' completed in 2.90 seconds with 19 SMD pins fanouted, 269 not routed, 0 insert errors, +0 extra vias (0 SMD pins still to check in pass, ripup costs=200).
2026-09-25 22:17:38.680 DEBUG  ShapeSearchTree45Degree.completeShape: non-IntOctagon contained shape, using bounding octagon approximation
2026-09-25 22:17:38.680 DEBUG  ShapeSearchTree45Degree.completeShape: non-IntOctagon contained shape, using bounding octagon approximation
2026-09-25 22:17:38.680 DEBUG  ShapeSearchTree45Degree.completeShape: non-IntOctagon contained shape, using bounding octagon approximation
2026-09-25 22:17:38.684 DEBUG  ShapeSearchTree45Degree.completeShape: non-IntOctagon contained shape, using bounding octagon approximation
2026-09-25 22:17:38.684 DEBUG  ShapeSearchTree45Degree.completeShape: non-IntOctagon contained shape, using bounding octagon approximation
2026-09-25 22:17:38.684 DEBUG  ShapeSearchTree45Degree.completeShape: non-IntOctagon contained shape, using bounding octagon approximation
2026-09-25 22:17:39.081 DEBUG  ShapeSearchTree45Degree.completeShape: non-IntOctagon contained shape, using bounding octagon approximation
2026-09-25 22:17:39.082 DEBUG  ShapeSearchTree45Degree.completeShape: non-IntOctagon contained shape, using bounding octagon approximation
2026-09-25 22:17:39.082 DEBUG  ShapeSearchTree45Degree.completeShape: non-IntOctagon contained shape, using bounding octagon approximation
2026-09-25 22:17:39.084 DEBUG  ShapeSearchTree45Degree.completeShape: non-IntOctagon contained shape, using bounding octagon approximation
2026-09-25 22:17:40.158 INFO   [43B33D\3757D3] Fanout pass #3 on board 'fc7704177ea29f0a614f1b15e3dcb0d7' completed in 1.72 seconds with 4 SMD pins fanouted, 255 not routed, 0 insert errors, +0 extra vias (0 SMD pins still to check in pass, ripup costs=300).
2026-09-25 22:17:40.399 DEBUG  ShapeSearchTree45Degree.completeShape: non-IntOctagon contained shape, using bounding octagon approximation
2026-09-25 22:17:40.400 DEBUG  ShapeSearchTree45Degree.completeShape: non-IntOctagon contained shape, using bounding octagon approximation
2026-09-25 22:17:40.400 DEBUG  ShapeSearchTree45Degree.completeShape: non-IntOctagon contained shape, using bounding octagon approximation
2026-09-25 22:17:40.404 DEBUG  ShapeSearchTree45Degree.completeShape: non-IntOctagon contained shape, using bounding octagon approximation
2026-09-25 22:17:40.404 DEBUG  ShapeSearchTree45Degree.completeShape: non-IntOctagon contained shape, using bounding octagon approximation
2026-09-25 22:17:40.404 DEBUG  ShapeSearchTree45Degree.completeShape: non-IntOctagon contained shape, using bounding octagon approximation
2026-09-25 22:17:40.799 DEBUG  ShapeSearchTree45Degree.completeShape: non-IntOctagon contained shape, using bounding octagon approximation
2026-09-25 22:17:40.800 DEBUG  ShapeSearchTree45Degree.completeShape: non-IntOctagon contained shape, using bounding octagon approximation
2026-09-25 22:17:40.800 DEBUG  ShapeSearchTree45Degree.completeShape: non-IntOctagon contained shape, using bounding octagon approximation
2026-09-25 22:17:40.802 DEBUG  ShapeSearchTree45Degree.completeShape: non-IntOctagon contained shape, using bounding octagon approximation
2026-09-25 22:17:41.844 INFO   [43B33D\3757D3] Fanout pass #4 on board 'fc7704177ea29f0a614f1b15e3dcb0d7' completed in 1.67 seconds with 2 SMD pins fanouted, 257 not routed, 0 insert errors, +0 extra vias (0 SMD pins still to check in pass, ripup costs=400).
2026-09-25 22:17:42.008 INFO   [43B33D\3757D3] Fanout stage completed: started with 411 total SMD pins, completed in 15.07 seconds, escaped pins: 212/411 (51.6%), using 14.75 total CPU seconds, 91.17 GB total allocated, and 603.5 MB peak heap usage.
2026-09-25 22:17:42.033 INFO   [43B33D\3757D3] Auto-routing stage started on board 'fc7704177ea29f0a614f1b15e3dcb0d7' for 176 unrouted items.
2026-09-25 22:17:42.427 DEBUG  Queuing item for routing: PolylineTrace on net 'net_USB_DP' (connected: 9/11)
2026-09-25 22:17:42.427 DEBUG  Queuing item for routing: PolylineTrace on net 'net_USB_DP' (connected: 2/11)
2026-09-25 22:17:42.428 DEBUG  Queuing item for routing: Pin on net '/Motor Valve/COIL_LOW1' (connected: 1/2)
2026-09-25 22:17:42.428 DEBUG  Queuing item for routing: Pin on net '/Motor Valve/COIL_LOW2' (connected: 1/2)
2026-09-25 22:17:42.428 DEBUG  Queuing item for routing: Pin on net '/Motor Valve/COIL_LOW3' (connected: 1/2)
2026-09-25 22:17:42.428 DEBUG  Queuing item for routing: Pin on net '/Motor Valve/COIL_LOW4' (connected: 1/2)
2026-09-25 22:17:42.428 DEBUG  Queuing item for routing: Pin on net '/Motor Valve/COIL_LOW6' (connected: 1/2)
2026-09-25 22:17:42.428 DEBUG  Queuing item for routing: Pin on net '/Motor Valve/COIL_LOW7' (connected: 1/2)
2026-09-25 22:17:42.428 DEBUG  Queuing item for routing: Pin on net '/Motor Valve/COIL_LOW8' (connected: 1/2)
2026-09-25 22:17:42.428 DEBUG  Queuing item for routing: Pin on net '+12V' (connected: 3/14)
2026-09-25 22:17:42.429 DEBUG  Queuing item for routing: Pin on net 'GND' (connected: 18/188)
2026-09-25 22:17:42.429 DEBUG  Queuing item for routing: Pin on net '/Motor Valve/RELAY_CMD8' (connected: 1/3)
2026-09-25 22:17:42.429 DEBUG  Queuing item for routing: Pin on net '/Motor Valve/RELAY_CMD7' (connected: 1/3)
2026-09-25 22:17:42.429 DEBUG  Queuing item for routing: Pin on net '/Motor Valve/RELAY_CMD6' (connected: 1/3)
2026-09-25 22:17:42.429 DEBUG  Queuing item for routing: Pin on net '/Motor Valve/RELAY_CMD5' (connected: 1/3)
2026-09-25 22:17:42.429 DEBUG  Queuing item for routing: Pin on net '/Motor Valve/RELAY_CMD4' (connected: 3/4)
2026-09-25 22:17:42.429 DEBUG  Queuing item for routing: Pin on net '/Motor Valve/RELAY_CMD3' (connected: 1/3)
2026-09-25 22:17:42.429 DEBUG  Queuing item for routing: Pin on net '/Motor Valve/RELAY_CMD2' (connected: 1/3)
2026-09-25 22:17:42.429 DEBUG  Queuing item for routing: Pin on net '/Motor Valve/RELAY_CMD1' (connected: 1/3)
2026-09-25 22:17:42.429 DEBUG  Queuing item for routing: Pin on net '+3V3' (connected: 1/60)
2026-09-25 22:17:42.429 DEBUG  Queuing item for routing: Pin on net '+12V' (connected: 1/14)
2026-09-25 22:17:42.429 DEBUG  Queuing item for routing: Pin on net '/Motor Valve/COIL_LOW7' (connected: 1/2)
2026-09-25 22:17:42.429 DEBUG  Queuing item for routing: Pin on net '+12V' (connected: 1/14)
2026-09-25 22:17:42.430 DEBUG  Queuing item for routing: Pin on net '/Motor Valve/COIL_LOW6' (connected: 1/2)
2026-09-25 22:17:42.430 DEBUG  Queuing item for routing: Pin on net '+12V' (connected: 1/14)
2026-09-25 22:17:42.430 DEBUG  Queuing item for routing: Pin on net '/Motor Valve/COIL_LOW8' (connected: 1/2)
2026-09-25 22:17:42.430 DEBUG  Queuing item for routing: Pin on net '+12V' (connected: 1/14)
2026-09-25 22:17:42.430 DEBUG  Queuing item for routing: Pin on net '/Motor Valve/COIL_LOW3' (connected: 1/2)
2026-09-25 22:17:42.430 DEBUG  Queuing item for routing: Pin on net '+12V' (connected: 1/14)
2026-09-25 22:17:42.430 DEBUG  Queuing item for routing: Pin on net '+12V' (connected: 1/14)
2026-09-25 22:17:42.430 DEBUG  Queuing item for routing: Pin on net '/Motor Valve/COIL_LOW2' (connected: 1/2)
2026-09-25 22:17:42.430 DEBUG  Queuing item for routing: Pin on net '+12V' (connected: 1/14)
2026-09-25 22:17:42.430 DEBUG  Queuing item for routing: Pin on net '/Motor Valve/COIL_LOW4' (connected: 1/2)
2026-09-25 22:17:42.430 DEBUG  Queuing item for routing: Pin on net '+12V' (connected: 1/14)
2026-09-25 22:17:42.430 DEBUG  Queuing item for routing: Pin on net '/Motor Valve/COIL_LOW1' (connected: 1/2)
2026-09-25 22:17:42.438 DEBUG  Queuing item for routing: Pin on net '+12V' (connected: 1/14)
2026-09-25 22:17:42.439 DEBUG  Queuing item for routing: Pin on net 'ISO_5V' (connected: 6/13)
2026-09-25 22:17:42.439 DEBUG  Queuing item for routing: Pin on net '/RS-485/net_ISO_DI' (connected: 1/3)
2026-09-25 22:17:42.439 DEBUG  Queuing item for routing: Pin on net '/RS-485/net_ISO_RO' (connected: 1/3)
2026-09-25 22:17:42.439 DEBUG  Queuing item for routing: Pin on net 'ISO_GND' (connected: 1/28)
2026-09-25 22:17:42.439 DEBUG  Queuing item for routing: Pin on net 'GND' (connected: 18/188)
2026-09-25 22:17:42.439 DEBUG  Queuing item for routing: Pin on net 'RS485_RX' (connected: 1/2)
2026-09-25 22:17:42.439 DEBUG  Queuing item for routing: Pin on net 'RS485_DE' (connected: 4/5)
2026-09-25 22:17:42.439 DEBUG  Queuing item for routing: Pin on net 'RS485_TX' (connected: 1/2)
2026-09-25 22:17:42.439 DEBUG  Queuing item for routing: Pin on net '+3V3' (connected: 23/60)
2026-09-25 22:17:42.440 DEBUG  Queuing item for routing: Pin on net 'ISO_GND' (connected: 3/28)
2026-09-25 22:17:42.440 DEBUG  Queuing item for routing: Pin on net '/Motor Valve/RELAY_CMD7' (connected: 1/3)
2026-09-25 22:17:42.440 DEBUG  Queuing item for routing: Pin on net '/Motor Valve/RELAY_CMD6' (connected: 1/3)
2026-09-25 22:17:42.440 DEBUG  Queuing item for routing: Pin on net '/Motor Valve/RELAY_CMD8' (connected: 1/3)
2026-09-25 22:17:42.440 DEBUG  Queuing item for routing: Pin on net '/Motor Valve/RELAY_CMD5' (connected: 1/3)
2026-09-25 22:17:42.440 DEBUG  Queuing item for routing: Pin on net '/Motor Valve/RELAY_CMD2' (connected: 1/3)
2026-09-25 22:17:42.440 DEBUG  Queuing item for routing: Pin on net '/Motor Valve/RELAY_CMD3' (connected: 1/3)
2026-09-25 22:17:42.440 DEBUG  Queuing item for routing: Pin on net '/Motor Valve/RELAY_CMD1' (connected: 1/3)
2026-09-25 22:17:42.440 DEBUG  Queuing item for routing: Pin on net '/Power/EF_RTN' (connected: 18/37)
2026-09-25 22:17:42.440 DEBUG  Queuing item for routing: Pin on net '/Power/EF_ILIM' (connected: 1/2)
2026-09-25 22:17:42.440 DEBUG  Queuing item for routing: Pin on net '+3V3' (connected: 6/60)
2026-09-25 22:17:42.440 DEBUG  Queuing item for routing: Pin on net '/Power/EF_RTN' (connected: 1/37)
2026-09-25 22:17:42.440 DEBUG  Queuing item for routing: Pin on net '/Power/EF_RTN' (connected: 1/37)
2026-09-25 22:17:42.441 DEBUG  Queuing item for routing: Pin on net '/Power/EF_RTN' (connected: 1/37)
2026-09-25 22:17:42.441 DEBUG  Queuing item for routing: Pin on net '/Power/EF_RTN' (connected: 1/37)
2026-09-25 22:17:42.441 DEBUG  Queuing item for routing: Pin on net '/Power/EF_RTN' (connected: 1/37)
2026-09-25 22:17:42.441 DEBUG  Queuing item for routing: Pin on net '/Power/EF_RTN' (connected: 1/37)
2026-09-25 22:17:42.441 DEBUG  Queuing item for routing: Pin on net '/Power/EF_RTN' (connected: 5/37)
2026-09-25 22:17:42.441 DEBUG  Queuing item for routing: Pin on net '/Power/EF_RTN' (connected: 1/37)
2026-09-25 22:17:42.441 DEBUG  Queuing item for routing: Pin on net '/Power/EF_RTN' (connected: 5/37)
2026-09-25 22:17:42.441 DEBUG  Queuing item for routing: Pin on net '/Power/EF_RTN' (connected: 1/37)
2026-09-25 22:17:42.441 DEBUG  Queuing item for routing: Pin on net '/Power/EF_RTN' (connected: 1/37)
2026-09-25 22:17:42.441 DEBUG  Queuing item for routing: Pin on net '12V_SW' (connected: 11/20)
2026-09-25 22:17:42.441 DEBUG  Queuing item for routing: Pin on net '/Power/EF_FLT_N' (connected: 1/4)
2026-09-25 22:17:42.442 DEBUG  Queuing item for routing: Pin on net '/Power/EF_DVDT' (connected: 1/2)
2026-09-25 22:17:42.442 DEBUG  Queuing item for routing: Pin on net '/Power/EF_ILIM' (connected: 1/2)
2026-09-25 22:17:42.442 DEBUG  Queuing item for routing: Pin on net '/Power/EF_IMON' (connected: 1/4)
2026-09-25 22:17:42.442 DEBUG  Queuing item for routing: Pin on net 'GND' (connected: 1/188)
2026-09-25 22:17:42.442 DEBUG  Queuing item for routing: Pin on net '/Power/EF_SHDN' (connected: 1/2)
2026-09-25 22:17:42.442 DEBUG  Queuing item for routing: Pin on net '/Power/EF_OVP' (connected: 1/4)
2026-09-25 22:17:42.442 DEBUG  Queuing item for routing: Pin on net '/Power/EF_UVLO' (connected: 4/5)
2026-09-25 22:17:42.442 DEBUG  Queuing item for routing: Pin on net 'VIN_12V' (connected: 6/13)
2026-09-25 22:17:42.442 DEBUG  Queuing item for routing: Pin on net 'ISO_5V' (connected: 1/13)
2026-09-25 22:17:42.442 DEBUG  Queuing item for routing: Pin on net '/RS-485/net_MAIN_B' (connected: 1/7)
2026-09-25 22:17:42.442 DEBUG  Queuing item for routing: Pin on net '/RS-485/net_MAIN_A' (connected: 5/9)
2026-09-25 22:17:42.443 DEBUG  Queuing item for routing: Pin on net 'ISO_GND' (connected: 8/28)
2026-09-25 22:17:42.443 DEBUG  Queuing item for routing: Pin on net '/RS-485/net_ISO_DI' (connected: 1/3)
2026-09-25 22:17:42.443 DEBUG  Queuing item for routing: Pin on net '/RS-485/net_ISO_RO' (connected: 1/3)
2026-09-25 22:17:42.446 DEBUG  Queuing item for routing: Pin on net '/RS-485/net_IN_A_RAW' (connected: 3/4)
2026-09-25 22:17:42.446 DEBUG  Queuing item for routing: Pin on net 'ISO_GND' (connected: 1/28)
2026-09-25 22:17:42.446 DEBUG  Queuing item for routing: Pin on net '/RS-485/net_LOC_A_RAW' (connected: 3/4)
2026-09-25 22:17:42.446 DEBUG  Queuing item for routing: Pin on net '/Power/net_USB_VBUS' (connected: 2/5)
2026-09-25 22:17:42.446 DEBUG  Queuing item for routing: Pin on net '/Power/net_CC2' (connected: 1/2)
2026-09-25 22:17:42.446 DEBUG  Queuing item for routing: Pin on net '/Power/net_USB_VBUS' (connected: 2/5)
2026-09-25 22:17:42.446 DEBUG  Queuing item for routing: Pin on net '/Power/net_CC1' (connected: 1/2)
2026-09-25 22:17:42.446 DEBUG  Queuing item for routing: Pin on net 'GND' (connected: 1/188)
2026-09-25 22:17:42.446 DEBUG  Queuing item for routing: Pin on net 'SENSOR_CH1' (connected: 1/13)
2026-09-25 22:17:42.446 DEBUG  Queuing item for routing: Pin on net 'SENSOR_CH2' (connected: 1/13)
2026-09-25 22:17:42.446 DEBUG  Queuing item for routing: Pin on net '/MCU/net_DEBUG_RX' (connected: 1/2)
2026-09-25 22:17:42.446 DEBUG  Queuing item for routing: Pin on net 'RS485_DE' (connected: 1/5)
2026-09-25 22:17:42.446 DEBUG  Queuing item for routing: Pin on net '/MCU/LED_FAULT' (connected: 1/2)
2026-09-25 22:17:42.446 DEBUG  Queuing item for routing: Pin on net '/MCU/LED_LINK' (connected: 1/2)
2026-09-25 22:17:42.446 DEBUG  Queuing item for routing: Pin on net '/MCU/LED_PWR' (connected: 1/2)
2026-09-25 22:17:42.446 DEBUG  Queuing item for routing: Pin on net '/MCU/net_BOOT' (connected: 1/3)
2026-09-25 22:17:42.447 DEBUG  Queuing item for routing: Pin on net 'VALVE_SPI_MISO' (connected: 1/2)
2026-09-25 22:17:42.447 DEBUG  Queuing item for routing: Pin on net 'VALVE_SPI_SCLK' (connected: 1/2)
2026-09-25 22:17:42.447 DEBUG  Queuing item for routing: Pin on net 'VALVE_SPI_MOSI' (connected: 1/2)
2026-09-25 22:17:42.447 DEBUG  Queuing item for routing: Pin on net 'VALVE_SPI_CS' (connected: 1/2)
2026-09-25 22:17:42.447 DEBUG  Queuing item for routing: Pin on net 'LORA_UART_RX' (connected: 1/2)
2026-09-25 22:17:42.447 DEBUG  Queuing item for routing: Pin on net 'LORA_UART_TX' (connected: 1/2)
2026-09-25 22:17:42.447 DEBUG  Queuing item for routing: Pin on net 'RS485_RX' (connected: 1/2)
2026-09-25 22:17:42.447 DEBUG  Queuing item for routing: Pin on net 'RS485_TX' (connected: 1/2)
2026-09-25 22:17:42.447 DEBUG  Queuing item for routing: Pin on net 'SENSOR_CH6' (connected: 1/13)
2026-09-25 22:17:42.447 DEBUG  Queuing item for routing: Pin on net 'SENSOR_CH5' (connected: 1/13)
2026-09-25 22:17:42.447 DEBUG  Queuing item for routing: Pin on net 'SENSOR_CH4' (connected: 1/13)
2026-09-25 22:17:42.447 DEBUG  Queuing item for routing: Pin on net 'SENSOR_CH3' (connected: 1/13)
2026-09-25 22:17:42.447 DEBUG  Queuing item for routing: Pin on net '/MCU/net_CHIP_EN' (connected: 5/6)
2026-09-25 22:17:42.447 DEBUG  Queuing item for routing: Pin on net '+3V3' (connected: 3/60)
2026-09-25 22:17:42.447 DEBUG  Queuing item for routing: Pin on net '12V_SW' (connected: 3/20)
2026-09-25 22:17:42.447 DEBUG  Queuing item for routing: Pin on net '+5V' (connected: 5/10)
2026-09-25 22:17:42.447 DEBUG  Queuing item for routing: Pin on net '12V_SW' (connected: 3/20)
2026-09-25 22:17:42.447 DEBUG  Queuing item for routing: Pin on net 'GND' (connected: 1/188)
2026-09-25 22:17:42.447 DEBUG  Queuing item for routing: Pin on net 'VIN_12V' (connected: 3/13)
2026-09-25 22:17:42.448 DEBUG  Queuing item for routing: Pin on net 'GND' (connected: 1/188)
2026-09-25 22:17:42.448 DEBUG  Queuing item for routing: Pin on net '/Power/DC_IN_RAW_P' (connected: 1/2)
2026-09-25 22:17:42.448 DEBUG  Queuing item for routing: Pin on net '12V_SW' (connected: 1/20)
2026-09-25 22:17:42.448 DEBUG  Queuing item for routing: Pin on net 'GND' (connected: 1/188)
2026-09-25 22:17:42.448 DEBUG  Queuing item for routing: Pin on net 'GND' (connected: 5/188)
2026-09-25 22:17:42.448 DEBUG  Queuing item for routing: Pin on net '/MCU/net_CHIP_EN' (connected: 1/6)
2026-09-25 22:17:42.448 DEBUG  Queuing item for routing: Pin on net '/MCU/net_BOOT' (connected: 1/3)
2026-09-25 22:17:42.448 DEBUG  Queuing item for routing: Pin on net 'GND' (connected: 1/188)
2026-09-25 22:17:42.448 DEBUG  Queuing item for routing: Pin on net '+3V3' (connected: 3/60)
2026-09-25 22:17:42.448 DEBUG  Queuing item for routing: Pin on net 'GND' (connected: 3/188)
2026-09-25 22:17:42.448 DEBUG  Queuing item for routing: Pin on net 'Net-(D_PWR1-A)' (connected: 1/2)
2026-09-25 22:17:42.448 DEBUG  Queuing item for routing: Pin on net 'GND' (connected: 3/188)
2026-09-25 22:17:42.448 DEBUG  Queuing item for routing: Pin on net 'ISO_5V' (connected: 5/13)
2026-09-25 22:17:42.449 DEBUG  Queuing item for routing: Pin on net 'GND' (connected: 9/188)
2026-09-25 22:17:42.449 DEBUG  Queuing item for routing: Pin on net '/Power/EF_DVDT' (connected: 1/2)
2026-09-25 22:17:42.449 DEBUG  Queuing item for routing: Pin on net 'GND' (connected: 1/188)
2026-09-25 22:17:42.449 DEBUG  Queuing item for routing: Pin on net 'GND' (connected: 1/188)
2026-09-25 22:17:42.449 DEBUG  Queuing item for routing: Pin on net '+5V' (connected: 4/10)
2026-09-25 22:17:42.449 DEBUG  Queuing item for routing: Pin on net 'GND' (connected: 1/188)
2026-09-25 22:17:42.449 DEBUG  Queuing item for routing: Pin on net '+3V3' (connected: 8/60)
2026-09-25 22:17:42.449 DEBUG  Queuing item for routing: Pin on net '+3V3' (connected: 1/60)
2026-09-25 22:17:42.449 DEBUG  Queuing item for routing: Pin on net 'GND' (connected: 10/188)
2026-09-25 22:17:42.449 DEBUG  Queuing item for routing: Pin on net '+3V3' (connected: 3/60)
2026-09-25 22:17:42.449 DEBUG  Queuing item for routing: Pin on net '+3V3' (connected: 1/60)
2026-09-25 22:17:42.450 DEBUG  Queuing item for routing: Pin on net 'GND' (connected: 1/188)
2026-09-25 22:17:42.450 DEBUG  Queuing item for routing: Pin on net 'GND' (connected: 5/188)
2026-09-25 22:17:42.450 DEBUG  Queuing item for routing: Pin on net '+3V3' (connected: 1/60)
2026-09-25 22:17:42.450 DEBUG  Queuing item for routing: Pin on net 'GND' (connected: 1/188)
2026-09-25 22:17:42.450 DEBUG  Queuing item for routing: Pin on net '/Motor Valve/RELAY_CMD8' (connected: 1/3)
2026-09-25 22:17:42.450 DEBUG  Queuing item for routing: Pin on net '/Motor Valve/RELAY_CMD7' (connected: 1/3)
2026-09-25 22:17:42.450 DEBUG  Queuing item for routing: Pin on net '/Motor Valve/RELAY_CMD6' (connected: 1/3)
2026-09-25 22:17:42.450 DEBUG  Queuing item for routing: Pin on net '/Motor Valve/RELAY_CMD5' (connected: 1/3)
2026-09-25 22:17:42.450 DEBUG  Queuing item for routing: Pin on net '/Motor Valve/RELAY_CMD4' (connected: 1/4)
2026-09-25 22:17:42.450 DEBUG  Queuing item for routing: Pin on net '/Motor Valve/RELAY_CMD3' (connected: 1/3)
2026-09-25 22:17:42.450 DEBUG  Queuing item for routing: Pin on net '/Motor Valve/RELAY_CMD2' (connected: 1/3)
2026-09-25 22:17:42.450 DEBUG  Queuing item for routing: Pin on net '/Motor Valve/RELAY_CMD1' (connected: 1/3)
2026-09-25 22:17:42.450 DEBUG  Queuing item for routing: Pin on net 'VALVE_SPI_MISO' (connected: 1/2)
2026-09-25 22:17:42.450 DEBUG  Queuing item for routing: Pin on net 'VALVE_SPI_MOSI' (connected: 1/2)
2026-09-25 22:17:42.450 DEBUG  Queuing item for routing: Pin on net 'VALVE_SPI_SCLK' (connected: 1/2)
2026-09-25 22:17:42.450 DEBUG  Queuing item for routing: Pin on net 'VALVE_SPI_CS' (connected: 1/2)
2026-09-25 22:17:42.450 DEBUG  Queuing item for routing: Pin on net '+3V3' (connected: 3/60)
2026-09-25 22:17:42.450 DEBUG  Queuing item for routing: Pin on net '/MCU/net_DEBUG_RX' (connected: 1/2)
2026-09-25 22:17:42.451 DEBUG  Queuing item for routing: Pin on net 'GND' (connected: 1/188)
2026-09-25 22:17:42.451 DEBUG  Queuing item for routing: Pin on net 'ISO_5V' (connected: 1/13)
2026-09-25 22:17:42.451 DEBUG  Queuing item for routing: Pin on net '/RS-485/net_MAIN_B' (connected: 1/7)
2026-09-25 22:17:42.451 DEBUG  Queuing item for routing: Pin on net '/RS-485/net_MAIN_A' (connected: 1/9)
2026-09-25 22:17:42.451 DEBUG  Queuing item for routing: Pin on net '/RS-485/net_IN_A_RAW' (connected: 1/4)
2026-09-25 22:17:42.451 DEBUG  Queuing item for routing: Pin on net '/RS-485/net_MAIN_B' (connected: 1/7)
2026-09-25 22:17:42.451 DEBUG  Queuing item for routing: Pin on net '/RS-485/net_MAIN_A' (connected: 1/9)
2026-09-25 22:17:42.451 DEBUG  Queuing item for routing: Pin on net '/RS-485/net_LOC_A_RAW' (connected: 1/4)
2026-09-25 22:17:42.451 DEBUG  Queuing item for routing: Pin on net 'SENSOR_CH6' (connected: 12/13)
2026-09-25 22:17:42.451 DEBUG  Queuing item for routing: Pin on net '+3V3' (connected: 1/60)
2026-09-25 22:17:42.451 DEBUG  Queuing item for routing: Pin on net 'GND' (connected: 1/188)
2026-09-25 22:17:42.451 DEBUG  Queuing item for routing: Pin on net 'SENSOR_CH1' (connected: 12/13)
2026-09-25 22:17:42.451 DEBUG  Queuing item for routing: Pin on net '+3V3' (connected: 1/60)
2026-09-25 22:17:42.451 DEBUG  Queuing item for routing: Pin on net 'GND' (connected: 1/188)
2026-09-25 22:17:42.451 DEBUG  Queuing item for routing: Pin on net 'SENSOR_CH3' (connected: 12/13)
2026-09-25 22:17:42.452 DEBUG  Queuing item for routing: Pin on net 'GND' (connected: 1/188)
2026-09-25 22:17:42.452 DEBUG  Queuing item for routing: Pin on net 'SENSOR_CH4' (connected: 12/13)
2026-09-25 22:17:42.452 DEBUG  Queuing item for routing: Pin on net '+3V3' (connected: 1/60)
2026-09-25 22:17:42.452 DEBUG  Queuing item for routing: Pin on net 'GND' (connected: 1/188)
2026-09-25 22:17:42.452 DEBUG  Queuing item for routing: Pin on net 'SENSOR_CH5' (connected: 12/13)
2026-09-25 22:17:42.452 DEBUG  Queuing item for routing: Pin on net '+3V3' (connected: 1/60)
2026-09-25 22:17:42.452 DEBUG  Queuing item for routing: Pin on net 'GND' (connected: 1/188)
2026-09-25 22:17:42.452 DEBUG  Queuing item for routing: Pin on net 'SENSOR_CH2' (connected: 12/13)
2026-09-25 22:17:42.452 DEBUG  Queuing item for routing: Pin on net '+3V3' (connected: 1/60)
2026-09-25 22:17:42.453 DEBUG  Queuing item for routing: Pin on net 'GND' (connected: 1/188)
2026-09-25 22:17:42.453 DEBUG  Queuing item for routing: Pin on net 'GND' (connected: 1/188)
2026-09-25 22:17:42.453 DEBUG  Queuing item for routing: Pin on net '/Sensors & LORA/net_LORA_RST' (connected: 1/3)
2026-09-25 22:17:42.453 DEBUG  Queuing item for routing: Pin on net 'GND' (connected: 3/188)
2026-09-25 22:17:42.453 DEBUG  Queuing item for routing: Pin on net 'LORA_UART_RX' (connected: 1/2)
2026-09-25 22:17:42.453 DEBUG  Queuing item for routing: Pin on net 'LORA_UART_TX' (connected: 1/2)
2026-09-25 22:17:42.453 DEBUG  Queuing item for routing: Pin on net 'GND' (connected: 1/188)
2026-09-25 22:17:42.453 DEBUG  Queuing item for routing: Pin on net 'GND' (connected: 3/188)
2026-09-25 22:17:42.454 DEBUG  Queuing item for routing: Pin on net 'GND' (connected: 3/188)
2026-09-25 22:17:42.454 DEBUG  Queuing item for routing: Pin on net 'GND' (connected: 3/188)
2026-09-25 22:17:42.454 DEBUG  Queuing item for routing: Pin on net 'GND' (connected: 3/188)
2026-09-25 22:17:42.454 DEBUG  Queuing item for routing: Pin on net 'GND' (connected: 3/188)
2026-09-25 22:17:42.454 DEBUG  Queuing item for routing: Pin on net 'VIN_12V' (connected: 1/13)
2026-09-25 22:17:42.454 DEBUG  Queuing item for routing: Pin on net '/Power/DC_IN_RAW_P' (connected: 1/2)
2026-09-25 22:17:42.454 DEBUG  Queuing item for routing: Pin on net '+12V' (connected: 1/14)
2026-09-25 22:17:42.454 DEBUG  Queuing item for routing: Pin on net '12V_SW' (connected: 1/20)
2026-09-25 22:17:42.454 DEBUG  Queuing item for routing: Pin on net 'GND' (connected: 3/188)
2026-09-25 22:17:42.454 DEBUG  Queuing item for routing: Pin on net '+3V3' (connected: 1/60)
2026-09-25 22:17:42.454 DEBUG  Queuing item for routing: Pin on net '/Power/EF_IMON' (connected: 3/4)
2026-09-25 22:17:42.454 DEBUG  Queuing item for routing: Pin on net '/Power/EF_OVP' (connected: 3/4)
2026-09-25 22:17:42.454 DEBUG  Queuing item for routing: Pin on net 'VIN_12V' (connected: 3/13)
2026-09-25 22:17:42.454 DEBUG  Queuing item for routing: Pin on net '/Power/EF_UVLO' (connected: 1/5)
2026-09-25 22:17:42.454 DEBUG  Queuing item for routing: Pin on net '/Power/net_CC1' (connected: 1/2)
2026-09-25 22:17:42.455 DEBUG  Queuing item for routing: Pin on net '/RS-485/net_MAIN_B' (connected: 3/7)
2026-09-25 22:17:42.455 DEBUG  Queuing item for routing: Pin on net '/Power/net_CC2' (connected: 1/2)
2026-09-25 22:17:42.455 DEBUG  Queuing item for routing: Pin on net '/Sensors & LORA/net_CH4_SIG' (connected: 4/5)
2026-09-25 22:17:42.455 DEBUG  Queuing item for routing: Pin on net '/Sensors & LORA/net_CH1_SIG' (connected: 4/5)
2026-09-25 22:17:42.455 DEBUG  Queuing item for routing: Pin on net '/Sensors & LORA/net_CH3_SIG' (connected: 4/5)
2026-09-25 22:17:42.455 DEBUG  Queuing item for routing: Pin on net '/Sensors & LORA/net_CH5_SIG' (connected: 4/5)
2026-09-25 22:17:42.455 DEBUG  Queuing item for routing: Pin on net '/Sensors & LORA/net_CH6_SIG' (connected: 4/5)
2026-09-25 22:17:42.455 DEBUG  Queuing item for routing: Pin on net '/Sensors & LORA/net_CH2_SIG' (connected: 4/5)
2026-09-25 22:17:42.455 DEBUG  Queuing item for routing: Pin on net '+12V' (connected: 1/14)
2026-09-25 22:17:42.455 DEBUG  Queuing item for routing: Pin on net '/Power/EF_FLT_N' (connected: 3/4)
2026-09-25 22:17:42.455 DEBUG  Queuing item for routing: Pin on net 'GND' (connected: 1/188)
2026-09-25 22:17:42.455 DEBUG  Queuing item for routing: Pin on net '12V_SW' (connected: 1/20)
2026-09-25 22:17:42.455 DEBUG  Queuing item for routing: Pin on net '/RS-485/net_ISO_RO' (connected: 1/3)
2026-09-25 22:17:42.455 DEBUG  Queuing item for routing: Pin on net 'ISO_GND' (connected: 1/28)
2026-09-25 22:17:42.455 DEBUG  Queuing item for routing: Pin on net '/Power/net_USB_VBUS' (connected: 1/5)
2026-09-25 22:17:42.455 DEBUG  Queuing item for routing: Pin on net '/RS-485/net_ISO_DI' (connected: 1/3)
2026-09-25 22:17:42.455 DEBUG  Queuing item for routing: Pin on net '/Sensors & LORA/net_LORA_RST' (connected: 1/3)
2026-09-25 22:17:42.455 DEBUG  Queuing item for routing: Pin on net '/Sensors & LORA/net_CH6_SIG' (connected: 1/5)
2026-09-25 22:17:42.455 DEBUG  Queuing item for routing: Pin on net '/Sensors & LORA/net_CH5_SIG' (connected: 1/5)
2026-09-25 22:17:42.455 DEBUG  Queuing item for routing: Pin on net '/Sensors & LORA/net_CH4_SIG' (connected: 1/5)
2026-09-25 22:17:42.455 DEBUG  Queuing item for routing: Pin on net '/Sensors & LORA/net_CH3_SIG' (connected: 1/5)
2026-09-25 22:17:42.455 DEBUG  Queuing item for routing: Pin on net '/Sensors & LORA/net_CH2_SIG' (connected: 1/5)
2026-09-25 22:17:42.456 DEBUG  Queuing item for routing: Pin on net '/Sensors & LORA/net_CH1_SIG' (connected: 1/5)
2026-09-25 22:17:42.456 DEBUG  Queuing item for routing: Pin on net '/RS-485/net_MAIN_B' (connected: 1/7)
2026-09-25 22:17:42.456 DEBUG  Queuing item for routing: Pin on net '/RS-485/net_MAIN_A' (connected: 1/9)
2026-09-25 22:17:42.456 DEBUG  Queuing item for routing: Pin on net '/MCU/net_BOOT' (connected: 1/3)
2026-09-25 22:17:42.456 DEBUG  Queuing item for routing: Pin on net '/RS-485/net_MAIN_A' (connected: 1/9)
2026-09-25 22:17:42.456 DEBUG  Queuing item for routing: Pin on net '+3V3' (connected: 1/60)
2026-09-25 22:17:42.456 DEBUG  Queuing item for routing: Pin on net '/MCU/LED_FAULT' (connected: 1/2)
2026-09-25 22:17:42.456 DEBUG  Queuing item for routing: Pin on net '/Sensors & LORA/net_LORA_RST' (connected: 1/3)
2026-09-25 22:17:42.456 DEBUG  Queuing item for routing: Pin on net '/Power/EF_SHDN' (connected: 1/2)
2026-09-25 22:17:42.456 DEBUG  Queuing item for routing: Pin on net 'Net-(D_PWR1-A)' (connected: 1/2)
2026-09-25 22:17:42.456 DEBUG  Queuing item for routing: Pin on net '/MCU/LED_PWR' (connected: 1/2)
2026-09-25 22:17:42.456 DEBUG  Queuing item for routing: Pin on net '/MCU/LED_LINK' (connected: 1/2)
2026-09-25 22:17:42.456 DEBUG  Queuing item for routing: Pin on net '+5V' (connected: 1/10)
2026-09-25 22:17:42.456 DEBUG  Queuing item for routing: Pin on net 'GND' (connected: 1/188)
2026-09-25 22:17:42.456 DEBUG  Queuing item for routing: Pin on net 'GND' (connected: 1/188)
2026-09-25 22:17:42.456 DEBUG  Queuing item for routing: Pin on net 'GND' (connected: 1/188)
2026-09-25 22:17:42.634 DEBUG  [43B33D\3757D3] Pass #1: 176 incompletes across 245 items to route
2026-09-25 22:17:42.634 DEBUG  [43B33D\3757D3]   Net 'ISO_GND' has 5 incomplete(s)
2026-09-25 22:17:42.634 DEBUG  [43B33D\3757D3]   Net 'GND' has 39 incomplete(s)
2026-09-25 22:17:42.634 DEBUG  [43B33D\3757D3]   Net '+5V' has 2 incomplete(s)
2026-09-25 22:17:42.635 DEBUG  [43B33D\3757D3]   Net '/Sensors & LORA/net_CH2_SIG' has 1 incomplete(s)
2026-09-25 22:17:42.635 DEBUG  [43B33D\3757D3]   Net 'SENSOR_CH2' has 1 incomplete(s)
2026-09-25 22:17:42.635 DEBUG  [43B33D\3757D3]   Net '/RS-485/net_MAIN_A' has 4 incomplete(s)
2026-09-25 22:17:42.635 DEBUG  [43B33D\3757D3]   Net '/RS-485/net_MAIN_B' has 4 incomplete(s)
2026-09-25 22:17:42.635 DEBUG  [43B33D\3757D3]   Net '/Sensors & LORA/net_CH1_SIG' has 1 incomplete(s)
2026-09-25 22:17:42.635 DEBUG  [43B33D\3757D3]   Net '/Sensors & LORA/net_CH3_SIG' has 1 incomplete(s)
2026-09-25 22:17:42.635 DEBUG  [43B33D\3757D3]   Net '/Sensors & LORA/net_CH4_SIG' has 1 incomplete(s)
2026-09-25 22:17:42.635 DEBUG  [43B33D\3757D3]   Net '/Sensors & LORA/net_CH5_SIG' has 1 incomplete(s)
2026-09-25 22:17:42.635 DEBUG  [43B33D\3757D3]   Net '/Sensors & LORA/net_CH6_SIG' has 1 incomplete(s)
2026-09-25 22:17:42.635 DEBUG  [43B33D\3757D3]   Net '/Power/EF_IMON' has 1 incomplete(s)
2026-09-25 22:17:42.635 DEBUG  [43B33D\3757D3]   Net '/Power/net_CC2' has 1 incomplete(s)
2026-09-25 22:17:42.635 DEBUG  [43B33D\3757D3]   Net '12V_SW' has 5 incomplete(s)
2026-09-25 22:17:42.635 DEBUG  [43B33D\3757D3]   Net '+12V' has 11 incomplete(s)
2026-09-25 22:17:42.635 DEBUG  [43B33D\3757D3]   Net '/RS-485/net_LOC_A_RAW' has 1 incomplete(s)
2026-09-25 22:17:42.635 DEBUG  [43B33D\3757D3]   Net 'SENSOR_CH6' has 1 incomplete(s)
2026-09-25 22:17:42.635 DEBUG  [43B33D\3757D3]   Net 'LORA_UART_TX' has 1 incomplete(s)
2026-09-25 22:17:42.635 DEBUG  [43B33D\3757D3]   Net 'LORA_UART_RX' has 1 incomplete(s)
2026-09-25 22:17:42.635 DEBUG  [43B33D\3757D3]   Net '/Sensors & LORA/net_LORA_RST' has 2 incomplete(s)
2026-09-25 22:17:42.635 DEBUG  [43B33D\3757D3]   Net '+3V3' has 17 incomplete(s)
2026-09-25 22:17:42.635 DEBUG  [43B33D\3757D3]   Net 'SENSOR_CH5' has 1 incomplete(s)
2026-09-25 22:17:42.635 DEBUG  [43B33D\3757D3]   Net 'ISO_5V' has 3 incomplete(s)
2026-09-25 22:17:42.635 DEBUG  [43B33D\3757D3]   Net '/MCU/LED_LINK' has 1 incomplete(s)
2026-09-25 22:17:42.635 DEBUG  [43B33D\3757D3]   Net 'SENSOR_CH3' has 1 incomplete(s)
2026-09-25 22:17:42.635 DEBUG  [43B33D\3757D3]   Net 'VIN_12V' has 3 incomplete(s)
2026-09-25 22:17:42.635 DEBUG  [43B33D\3757D3]   Net '/MCU/net_DEBUG_RX' has 1 incomplete(s)
2026-09-25 22:17:42.635 DEBUG  [43B33D\3757D3]   Net 'VALVE_SPI_CS' has 1 incomplete(s)
2026-09-25 22:17:42.635 DEBUG  [43B33D\3757D3]   Net 'VALVE_SPI_SCLK' has 1 incomplete(s)
2026-09-25 22:17:42.635 DEBUG  [43B33D\3757D3]   Net 'VALVE_SPI_MOSI' has 1 incomplete(s)
2026-09-25 22:17:42.635 DEBUG  [43B33D\3757D3]   Net 'VALVE_SPI_MISO' has 1 incomplete(s)
2026-09-25 22:17:42.635 DEBUG  [43B33D\3757D3]   Net '/Motor Valve/RELAY_CMD1' has 2 incomplete(s)
2026-09-25 22:17:42.635 DEBUG  [43B33D\3757D3]   Net '/Motor Valve/RELAY_CMD2' has 2 incomplete(s)
2026-09-25 22:17:42.635 DEBUG  [43B33D\3757D3]   Net '/Motor Valve/RELAY_CMD3' has 2 incomplete(s)
2026-09-25 22:17:42.635 DEBUG  [43B33D\3757D3]   Net '/Motor Valve/RELAY_CMD4' has 1 incomplete(s)
2026-09-25 22:17:42.635 DEBUG  [43B33D\3757D3]   Net '/Motor Valve/RELAY_CMD5' has 2 incomplete(s)
2026-09-25 22:17:42.635 DEBUG  [43B33D\3757D3]   Net '/Motor Valve/RELAY_CMD6' has 2 incomplete(s)
2026-09-25 22:17:42.635 DEBUG  [43B33D\3757D3]   Net '/Motor Valve/RELAY_CMD7' has 2 incomplete(s)
2026-09-25 22:17:42.635 DEBUG  [43B33D\3757D3]   Net '/Motor Valve/RELAY_CMD8' has 2 incomplete(s)
2026-09-25 22:17:42.635 DEBUG  [43B33D\3757D3]   Net '/Power/EF_DVDT' has 1 incomplete(s)
2026-09-25 22:17:42.635 DEBUG  [43B33D\3757D3]   Net '/Power/EF_RTN' has 11 incomplete(s)
2026-09-25 22:17:42.635 DEBUG  [43B33D\3757D3]   Net '/Power/DC_IN_RAW_P' has 1 incomplete(s)
2026-09-25 22:17:42.635 DEBUG  [43B33D\3757D3]   Net '/Power/EF_FLT_N' has 1 incomplete(s)
2026-09-25 22:17:42.635 DEBUG  [43B33D\3757D3]   Net 'SENSOR_CH4' has 1 incomplete(s)
2026-09-25 22:17:42.635 DEBUG  [43B33D\3757D3]   Net '/Power/net_CC1' has 1 incomplete(s)
2026-09-25 22:17:42.635 DEBUG  [43B33D\3757D3]   Net 'Net-(D_PWR1-A)' has 1 incomplete(s)
2026-09-25 22:17:42.635 DEBUG  [43B33D\3757D3]   Net '/RS-485/net_ISO_DI' has 2 incomplete(s)
2026-09-25 22:17:42.635 DEBUG  [43B33D\3757D3]   Net 'SENSOR_CH1' has 1 incomplete(s)
2026-09-25 22:17:42.635 DEBUG  [43B33D\3757D3]   Net '/RS-485/net_IN_A_RAW' has 1 incomplete(s)
2026-09-25 22:17:42.635 DEBUG  [43B33D\3757D3]   Net '/MCU/LED_PWR' has 1 incomplete(s)
2026-09-25 22:17:42.635 DEBUG  [43B33D\3757D3]   Net '/Power/net_USB_VBUS' has 2 incomplete(s)
2026-09-25 22:17:42.635 DEBUG  [43B33D\3757D3]   Net '/Power/EF_SHDN' has 1 incomplete(s)
2026-09-25 22:17:42.635 DEBUG  [43B33D\3757D3]   Net '/Power/EF_UVLO' has 1 incomplete(s)
2026-09-25 22:17:42.635 DEBUG  [43B33D\3757D3]   Net '/MCU/net_CHIP_EN' has 1 incomplete(s)
2026-09-25 22:17:42.635 DEBUG  [43B33D\3757D3]   Net 'RS485_TX' has 1 incomplete(s)
2026-09-25 22:17:42.635 DEBUG  [43B33D\3757D3]   Net 'RS485_RX' has 1 incomplete(s)
2026-09-25 22:17:42.635 DEBUG  [43B33D\3757D3]   Net 'net_USB_DP' has 1 incomplete(s)
2026-09-25 22:17:42.635 DEBUG  [43B33D\3757D3]   Net '/MCU/net_BOOT' has 2 incomplete(s)
2026-09-25 22:17:42.635 DEBUG  [43B33D\3757D3]   Net '/MCU/LED_FAULT' has 1 incomplete(s)
2026-09-25 22:17:42.635 DEBUG  [43B33D\3757D3]   Net 'RS485_DE' has 1 incomplete(s)
2026-09-25 22:17:42.635 DEBUG  [43B33D\3757D3]   Net '/Power/EF_OVP' has 1 incomplete(s)
2026-09-25 22:17:42.635 DEBUG  [43B33D\3757D3]   Net '/RS-485/net_ISO_RO' has 2 incomplete(s)
2026-09-25 22:17:42.635 DEBUG  [43B33D\3757D3]   Net '/Power/EF_ILIM' has 1 incomplete(s)
2026-09-25 22:17:42.635 DEBUG  [43B33D\3757D3]   Net '/Motor Valve/COIL_LOW1' has 1 incomplete(s)
2026-09-25 22:17:42.635 DEBUG  [43B33D\3757D3]   Net '/Motor Valve/COIL_LOW4' has 1 incomplete(s)
2026-09-25 22:17:42.635 DEBUG  [43B33D\3757D3]   Net '/Motor Valve/COIL_LOW2' has 1 incomplete(s)
2026-09-25 22:17:42.635 DEBUG  [43B33D\3757D3]   Net '/Motor Valve/COIL_LOW3' has 1 incomplete(s)
2026-09-25 22:17:42.635 DEBUG  [43B33D\3757D3]   Net '/Motor Valve/COIL_LOW8' has 1 incomplete(s)
2026-09-25 22:17:42.635 DEBUG  [43B33D\3757D3]   Net '/Motor Valve/COIL_LOW6' has 1 incomplete(s)
2026-09-25 22:17:42.635 DEBUG  [43B33D\3757D3]   Net '/Motor Valve/COIL_LOW7' has 1 incomplete(s)
2026-09-25 22:17:42.651 DEBUG  ShapeSearchTree45Degree.completeShape: non-IntOctagon contained shape, using bounding octagon approximation
2026-09-25 22:17:42.658 DEBUG  PolylineTrace.normalize: max normalization depth (16) reached for trace #6776 on net 108 — stopping recursion, trace kept as-is.
2026-09-25 22:17:42.667 DEBUG  PolylineTrace.normalize: max normalization depth (16) reached for trace #6843 on net 108 — stopping recursion, trace kept as-is.
2026-09-25 22:17:42.678 DEBUG  PolylineTrace.normalize: max normalization depth (16) reached for trace #6911 on net 108 — stopping recursion, trace kept as-is.
2026-09-25 22:17:42.743 DEBUG  ShapeSearchTree45Degree.completeShape: non-IntOctagon contained shape, using bounding octagon approximation
2026-09-25 22:17:42.744 DEBUG  ShapeSearchTree45Degree.completeShape: non-IntOctagon contained shape, using bounding octagon approximation
2026-09-25 22:17:42.744 DEBUG  ShapeSearchTree45Degree.completeShape: non-IntOctagon contained shape, using bounding octagon approximation
2026-09-25 22:17:42.744 DEBUG  ShapeSearchTree45Degree.completeShape: non-IntOctagon contained shape, using bounding octagon approximation
2026-09-25 22:17:42.748 DEBUG  PolylineTrace.normalize: max normalization depth (16) reached for trace #6950 on net 108 — stopping recursion, trace kept as-is.
2026-09-25 22:17:42.753 DEBUG  PolylineTrace.normalize: max normalization depth (16) reached for trace #6985 on net 108 — stopping recursion, trace kept as-is.
2026-09-25 22:17:42.854 DEBUG  FoundConnectionInserter: insert trace failed for net #159 at corner 12/55 on layer 0, trace width: 2500, from corner: 9, okPoint: (1082574,-1196002), target: (1043998,-1196002)
2026-09-25 22:17:42.879 DEBUG  [43B33D\3757D3] Autorouter Failed to route connection between pin of component #158 and pin #17 of component #167, because the new connection could not be inserted.
2026-09-25 22:17:42.978 DEBUG  FoundConnectionInserter: insert trace failed for net #161 at corner 10/56 on layer 0, trace width: 2500, from corner: 9, okPoint: (1069218,-1061742), target: (1086074,-1061742)
2026-09-25 22:17:43.003 DEBUG  [43B33D\3757D3] Autorouter Failed to route connection between pin of component #160 and pin #16 of component #167, because the new connection could not be inserted.
2026-09-25 22:17:43.090 DEBUG  FoundConnectionInserter: insert trace failed for net #163 at corner 24/24 on layer 0, trace width: 2500, from corner: 5, okPoint: (1067002,-1136440), target: (580000,-1180000)
2026-09-25 22:17:43.115 DEBUG  [43B33D\3757D3] Autorouter Failed to route connection between pin of component #162 and pin #15 of component #167, because the new connection could not be inserted.
2026-09-25 22:17:43.152 DEBUG  FoundConnectionInserter: insert trace failed for net #165 at corner 17/17 on layer 0, trace width: 2500, from corner: 14, okPoint: (1101198,-1062512), target: (1300000,-1180000)
2026-09-25 22:17:43.179 DEBUG  [43B33D\3757D3] Autorouter Failed to route connection between pin of component #164 and pin #12 of component #167, because the new connection could not be inserted.
2026-09-25 22:17:45.055 DEBUG  FoundConnectionInserter: insert trace failed for net #161 at corner 9/35 on layer 0, trace width: 2500, from corner: 4, okPoint: (388717,-1163991), target: (428700,-1163985)
2026-09-25 22:17:45.080 DEBUG  [43B33D\3757D3] Autorouter Failed to route connection between polylinetrace, pin #16 of component #167 and pin of component #160, because the new connection could not be inserted.
2026-09-25 22:17:45.202 DEBUG  FoundConnectionInserter: insert trace failed for net #159 at corner 19/19 on layer 0, trace width: 2500, from corner: 5, okPoint: (158054,-1202517), target: (1082574,-1196002)
2026-09-25 22:17:45.225 DEBUG  [43B33D\3757D3] Autorouter Failed to route connection between polylinetrace, pin #17 of component #167 and pin of component #158, because the new connection could not be inserted.
2026-09-25 22:17:49.840 DEBUG  [43B33D\3757D3] Autorouter Failed to route connection between pin of component #109 and pin #11 of component #135, because no connection was found between their nets.
2026-09-25 22:17:50.206 DEBUG  FoundConnectionInserter: insert trace failed for net #2 at corner 10/10 on layer 3, trace width: 1250, from corner: 6, okPoint: (1638752,-817002), target: (1652023,-849917)
2026-09-25 22:17:50.232 DEBUG  [43B33D\3757D3] Autorouter Failed to route connection between pin #8 of component #135 and polylinetrace, polylinetrace, polylinetrace, polylinetrace, polylinetrace, polylinetrace, polylinetrace, polylinetrace, polylinetrace, polylinetrace, polylinetrace, polylinetrace, polylinetrace, polylinetrace, polylinetrace, polylinetrace, polylinetrace, polylinetrace, polylinetrace, polylinetrace, polylinetrace, polylinetrace, polylinetrace, polylinetrace, polylinetrace, polylinetrace, polylinetrace, polylinetrace, polylinetrace, polylinetrace, polylinetrace, polylinetrace, polylinetrace, polylinetrace, polylinetrace, polylinetrace, polylinetrace, polylinetrace, polylinetrace, polylinetrace, polylinetrace, polylinetrace, polylinetrace, polylinetrace, polylinetrace, polylinetrace, polylinetrace, polylinetrace, polylinetrace, polylinetrace, polylinetrace, polylinetrace, polylinetrace, polylinetrace, polylinetrace, polylinetrace, polylinetrace, polylinetrace, polylinetrace, polylinetrace, polylinetrace, pin #8 of component #167, pin #1 of component #149, pin #7 of component #148, pin #5 of component #148, pin #4 of component #148, pin #3 of component #148, pin #1 of component #147, pin #1 of component #145, pin #1 of component #144, pin #1 of component #143, pin #1 of component #142, pin #1 of component #141, pin #1 of component #140, pin #1 of component #139, pin #1 of component #138, pin #1 of component #136, pin #4 of component #133, pin #3 of component #133, pin #2 of component #133, pin #1 of component #133, pin #19 of component #130, pin #18 of component #130, pin #17 of component #130, pin #16 of component #130, pin #15 of component #130, pin #8 of component #130, pin #7 of component #130, pin of component #130, pin #52 of component #129, pin #51 of component #129, pin #50 of component #129, pin #49 of component #129, pin #48 of component #129, pin #47 of component #129, pin #46 of component #129, pin #45 of component #129, pin #44 of component #129, pin #43 of component #129, pin #42 of component #129, pin #41 of component #129, pin #40 of component #129, pin #39 of component #129, pin of component #129, pin #1 of component #128, pin #1 of component #127, pin #1 of component #126, pin #1 of component #125, pin #1 of component #124, pin #1 of component #123, pin #1 of component #122, pin #1 of component #121, pin #1 of component #120, pin #1 of component #119, pin of component #117, pin of component #116, pin of component #115, pin #1 of component #113, pin #1 of component #112, pin #1 of component #111, pin #1 of component #108, pin #1 of component #107, pin #1 of component #106, pin #1 of component #105, pin #1 of component #104, pin #1 of component #103, pin #1 of component #102, pin #1 of component #101, pin #1 of component #100, pin #1 of component #99, pin #16 of component #98, pin #15 of component #98, pin #14 of component #98, pin #9 of component #98, pin #2 of component #97, pin #1 of component #96, pin of component #95, pin of component #92, pin of component #91, pin of component #90, pin of component #89, pin of component #88, pin of component #87, pin #27 of component #86, pin #22 of component #86, pin #17 of component #86, pin #16 of component #86, pin #10 of component #86, pin #1 of component #85, pin #1 of component #84, pin #1 of component #83, pin #1 of component #82, pin #1 of component #81, pin #1 of component #80, pin #1 of component #79, pin #1 of component #76, pin #1 of component #72, pin #1 of component #68, pin #1 of component #67, pin #1 of component #66, pin #1 of component #62, pin #1 of component #60, pin #1 of component #59, pin #1 of component #56, pin #1 of component #53, pin #1 of component #52, pin #1 of component #51, pin #1 of component #50, pin #1 of component #48, pin #1 of component #45, pin of component #40, pin #5 of component #29, pin #4 of component #29, pin #3 of component #29, pin #2 of component #29, pin #1 of component #29, pin of component #29, pin #1 of component #11, pin #1 of component #5, pin #1 of component #4, pin #1 of component #3, pin #1 of component #2, pin #1 of component #1, conductionarea, conductionarea, because the new connection could not be inserted.
2026-09-25 22:17:50.397 DEBUG  FoundConnectionInserter: insert trace failed for net #56 at corner 28/28 on layer 0, trace width: 4000, from corner: 9, okPoint: (1548812,-800059), target: (1530000,-859125)
2026-09-25 22:17:50.422 DEBUG  [43B33D\3757D3] Autorouter Failed to route connection between polylinetrace, polylinetrace, pin of component #126, pin of component #96, pin #1 of component #78, pin of component #69, pin of component #13 and polylinetrace, polylinetrace, polylinetrace, pin #1 of component #135, pin of component #135, pin of component #65, because the new connection could not be inserted.
2026-09-25 22:17:50.470 DEBUG  FoundConnectionInserter: insert trace failed for net #7 at corner 14/15 on layer 0, trace width: 1250, from corner: 13, okPoint: (1342989,-453032), target: (1363907,-453032)
2026-09-25 22:17:50.495 DEBUG  [43B33D\3757D3] Autorouter Failed to route connection between polylinetrace, pin #2 of component #94, pin #2 of component #93, pin #1 of component #57, pin #2 of component #25, pin of component #20 and pin #6 of component #134, because the new connection could not be inserted.
2026-09-25 22:17:53.104 DEBUG  FoundConnectionInserter: insert trace failed for net #97 at corner 22/22 on layer 0, trace width: 1250, from corner: 7, okPoint: (324998,-77177), target: (230000,-110000)
2026-09-25 22:17:53.130 DEBUG  [43B33D\3757D3] Autorouter Failed to route connection between pin #14 of component #130, pin #1 of component #130, pin of component #33 and pin #9 of component #130, pin #6 of component #130, because the new connection could not be inserted.
2026-09-25 22:17:53.195 DEBUG  FoundConnectionInserter: insert trace failed for net #87 at corner 9/9 on layer 0, trace width: 1250, from corner: 5, okPoint: (352745,-60537), target: (338056,-47060)
2026-09-25 22:17:53.219 DEBUG  [43B33D\3757D3] Autorouter Failed to route connection between pin of component #60 and pin #2 of component #130, because the new connection could not be inserted.
2026-09-25 22:18:00.199 DEBUG  FoundConnectionInserter: insert trace failed for net #116 at corner 17/17 on layer 0, trace width: 1250, from corner: 5, okPoint: (499235,-309500), target: (559125,-300000)
2026-09-25 22:18:00.230 DEBUG  [43B33D\3757D3] Autorouter Failed to route connection between polylinetrace, polylinetrace, polylinetrace, polylinetrace, via, via, pin #26 of component #129, pin #1 of component #24 and pin of component #120, because the new connection could not be inserted.
2026-09-25 22:18:08.208 DEBUG  FoundConnectionInserter: insert trace failed for net #80 at corner 10/15 on layer 0, trace width: 1250, from corner: 6, okPoint: (1054150,-969977), target: (1048411,-1001716)
2026-09-25 22:18:08.238 DEBUG  [43B33D\3757D3] Autorouter Failed to route connection between pin #6 of component #167 and polylinetrace, polylinetrace, polylinetrace, via, via, pin of component #144, pin #26 of component #98, because the new connection could not be inserted.
2026-09-25 22:18:20.639 DEBUG  FoundConnectionInserter: insert trace failed for net #100 at corner 3/4 on layer 0, trace width: 1250, from corner: 2, okPoint: (1542454,-799479), target: (1590604,-799479)
2026-09-25 22:18:20.670 DEBUG  [43B33D\3757D3] Autorouter Failed to route connection between pin #2 of component #135 and polylinetrace, polylinetrace, polylinetrace, pin #1 of component #65, pin of component #64, because the new connection could not be inserted.
2026-09-25 22:18:21.291 DEBUG  FoundConnectionInserter: insert trace failed for net #10 at corner 20/34 on layer 0, trace width: 1250, from corner: 19, okPoint: (331000,-739289), target: (330000,-739289)
2026-09-25 22:18:21.324 DEBUG  [43B33D\3757D3] Autorouter Failed to route connection between pin #2 of component #28 and polylinetrace, polylinetrace, pin of component #49, pin of component #14, because the new connection could not be inserted.
2026-09-25 22:18:21.539 DEBUG  FoundConnectionInserter: insert trace failed for net #4 at corner 27/27 on layer 0, trace width: 1250, from corner: 18, okPoint: (263648,-749786), target: (70000,-750800)
2026-09-25 22:18:21.571 DEBUG  [43B33D\3757D3] Autorouter Failed to route connection between pin #1 of component #28 and polylinetrace, polylinetrace, pin of component #44, pin of component #7, because the new connection could not be inserted.
2026-09-25 22:18:25.728 INFO   [43B33D\3757D3] Auto-routing pass #1 on board 'fc7704177ea29f0a614f1b15e3dcb0d7' was completed in 43.30 seconds with score 825.54 (63 unrouted and 47 violations), using 56.42 CPU seconds and the job allocated 379.15 GB of memory so far.
2026-09-25 22:18:26.502 DEBUG  Queuing item for routing: PolylineTrace on net 'net_USB_DP' (connected: 9/11)
2026-09-25 22:18:26.502 DEBUG  Queuing item for routing: PolylineTrace on net 'net_USB_DP' (connected: 2/11)
2026-09-25 22:18:26.502 DEBUG  Queuing item for routing: Pin on net '/Motor Valve/COIL_LOW1' (connected: 1/2)
2026-09-25 22:18:26.502 DEBUG  Queuing item for routing: Pin on net '/Motor Valve/COIL_LOW2' (connected: 1/2)
2026-09-25 22:18:26.502 DEBUG  Queuing item for routing: Pin on net '/Motor Valve/COIL_LOW5' (connected: 1/2)
2026-09-25 22:18:26.503 DEBUG  Queuing item for routing: Pin on net 'GND' (connected: 11/195)
2026-09-25 22:18:26.503 DEBUG  Queuing item for routing: Pin on net '/Motor Valve/RELAY_CMD7' (connected: 1/8)
2026-09-25 22:18:26.503 DEBUG  Queuing item for routing: Pin on net '/Motor Valve/RELAY_CMD3' (connected: 1/8)
2026-09-25 22:18:26.503 DEBUG  Queuing item for routing: Pin on net '/Motor Valve/RELAY_CMD2' (connected: 1/8)
2026-09-25 22:18:26.503 DEBUG  Queuing item for routing: Pin on net '/Motor Valve/RELAY_CMD1' (connected: 3/4)
2026-09-25 22:18:26.504 DEBUG  Queuing item for routing: Pin on net '/Motor Valve/COIL_LOW5' (connected: 1/2)
2026-09-25 22:18:26.504 DEBUG  Queuing item for routing: Pin on net '/Motor Valve/COIL_LOW2' (connected: 1/2)
2026-09-25 22:18:26.504 DEBUG  Queuing item for routing: Pin on net '/Motor Valve/COIL_LOW1' (connected: 1/2)
2026-09-25 22:18:26.514 DEBUG  Queuing item for routing: Pin on net 'ISO_GND' (connected: 1/28)
2026-09-25 22:18:26.514 DEBUG  Queuing item for routing: Pin on net 'GND' (connected: 15/195)
2026-09-25 22:18:26.514 DEBUG  Queuing item for routing: Pin on net 'RS485_RX' (connected: 3/6)
2026-09-25 22:18:26.514 DEBUG  Queuing item for routing: Pin on net 'RS485_DE' (connected: 4/5)
2026-09-25 22:18:26.514 DEBUG  Queuing item for routing: Pin on net 'RS485_TX' (connected: 3/6)
2026-09-25 22:18:26.514 DEBUG  Queuing item for routing: Pin on net 'ISO_GND' (connected: 3/28)
2026-09-25 22:18:26.514 DEBUG  Queuing item for routing: Pin on net 'GND' (connected: 3/195)
2026-09-25 22:18:26.514 DEBUG  Queuing item for routing: Pin on net 'GND' (connected: 5/195)
2026-09-25 22:18:26.514 DEBUG  Queuing item for routing: Pin on net '/Motor Valve/RELAY_CMD7' (connected: 7/8)
2026-09-25 22:18:26.515 DEBUG  Queuing item for routing: Pin on net '/Motor Valve/RELAY_CMD2' (connected: 7/8)
2026-09-25 22:18:26.515 DEBUG  Queuing item for routing: Pin on net '/Motor Valve/RELAY_CMD3' (connected: 7/8)
2026-09-25 22:18:26.515 DEBUG  Queuing item for routing: Pin on net '/Power/EF_RTN' (connected: 5/45)
2026-09-25 22:18:26.515 DEBUG  Queuing item for routing: Pin on net '/Power/EF_RTN' (connected: 39/45)
2026-09-25 22:18:26.516 DEBUG  Queuing item for routing: Pin on net 'GND' (connected: 1/195)
2026-09-25 22:18:26.516 DEBUG  Queuing item for routing: Pin on net '/Power/EF_UVLO' (connected: 1/6)
2026-09-25 22:18:26.516 DEBUG  Queuing item for routing: Pin on net 'VIN_12V' (connected: 11/18)
2026-09-25 22:18:26.516 DEBUG  Queuing item for routing: Pin on net '/RS-485/net_MAIN_B' (connected: 1/8)
2026-09-25 22:18:26.516 DEBUG  Queuing item for routing: Pin on net '/RS-485/net_MAIN_A' (connected: 6/12)
2026-09-25 22:18:26.516 DEBUG  Queuing item for routing: Pin on net 'ISO_GND' (connected: 8/28)
2026-09-25 22:18:26.519 DEBUG  Queuing item for routing: Pin on net 'ISO_GND' (connected: 1/28)
2026-09-25 22:18:26.519 DEBUG  Queuing item for routing: Pin on net '/Power/net_USB_VBUS' (connected: 2/6)
2026-09-25 22:18:26.519 DEBUG  Queuing item for routing: Pin on net '/Power/net_USB_VBUS' (connected: 4/6)
2026-09-25 22:18:26.519 DEBUG  Queuing item for routing: Pin on net 'GND' (connected: 6/195)
2026-09-25 22:18:26.519 DEBUG  Queuing item for routing: Pin on net 'SENSOR_CH1' (connected: 6/14)
2026-09-25 22:18:26.520 DEBUG  Queuing item for routing: Pin on net 'SENSOR_CH2' (connected: 15/18)
2026-09-25 22:18:26.520 DEBUG  Queuing item for routing: Pin on net 'RS485_DE' (connected: 1/5)
2026-09-25 22:18:26.520 DEBUG  Queuing item for routing: Pin on net '/MCU/net_BOOT' (connected: 4/8)
2026-09-25 22:18:26.520 DEBUG  Queuing item for routing: Pin on net 'VALVE_SPI_MISO' (connected: 4/7)
2026-09-25 22:18:26.521 DEBUG  Queuing item for routing: Pin on net 'RS485_RX' (connected: 3/6)
2026-09-25 22:18:26.521 DEBUG  Queuing item for routing: Pin on net 'RS485_TX' (connected: 3/6)
2026-09-25 22:18:26.522 DEBUG  Queuing item for routing: Pin on net 'VIN_12V' (connected: 7/18)
2026-09-25 22:18:26.522 DEBUG  Queuing item for routing: Pin on net 'GND' (connected: 1/195)
2026-09-25 22:18:26.522 DEBUG  Queuing item for routing: Pin on net 'GND' (connected: 1/195)
2026-09-25 22:18:26.522 DEBUG  Queuing item for routing: Pin on net 'GND' (connected: 5/195)
2026-09-25 22:18:26.522 DEBUG  Queuing item for routing: Pin on net '/MCU/net_BOOT' (connected: 4/8)
2026-09-25 22:18:26.522 DEBUG  Queuing item for routing: Pin on net 'GND' (connected: 4/195)
2026-09-25 22:18:26.522 DEBUG  Queuing item for routing: Pin on net 'GND' (connected: 3/195)
2026-09-25 22:18:26.522 DEBUG  Queuing item for routing: Pin on net 'GND' (connected: 9/195)
2026-09-25 22:18:26.522 DEBUG  Queuing item for routing: Pin on net 'GND' (connected: 1/195)
2026-09-25 22:18:26.522 DEBUG  Queuing item for routing: Pin on net 'GND' (connected: 1/195)
2026-09-25 22:18:26.523 DEBUG  Queuing item for routing: Pin on net 'GND' (connected: 5/195)
2026-09-25 22:18:26.523 DEBUG  Queuing item for routing: Pin on net 'GND' (connected: 3/195)
2026-09-25 22:18:26.523 DEBUG  Queuing item for routing: Pin on net 'GND' (connected: 5/195)
2026-09-25 22:18:26.523 DEBUG  Queuing item for routing: Pin on net '/Motor Valve/RELAY_CMD1' (connected: 1/4)
2026-09-25 22:18:26.523 DEBUG  Queuing item for routing: Pin on net 'GND' (connected: 5/195)
2026-09-25 22:18:26.523 DEBUG  Queuing item for routing: Pin on net 'VALVE_SPI_MISO' (connected: 3/7)
2026-09-25 22:18:26.523 DEBUG  Queuing item for routing: Pin on net 'GND' (connected: 1/195)
2026-09-25 22:18:26.523 DEBUG  Queuing item for routing: Pin on net '/RS-485/net_MAIN_B' (connected: 3/8)
2026-09-25 22:18:26.523 DEBUG  Queuing item for routing: Pin on net '/RS-485/net_MAIN_A' (connected: 6/12)
2026-09-25 22:18:26.523 DEBUG  Queuing item for routing: Pin on net 'GND' (connected: 1/195)
2026-09-25 22:18:26.523 DEBUG  Queuing item for routing: Pin on net 'SENSOR_CH1' (connected: 3/14)
2026-09-25 22:18:26.523 DEBUG  Queuing item for routing: Pin on net 'GND' (connected: 1/195)
2026-09-25 22:18:26.523 DEBUG  Queuing item for routing: Pin on net 'GND' (connected: 1/195)
2026-09-25 22:18:26.523 DEBUG  Queuing item for routing: Pin on net 'GND' (connected: 1/195)
2026-09-25 22:18:26.523 DEBUG  Queuing item for routing: Pin on net 'GND' (connected: 1/195)
2026-09-25 22:18:26.523 DEBUG  Queuing item for routing: Pin on net 'SENSOR_CH2' (connected: 3/18)
2026-09-25 22:18:26.523 DEBUG  Queuing item for routing: Pin on net 'GND' (connected: 1/195)
2026-09-25 22:18:26.524 DEBUG  Queuing item for routing: Pin on net 'GND' (connected: 3/195)
2026-09-25 22:18:26.524 DEBUG  Queuing item for routing: Pin on net 'GND' (connected: 3/195)
2026-09-25 22:18:26.524 DEBUG  Queuing item for routing: Pin on net 'GND' (connected: 3/195)
2026-09-25 22:18:26.524 DEBUG  Queuing item for routing: Pin on net 'GND' (connected: 7/195)
2026-09-25 22:18:26.524 DEBUG  Queuing item for routing: Pin on net 'SENSOR_CH1' (connected: 5/14)
2026-09-25 22:18:26.524 DEBUG  Queuing item for routing: Pin on net 'GND' (connected: 3/195)
2026-09-25 22:18:26.524 DEBUG  Queuing item for routing: Pin on net 'GND' (connected: 3/195)
2026-09-25 22:18:26.525 DEBUG  Queuing item for routing: Pin on net '/Power/EF_UVLO' (connected: 5/6)
2026-09-25 22:18:26.525 DEBUG  Queuing item for routing: Pin on net '/Power/EF_RTN' (connected: 1/45)
2026-09-25 22:18:26.525 DEBUG  Queuing item for routing: Pin on net '/RS-485/net_MAIN_B' (connected: 3/8)
2026-09-25 22:18:26.525 DEBUG  Queuing item for routing: Pin on net 'ISO_GND' (connected: 1/28)
2026-09-25 22:18:26.525 DEBUG  Queuing item for routing: Pin on net '/RS-485/net_MAIN_B' (connected: 1/8)
2026-09-25 22:18:26.525 DEBUG  Queuing item for routing: Pin on net 'GND' (connected: 1/195)
2026-09-25 22:18:26.526 DEBUG  Queuing item for routing: Pin on net 'GND' (connected: 1/195)
2026-09-25 22:18:26.799 DEBUG  [43B33D\3757D3] Pass #2: 63 incompletes across 84 items to route
2026-09-25 22:18:26.799 DEBUG  [43B33D\3757D3]   Net 'ISO_GND' has 5 incomplete(s)
2026-09-25 22:18:26.799 DEBUG  [43B33D\3757D3]   Net 'GND' has 33 incomplete(s)
2026-09-25 22:18:26.799 DEBUG  [43B33D\3757D3]   Net 'SENSOR_CH2' has 1 incomplete(s)
2026-09-25 22:18:26.799 DEBUG  [43B33D\3757D3]   Net '/RS-485/net_MAIN_A' has 1 incomplete(s)
2026-09-25 22:18:26.799 DEBUG  [43B33D\3757D3]   Net '/RS-485/net_MAIN_B' has 3 incomplete(s)
2026-09-25 22:18:26.799 DEBUG  [43B33D\3757D3]   Net 'VIN_12V' has 1 incomplete(s)
2026-09-25 22:18:26.799 DEBUG  [43B33D\3757D3]   Net 'VALVE_SPI_MISO' has 1 incomplete(s)
2026-09-25 22:18:26.799 DEBUG  [43B33D\3757D3]   Net '/Motor Valve/RELAY_CMD1' has 1 incomplete(s)
2026-09-25 22:18:26.799 DEBUG  [43B33D\3757D3]   Net '/Motor Valve/RELAY_CMD2' has 1 incomplete(s)
2026-09-25 22:18:26.799 DEBUG  [43B33D\3757D3]   Net '/Motor Valve/RELAY_CMD3' has 1 incomplete(s)
2026-09-25 22:18:26.799 DEBUG  [43B33D\3757D3]   Net '/Motor Valve/RELAY_CMD7' has 1 incomplete(s)
2026-09-25 22:18:26.799 DEBUG  [43B33D\3757D3]   Net '/Power/EF_RTN' has 2 incomplete(s)
2026-09-25 22:18:26.799 DEBUG  [43B33D\3757D3]   Net 'SENSOR_CH1' has 2 incomplete(s)
2026-09-25 22:18:26.799 DEBUG  [43B33D\3757D3]   Net '/Power/net_USB_VBUS' has 1 incomplete(s)
2026-09-25 22:18:26.799 DEBUG  [43B33D\3757D3]   Net '/Power/EF_UVLO' has 1 incomplete(s)
2026-09-25 22:18:26.799 DEBUG  [43B33D\3757D3]   Net 'RS485_TX' has 1 incomplete(s)
2026-09-25 22:18:26.799 DEBUG  [43B33D\3757D3]   Net 'RS485_RX' has 1 incomplete(s)
2026-09-25 22:18:26.799 DEBUG  [43B33D\3757D3]   Net 'net_USB_DP' has 1 incomplete(s)
2026-09-25 22:18:26.799 DEBUG  [43B33D\3757D3]   Net '/MCU/net_BOOT' has 1 incomplete(s)
2026-09-25 22:18:26.799 DEBUG  [43B33D\3757D3]   Net 'RS485_DE' has 1 incomplete(s)
2026-09-25 22:18:26.799 DEBUG  [43B33D\3757D3]   Net '/Motor Valve/COIL_LOW1' has 1 incomplete(s)
2026-09-25 22:18:26.799 DEBUG  [43B33D\3757D3]   Net '/Motor Valve/COIL_LOW2' has 1 incomplete(s)
2026-09-25 22:18:26.799 DEBUG  [43B33D\3757D3]   Net '/Motor Valve/COIL_LOW5' has 1 incomplete(s)
2026-09-25 22:18:26.820 DEBUG  ShapeSearchTree45Degree.completeShape: non-IntOctagon contained shape, using bounding octagon approximation
2026-09-25 22:18:26.826 DEBUG  PolylineTrace.normalize: max normalization depth (16) reached for trace #37012 on net 108 — stopping recursion, trace kept as-is.
2026-09-25 22:18:26.835 DEBUG  PolylineTrace.normalize: max normalization depth (16) reached for trace #37079 on net 108 — stopping recursion, trace kept as-is.
2026-09-25 22:18:26.845 DEBUG  PolylineTrace.normalize: max normalization depth (16) reached for trace #37147 on net 108 — stopping recursion, trace kept as-is.
2026-09-25 22:18:26.937 DEBUG  ShapeSearchTree45Degree.completeShape: non-IntOctagon contained shape, using bounding octagon approximation
2026-09-25 22:18:26.937 DEBUG  ShapeSearchTree45Degree.completeShape: non-IntOctagon contained shape, using bounding octagon approximation
2026-09-25 22:18:26.938 DEBUG  ShapeSearchTree45Degree.completeShape: non-IntOctagon contained shape, using bounding octagon approximation
2026-09-25 22:18:26.938 DEBUG  ShapeSearchTree45Degree.completeShape: non-IntOctagon contained shape, using bounding octagon approximation
2026-09-25 22:18:26.942 DEBUG  PolylineTrace.normalize: max normalization depth (16) reached for trace #37186 on net 108 — stopping recursion, trace kept as-is.
2026-09-25 22:18:26.947 DEBUG  PolylineTrace.normalize: max normalization depth (16) reached for trace #37221 on net 108 — stopping recursion, trace kept as-is.
2026-09-25 22:18:28.804 DEBUG  FoundConnectionInserter: insert trace failed for net #74 at corner 18/18 on layer 0, trace width: 1250, from corner: 6, okPoint: (1061744,-950990), target: (1064430,-927987)
2026-09-25 22:18:28.837 DEBUG  [43B33D\3757D3] Autorouter Failed to route connection between pin of component #138, pin #20 of component #98 and pin of component #167, because the new connection could not be inserted.
2026-09-25 22:18:33.773 DEBUG  FoundConnectionInserter: insert trace failed for net #76 at corner 8/8 on layer 0, trace width: 1250, from corner: 3, okPoint: (1051055,-968373), target: (1055400,-983500)
2026-09-25 22:18:33.805 DEBUG  [43B33D\3757D3] Autorouter Failed to route connection between pin #2 of component #167 and polylinetrace, polylinetrace, via, via, polylinetrace, pin of component #139, pin #22 of component #98, because the new connection could not be inserted.
2026-09-25 22:18:35.450 DEBUG  FoundConnectionInserter: via placement blocked by clearance/shove limits for net #97
2026-09-25 22:18:35.492 DEBUG  [43B33D\3757D3] Autorouter Failed to route connection between polylinetrace, pin #9 of component #130, pin #6 of component #130, pin of component #33 and pin #14 of component #130, pin #1 of component #130, because the new connection could not be inserted.
2026-09-25 22:18:40.233 DEBUG  FoundConnectionInserter: insert trace failed for net #2 at corner 7/17 on layer 0, trace width: 1250, from corner: 6, okPoint: (788898,-251404), target: (770514,-251404)
2026-09-25 22:18:40.265 DEBUG  [43B33D\3757D3] Autorouter Failed to route connection between polylinetrace, polylinetrace, pin #1 of component #119, pin #1 of component #105 and polylinetrace, polylinetrace, polylinetrace, polylinetrace, polylinetrace, polylinetrace, polylinetrace, polylinetrace, polylinetrace, polylinetrace, polylinetrace, polylinetrace, polylinetrace, polylinetrace, polylinetrace, polylinetrace, polylinetrace, polylinetrace, polylinetrace, polylinetrace, polylinetrace, polylinetrace, polylinetrace, polylinetrace, polylinetrace, polylinetrace, polylinetrace, polylinetrace, polylinetrace, polylinetrace, polylinetrace, polylinetrace, polylinetrace, polylinetrace, polylinetrace, polylinetrace, polylinetrace, polylinetrace, polylinetrace, polylinetrace, polylinetrace, polylinetrace, polylinetrace, polylinetrace, polylinetrace, polylinetrace, polylinetrace, polylinetrace, polylinetrace, polylinetrace, polylinetrace, polylinetrace, polylinetrace, polylinetrace, polylinetrace, polylinetrace, polylinetrace, polylinetrace, polylinetrace, polylinetrace, polylinetrace, polylinetrace, polylinetrace, polylinetrace, polylinetrace, polylinetrace, polylinetrace, polylinetrace, polylinetrace, polylinetrace, polylinetrace, polylinetrace, polylinetrace, polylinetrace, polylinetrace, polylinetrace, polylinetrace, polylinetrace, polylinetrace, polylinetrace, polylinetrace, polylinetrace, polylinetrace, polylinetrace, polylinetrace, polylinetrace, polylinetrace, polylinetrace, polylinetrace, polylinetrace, pin #8 of component #167, pin #1 of component #149, pin #7 of component #148, pin #5 of component #148, pin #4 of component #148, pin #3 of component #148, pin #1 of component #147, pin #1 of component #145, pin #1 of component #144, pin #1 of component #143, pin #1 of component #142, pin #1 of component #141, pin #1 of component #140, pin #1 of component #139, pin #1 of component #138, pin #1 of component #136, pin #8 of component #135, pin #4 of component #133, pin #3 of component #133, pin #2 of component #133, pin #1 of component #133, pin #19 of component #130, pin #18 of component #130, pin #17 of component #130, pin #16 of component #130, pin #15 of component #130, pin #8 of component #130, pin #7 of component #130, pin of component #130, pin #52 of component #129, pin #51 of component #129, pin #50 of component #129, pin #49 of component #129, pin #48 of component #129, pin #47 of component #129, pin #46 of component #129, pin #45 of component #129, pin #44 of component #129, pin #43 of component #129, pin #42 of component #129, pin #41 of component #129, pin #40 of component #129, pin #39 of component #129, pin of component #129, pin #1 of component #128, pin #1 of component #127, pin #1 of component #126, pin #1 of component #125, pin #1 of component #124, pin #1 of component #123, pin #1 of component #122, pin #1 of component #121, pin #1 of component #120, pin of component #117, pin of component #116, pin of component #115, pin #1 of component #113, pin #1 of component #112, pin #1 of component #111, pin #1 of component #108, pin #1 of component #107, pin #1 of component #106, pin #1 of component #104, pin #1 of component #103, pin #1 of component #102, pin #1 of component #101, pin #1 of component #100, pin #1 of component #99, pin #16 of component #98, pin #15 of component #98, pin #14 of component #98, pin #9 of component #98, pin #2 of component #97, pin #1 of component #96, pin of component #95, pin of component #92, pin of component #91, pin of component #90, pin of component #89, pin of component #88, pin of component #87, pin #27 of component #86, pin #22 of component #86, pin #17 of component #86, pin #16 of component #86, pin #10 of component #86, pin #1 of component #85, pin #1 of component #84, pin #1 of component #83, pin #1 of component #82, pin #1 of component #81, pin #1 of component #80, pin #1 of component #79, pin #1 of component #76, pin #1 of component #72, pin #1 of component #68, pin #1 of component #67, pin #1 of component #66, pin #1 of component #62, pin #1 of component #60, pin #1 of component #59, pin #1 of component #56, pin #1 of component #53, pin #1 of component #52, pin #1 of component #51, pin #1 of component #50, pin #1 of component #48, pin #1 of component #45, pin of component #40, pin #5 of component #29, pin #4 of component #29, pin #3 of component #29, pin #2 of component #29, pin #1 of component #29, pin of component #29, pin #1 of component #11, pin #1 of component #5, pin #1 of component #4, pin #1 of component #3, pin #1 of component #2, pin #1 of component #1, conductionarea, conductionarea, because the new connection could not be inserted.
2026-09-25 22:18:45.456 DEBUG  FoundConnectionInserter: insert trace failed for net #74 at corner 36/36 on layer 0, trace width: 1250, from corner: 35, okPoint: (1074606,-947136), target: (1078460,-950990)
2026-09-25 22:18:45.490 DEBUG  [43B33D\3757D3] Autorouter Failed to route connection between polylinetrace, pin of component #167, pin of component #138 and pin #20 of component #98, because the new connection could not be inserted.
2026-09-25 22:18:52.760 DEBUG  TraceTightener.is_stop_requested: time limit exceeded
2026-09-25 22:18:57.430 INFO   [43B33D\3757D3] Auto-routing pass #2 on board '34351980a8e42c5ced3ba06985b2fb56' was completed in 30.93 seconds with score 871.32 (44 unrouted and 47 violations), using 87.64 CPU seconds and the job allocated 596.94 GB of memory so far.
2026-09-25 22:18:58.039 DEBUG  Queuing item for routing: PolylineTrace on net 'net_USB_DP' (connected: 9/11)
2026-09-25 22:18:58.039 DEBUG  Queuing item for routing: PolylineTrace on net 'net_USB_DP' (connected: 2/11)
2026-09-25 22:18:58.040 DEBUG  Queuing item for routing: Pin on net 'GND' (connected: 11/197)
2026-09-25 22:18:58.040 DEBUG  Queuing item for routing: Pin on net '/Motor Valve/RELAY_CMD3' (connected: 1/8)
2026-09-25 22:18:58.040 DEBUG  Queuing item for routing: Pin on net '/Motor Valve/RELAY_CMD2' (connected: 1/8)
2026-09-25 22:18:58.040 DEBUG  Queuing item for routing: Pin on net '/Motor Valve/RELAY_CMD1' (connected: 1/3)
2026-09-25 22:18:58.051 DEBUG  Queuing item for routing: Pin on net 'ISO_GND' (connected: 1/30)
2026-09-25 22:18:58.051 DEBUG  Queuing item for routing: Pin on net 'GND' (connected: 15/197)
2026-09-25 22:18:58.051 DEBUG  Queuing item for routing: Pin on net 'ISO_GND' (connected: 3/30)
2026-09-25 22:18:58.051 DEBUG  Queuing item for routing: Pin on net 'GND' (connected: 3/197)
2026-09-25 22:18:58.051 DEBUG  Queuing item for routing: Pin on net 'GND' (connected: 5/197)
2026-09-25 22:18:58.051 DEBUG  Queuing item for routing: Pin on net '/Motor Valve/RELAY_CMD2' (connected: 7/8)
2026-09-25 22:18:58.051 DEBUG  Queuing item for routing: Pin on net '/Motor Valve/RELAY_CMD3' (connected: 7/8)
2026-09-25 22:18:58.051 DEBUG  Queuing item for routing: Pin on net '/Motor Valve/RELAY_CMD1' (connected: 1/3)
2026-09-25 22:18:58.053 DEBUG  Queuing item for routing: Pin on net 'GND' (connected: 1/197)
2026-09-25 22:18:58.053 DEBUG  Queuing item for routing: Pin on net '/RS-485/net_MAIN_A' (connected: 1/12)
2026-09-25 22:18:58.053 DEBUG  Queuing item for routing: Pin on net 'ISO_GND' (connected: 11/30)
2026-09-25 22:18:58.056 DEBUG  Queuing item for routing: Pin on net 'ISO_GND' (connected: 1/30)
2026-09-25 22:18:58.057 DEBUG  Queuing item for routing: Pin on net 'GND' (connected: 6/197)
2026-09-25 22:18:58.057 DEBUG  Queuing item for routing: Pin on net '/MCU/net_DEBUG_RX' (connected: 1/2)
2026-09-25 22:18:58.059 DEBUG  Queuing item for routing: Pin on net 'GND' (connected: 1/197)
2026-09-25 22:18:58.059 DEBUG  Queuing item for routing: Pin on net 'GND' (connected: 1/197)
2026-09-25 22:18:58.059 DEBUG  Queuing item for routing: Pin on net 'GND' (connected: 5/197)
2026-09-25 22:18:58.059 DEBUG  Queuing item for routing: Pin on net 'GND' (connected: 4/197)
2026-09-25 22:18:58.059 DEBUG  Queuing item for routing: Pin on net 'GND' (connected: 3/197)
2026-09-25 22:18:58.059 DEBUG  Queuing item for routing: Pin on net 'GND' (connected: 11/197)
2026-09-25 22:18:58.059 DEBUG  Queuing item for routing: Pin on net 'GND' (connected: 1/197)
2026-09-25 22:18:58.059 DEBUG  Queuing item for routing: Pin on net 'GND' (connected: 1/197)
2026-09-25 22:18:58.060 DEBUG  Queuing item for routing: Pin on net 'GND' (connected: 5/197)
2026-09-25 22:18:58.060 DEBUG  Queuing item for routing: Pin on net 'GND' (connected: 3/197)
2026-09-25 22:18:58.060 DEBUG  Queuing item for routing: Pin on net 'GND' (connected: 5/197)
2026-09-25 22:18:58.060 DEBUG  Queuing item for routing: Pin on net '/Motor Valve/RELAY_CMD1' (connected: 1/3)
2026-09-25 22:18:58.060 DEBUG  Queuing item for routing: Pin on net 'GND' (connected: 5/197)
2026-09-25 22:18:58.060 DEBUG  Queuing item for routing: Pin on net '/MCU/net_DEBUG_RX' (connected: 1/2)
2026-09-25 22:18:58.060 DEBUG  Queuing item for routing: Pin on net 'GND' (connected: 1/197)
2026-09-25 22:18:58.060 DEBUG  Queuing item for routing: Pin on net '/RS-485/net_MAIN_A' (connected: 11/12)
2026-09-25 22:18:58.060 DEBUG  Queuing item for routing: Pin on net 'GND' (connected: 1/197)
2026-09-25 22:18:58.060 DEBUG  Queuing item for routing: Pin on net 'GND' (connected: 1/197)
2026-09-25 22:18:58.060 DEBUG  Queuing item for routing: Pin on net 'GND' (connected: 1/197)
2026-09-25 22:18:58.060 DEBUG  Queuing item for routing: Pin on net 'GND' (connected: 1/197)
2026-09-25 22:18:58.060 DEBUG  Queuing item for routing: Pin on net 'GND' (connected: 1/197)
2026-09-25 22:18:58.060 DEBUG  Queuing item for routing: Pin on net 'GND' (connected: 1/197)
2026-09-25 22:18:58.060 DEBUG  Queuing item for routing: Pin on net 'GND' (connected: 3/197)
2026-09-25 22:18:58.061 DEBUG  Queuing item for routing: Pin on net 'GND' (connected: 3/197)
2026-09-25 22:18:58.061 DEBUG  Queuing item for routing: Pin on net 'GND' (connected: 3/197)
2026-09-25 22:18:58.061 DEBUG  Queuing item for routing: Pin on net 'GND' (connected: 7/197)
2026-09-25 22:18:58.061 DEBUG  Queuing item for routing: Pin on net 'GND' (connected: 3/197)
2026-09-25 22:18:58.061 DEBUG  Queuing item for routing: Pin on net 'GND' (connected: 3/197)
2026-09-25 22:18:58.062 DEBUG  Queuing item for routing: Pin on net 'GND' (connected: 1/197)
2026-09-25 22:18:58.062 DEBUG  Queuing item for routing: Pin on net 'GND' (connected: 1/197)
2026-09-25 22:18:58.348 DEBUG  [43B33D\3757D3] Pass #3: 44 incompletes across 50 items to route
2026-09-25 22:18:58.348 DEBUG  [43B33D\3757D3]   Net 'ISO_GND' has 4 incomplete(s)
2026-09-25 22:18:58.348 DEBUG  [43B33D\3757D3]   Net 'GND' has 33 incomplete(s)
2026-09-25 22:18:58.348 DEBUG  [43B33D\3757D3]   Net '/RS-485/net_MAIN_A' has 1 incomplete(s)
2026-09-25 22:18:58.348 DEBUG  [43B33D\3757D3]   Net '/MCU/net_DEBUG_RX' has 1 incomplete(s)
2026-09-25 22:18:58.348 DEBUG  [43B33D\3757D3]   Net '/Motor Valve/RELAY_CMD1' has 2 incomplete(s)
2026-09-25 22:18:58.348 DEBUG  [43B33D\3757D3]   Net '/Motor Valve/RELAY_CMD2' has 1 incomplete(s)
2026-09-25 22:18:58.348 DEBUG  [43B33D\3757D3]   Net '/Motor Valve/RELAY_CMD3' has 1 incomplete(s)
2026-09-25 22:18:58.348 DEBUG  [43B33D\3757D3]   Net 'net_USB_DP' has 1 incomplete(s)
2026-09-25 22:18:58.369 DEBUG  ShapeSearchTree45Degree.completeShape: non-IntOctagon contained shape, using bounding octagon approximation
2026-09-25 22:18:58.375 DEBUG  PolylineTrace.normalize: max normalization depth (16) reached for trace #49950 on net 108 — stopping recursion, trace kept as-is.
2026-09-25 22:18:58.382 DEBUG  PolylineTrace.normalize: max normalization depth (16) reached for trace #50017 on net 108 — stopping recursion, trace kept as-is.
2026-09-25 22:18:58.390 DEBUG  PolylineTrace.normalize: max normalization depth (16) reached for trace #50085 on net 108 — stopping recursion, trace kept as-is.
2026-09-25 22:18:58.477 DEBUG  ShapeSearchTree45Degree.completeShape: non-IntOctagon contained shape, using bounding octagon approximation
2026-09-25 22:18:58.477 DEBUG  ShapeSearchTree45Degree.completeShape: non-IntOctagon contained shape, using bounding octagon approximation
2026-09-25 22:18:58.478 DEBUG  ShapeSearchTree45Degree.completeShape: non-IntOctagon contained shape, using bounding octagon approximation
2026-09-25 22:18:58.478 DEBUG  ShapeSearchTree45Degree.completeShape: non-IntOctagon contained shape, using bounding octagon approximation
2026-09-25 22:18:58.481 DEBUG  PolylineTrace.normalize: max normalization depth (16) reached for trace #50124 on net 108 — stopping recursion, trace kept as-is.
2026-09-25 22:18:58.485 DEBUG  PolylineTrace.normalize: max normalization depth (16) reached for trace #50159 on net 108 — stopping recursion, trace kept as-is.
2026-09-25 22:19:03.728 DEBUG  FoundConnectionInserter: insert trace failed for net #74 at corner 37/51 on layer 0, trace width: 1250, from corner: 36, okPoint: (1098325,-848467), target: (1085395,-848467)
2026-09-25 22:19:03.765 DEBUG  [43B33D\3757D3] Autorouter Failed to route connection between pin #20 of component #98 and polylinetrace, pin of component #167, pin of component #138, because the new connection could not be inserted.
2026-09-25 22:19:07.989 DEBUG  TraceTightener.is_stop_requested: time limit exceeded
2026-09-25 22:19:08.743 DEBUG  FoundConnectionInserter: insert trace failed for net #2 at corner 7/17 on layer 0, trace width: 1250, from corner: 6, okPoint: (788898,-251404), target: (770514,-251404)
2026-09-25 22:19:08.780 DEBUG  [43B33D\3757D3] Autorouter Failed to route connection between polylinetrace, polylinetrace, pin #1 of component #119, pin #1 of component #105 and polylinetrace, polylinetrace, polylinetrace, polylinetrace, polylinetrace, polylinetrace, polylinetrace, polylinetrace, polylinetrace, polylinetrace, polylinetrace, polylinetrace, polylinetrace, polylinetrace, polylinetrace, polylinetrace, polylinetrace, polylinetrace, polylinetrace, polylinetrace, polylinetrace, polylinetrace, polylinetrace, polylinetrace, polylinetrace, polylinetrace, polylinetrace, polylinetrace, polylinetrace, polylinetrace, polylinetrace, polylinetrace, polylinetrace, polylinetrace, polylinetrace, polylinetrace, polylinetrace, polylinetrace, polylinetrace, polylinetrace, polylinetrace, polylinetrace, polylinetrace, polylinetrace, polylinetrace, polylinetrace, polylinetrace, polylinetrace, polylinetrace, polylinetrace, polylinetrace, polylinetrace, polylinetrace, polylinetrace, polylinetrace, polylinetrace, polylinetrace, polylinetrace, polylinetrace, polylinetrace, polylinetrace, polylinetrace, polylinetrace, polylinetrace, polylinetrace, polylinetrace, polylinetrace, polylinetrace, polylinetrace, polylinetrace, polylinetrace, polylinetrace, polylinetrace, polylinetrace, polylinetrace, polylinetrace, polylinetrace, polylinetrace, polylinetrace, polylinetrace, polylinetrace, polylinetrace, polylinetrace, polylinetrace, polylinetrace, polylinetrace, polylinetrace, polylinetrace, polylinetrace, polylinetrace, polylinetrace, pin #8 of component #167, pin #1 of component #149, pin #7 of component #148, pin #5 of component #148, pin #4 of component #148, pin #3 of component #148, pin #1 of component #147, pin #1 of component #145, pin #1 of component #144, pin #1 of component #143, pin #1 of component #142, pin #1 of component #141, pin #1 of component #140, pin #1 of component #139, pin #1 of component #138, pin #1 of component #136, pin #8 of component #135, pin #4 of component #133, pin #3 of component #133, pin #2 of component #133, pin #1 of component #133, pin #19 of component #130, pin #18 of component #130, pin #17 of component #130, pin #16 of component #130, pin #15 of component #130, pin #8 of component #130, pin #7 of component #130, pin of component #130, pin #52 of component #129, pin #51 of component #129, pin #50 of component #129, pin #49 of component #129, pin #48 of component #129, pin #47 of component #129, pin #46 of component #129, pin #45 of component #129, pin #44 of component #129, pin #43 of component #129, pin #42 of component #129, pin #41 of component #129, pin #40 of component #129, pin #39 of component #129, pin of component #129, pin #1 of component #128, pin #1 of component #127, pin #1 of component #126, pin #1 of component #125, pin #1 of component #124, pin #1 of component #123, pin #1 of component #122, pin #1 of component #121, pin #1 of component #120, pin of component #117, pin of component #116, pin of component #115, pin #1 of component #113, pin #1 of component #112, pin #1 of component #111, pin #1 of component #108, pin #1 of component #107, pin #1 of component #106, pin #1 of component #104, pin #1 of component #103, pin #1 of component #102, pin #1 of component #101, pin #1 of component #100, pin #1 of component #99, pin #16 of component #98, pin #15 of component #98, pin #14 of component #98, pin #9 of component #98, pin #2 of component #97, pin #1 of component #96, pin of component #95, pin of component #92, pin of component #91, pin of component #90, pin of component #89, pin of component #88, pin of component #87, pin #27 of component #86, pin #22 of component #86, pin #17 of component #86, pin #16 of component #86, pin #10 of component #86, pin #1 of component #85, pin #1 of component #84, pin #1 of component #83, pin #1 of component #82, pin #1 of component #81, pin #1 of component #80, pin #1 of component #79, pin #1 of component #76, pin #1 of component #72, pin #1 of component #68, pin #1 of component #67, pin #1 of component #66, pin #1 of component #62, pin #1 of component #60, pin #1 of component #59, pin #1 of component #56, pin #1 of component #53, pin #1 of component #52, pin #1 of component #51, pin #1 of component #50, pin #1 of component #48, pin #1 of component #45, pin of component #40, pin #5 of component #29, pin #4 of component #29, pin #3 of component #29, pin #2 of component #29, pin #1 of component #29, pin of component #29, pin #1 of component #11, pin #1 of component #5, pin #1 of component #4, pin #1 of component #3, pin #1 of component #2, pin #1 of component #1, conductionarea, conductionarea, because the new connection could not be inserted.
2026-09-25 22:19:11.626 DEBUG  TraceTightener.is_stop_requested: time limit exceeded
2026-09-25 22:19:18.157 DEBUG  TraceTightener.is_stop_requested: time limit exceeded
2026-09-25 22:19:24.168 DEBUG  TraceTightener.is_stop_requested: time limit exceeded
2026-09-25 22:19:28.485 INFO   [43B33D\3757D3] Auto-routing pass #3 on board 'ca3c9018b1f10415b7382abbbf41a58e' was completed in 30.45 seconds with score 878.55 (41 unrouted and 47 violations), using 118.03 CPU seconds and the job allocated 807.34 GB of memory so far.
2026-09-25 22:19:29.095 DEBUG  Queuing item for routing: PolylineTrace on net 'net_USB_DP' (connected: 9/11)
2026-09-25 22:19:29.095 DEBUG  Queuing item for routing: PolylineTrace on net 'net_USB_DP' (connected: 2/11)
2026-09-25 22:19:29.097 DEBUG  Queuing item for routing: Pin on net 'GND' (connected: 11/199)
2026-09-25 22:19:29.097 DEBUG  Queuing item for routing: Pin on net '/Motor Valve/RELAY_CMD7' (connected: 1/8)
2026-09-25 22:19:29.097 DEBUG  Queuing item for routing: Pin on net '/Motor Valve/RELAY_CMD6' (connected: 1/8)
2026-09-25 22:19:29.107 DEBUG  Queuing item for routing: Pin on net 'ISO_GND' (connected: 1/30)
2026-09-25 22:19:29.107 DEBUG  Queuing item for routing: Pin on net 'GND' (connected: 15/199)
2026-09-25 22:19:29.107 DEBUG  Queuing item for routing: Pin on net 'ISO_GND' (connected: 3/30)
2026-09-25 22:19:29.107 DEBUG  Queuing item for routing: Pin on net 'GND' (connected: 3/199)
2026-09-25 22:19:29.108 DEBUG  Queuing item for routing: Pin on net 'GND' (connected: 5/199)
2026-09-25 22:19:29.108 DEBUG  Queuing item for routing: Pin on net '/Motor Valve/RELAY_CMD7' (connected: 7/8)
2026-09-25 22:19:29.108 DEBUG  Queuing item for routing: Pin on net '/Motor Valve/RELAY_CMD6' (connected: 7/8)
2026-09-25 22:19:29.109 DEBUG  Queuing item for routing: Pin on net 'GND' (connected: 2/199)
2026-09-25 22:19:29.109 DEBUG  Queuing item for routing: Pin on net '/RS-485/net_MAIN_B' (connected: 13/16)
2026-09-25 22:19:29.109 DEBUG  Queuing item for routing: Pin on net 'ISO_GND' (connected: 11/30)
2026-09-25 22:19:29.112 DEBUG  Queuing item for routing: Pin on net 'ISO_GND' (connected: 1/30)
2026-09-25 22:19:29.113 DEBUG  Queuing item for routing: Pin on net 'GND' (connected: 6/199)
2026-09-25 22:19:29.115 DEBUG  Queuing item for routing: Pin on net 'GND' (connected: 1/199)
2026-09-25 22:19:29.115 DEBUG  Queuing item for routing: Pin on net 'GND' (connected: 2/199)
2026-09-25 22:19:29.115 DEBUG  Queuing item for routing: Pin on net 'GND' (connected: 5/199)
2026-09-25 22:19:29.115 DEBUG  Queuing item for routing: Pin on net 'GND' (connected: 4/199)
2026-09-25 22:19:29.115 DEBUG  Queuing item for routing: Pin on net 'GND' (connected: 3/199)
2026-09-25 22:19:29.115 DEBUG  Queuing item for routing: Pin on net 'GND' (connected: 11/199)
2026-09-25 22:19:29.116 DEBUG  Queuing item for routing: Pin on net 'GND' (connected: 1/199)
2026-09-25 22:19:29.116 DEBUG  Queuing item for routing: Pin on net 'GND' (connected: 1/199)
2026-09-25 22:19:29.116 DEBUG  Queuing item for routing: Pin on net 'GND' (connected: 5/199)
2026-09-25 22:19:29.116 DEBUG  Queuing item for routing: Pin on net 'GND' (connected: 3/199)
2026-09-25 22:19:29.116 DEBUG  Queuing item for routing: Pin on net 'GND' (connected: 5/199)
2026-09-25 22:19:29.116 DEBUG  Queuing item for routing: Pin on net 'GND' (connected: 5/199)
2026-09-25 22:19:29.117 DEBUG  Queuing item for routing: Pin on net 'GND' (connected: 1/199)
2026-09-25 22:19:29.117 DEBUG  Queuing item for routing: Pin on net 'GND' (connected: 1/199)
2026-09-25 22:19:29.117 DEBUG  Queuing item for routing: Pin on net 'GND' (connected: 1/199)
2026-09-25 22:19:29.117 DEBUG  Queuing item for routing: Pin on net 'GND' (connected: 1/199)
2026-09-25 22:19:29.117 DEBUG  Queuing item for routing: Pin on net 'GND' (connected: 1/199)
2026-09-25 22:19:29.117 DEBUG  Queuing item for routing: Pin on net 'GND' (connected: 1/199)
2026-09-25 22:19:29.117 DEBUG  Queuing item for routing: Pin on net 'GND' (connected: 1/199)
2026-09-25 22:19:29.117 DEBUG  Queuing item for routing: Pin on net 'GND' (connected: 3/199)
2026-09-25 22:19:29.117 DEBUG  Queuing item for routing: Pin on net 'GND' (connected: 3/199)
2026-09-25 22:19:29.118 DEBUG  Queuing item for routing: Pin on net 'GND' (connected: 3/199)
2026-09-25 22:19:29.118 DEBUG  Queuing item for routing: Pin on net 'GND' (connected: 7/199)
2026-09-25 22:19:29.118 DEBUG  Queuing item for routing: Pin on net 'GND' (connected: 3/199)
2026-09-25 22:19:29.118 DEBUG  Queuing item for routing: Pin on net 'GND' (connected: 3/199)
2026-09-25 22:19:29.118 DEBUG  Queuing item for routing: Pin on net '/RS-485/net_MAIN_B' (connected: 3/16)
2026-09-25 22:19:29.118 DEBUG  Queuing item for routing: Pin on net 'GND' (connected: 1/199)
2026-09-25 22:19:29.119 DEBUG  Queuing item for routing: Pin on net 'GND' (connected: 1/199)
2026-09-25 22:19:29.410 DEBUG  [43B33D\3757D3] Pass #4: 41 incompletes across 45 items to route
2026-09-25 22:19:29.410 DEBUG  [43B33D\3757D3]   Net 'ISO_GND' has 4 incomplete(s)
2026-09-25 22:19:29.410 DEBUG  [43B33D\3757D3]   Net 'GND' has 33 incomplete(s)
2026-09-25 22:19:29.410 DEBUG  [43B33D\3757D3]   Net '/RS-485/net_MAIN_B' has 1 incomplete(s)
2026-09-25 22:19:29.410 DEBUG  [43B33D\3757D3]   Net '/Motor Valve/RELAY_CMD6' has 1 incomplete(s)
2026-09-25 22:19:29.410 DEBUG  [43B33D\3757D3]   Net '/Motor Valve/RELAY_CMD7' has 1 incomplete(s)
2026-09-25 22:19:29.410 DEBUG  [43B33D\3757D3]   Net 'net_USB_DP' has 1 incomplete(s)
2026-09-25 22:19:29.433 DEBUG  ShapeSearchTree45Degree.completeShape: non-IntOctagon contained shape, using bounding octagon approximation
2026-09-25 22:19:29.438 DEBUG  PolylineTrace.normalize: max normalization depth (16) reached for trace #56874 on net 108 — stopping recursion, trace kept as-is.
2026-09-25 22:19:29.446 DEBUG  PolylineTrace.normalize: max normalization depth (16) reached for trace #56941 on net 108 — stopping recursion, trace kept as-is.
2026-09-25 22:19:29.453 DEBUG  PolylineTrace.normalize: max normalization depth (16) reached for trace #57009 on net 108 — stopping recursion, trace kept as-is.
2026-09-25 22:19:29.547 DEBUG  ShapeSearchTree45Degree.completeShape: non-IntOctagon contained shape, using bounding octagon approximation
2026-09-25 22:19:29.547 DEBUG  ShapeSearchTree45Degree.completeShape: non-IntOctagon contained shape, using bounding octagon approximation
2026-09-25 22:19:29.547 DEBUG  ShapeSearchTree45Degree.completeShape: non-IntOctagon contained shape, using bounding octagon approximation
2026-09-25 22:19:29.547 DEBUG  ShapeSearchTree45Degree.completeShape: non-IntOctagon contained shape, using bounding octagon approximation
2026-09-25 22:19:29.551 DEBUG  PolylineTrace.normalize: max normalization depth (16) reached for trace #57048 on net 108 — stopping recursion, trace kept as-is.
2026-09-25 22:19:29.555 DEBUG  PolylineTrace.normalize: max normalization depth (16) reached for trace #57083 on net 108 — stopping recursion, trace kept as-is.
2026-09-25 22:19:35.728 DEBUG  TraceTightener.is_stop_requested: time limit exceeded
2026-09-25 22:19:37.786 DEBUG  TraceTightener.is_stop_requested: time limit exceeded
2026-09-25 22:19:39.756 DEBUG  FoundConnectionInserter: insert trace failed for net #2 at corner 7/17 on layer 0, trace width: 1250, from corner: 6, okPoint: (788898,-251404), target: (770514,-251404)
2026-09-25 22:19:39.792 DEBUG  [43B33D\3757D3] Autorouter Failed to route connection between polylinetrace, polylinetrace, pin #1 of component #119, pin #1 of component #105 and polylinetrace, polylinetrace, polylinetrace, polylinetrace, polylinetrace, polylinetrace, polylinetrace, polylinetrace, polylinetrace, polylinetrace, polylinetrace, polylinetrace, polylinetrace, polylinetrace, polylinetrace, polylinetrace, polylinetrace, polylinetrace, polylinetrace, polylinetrace, polylinetrace, polylinetrace, polylinetrace, polylinetrace, polylinetrace, polylinetrace, polylinetrace, polylinetrace, polylinetrace, polylinetrace, polylinetrace, polylinetrace, polylinetrace, polylinetrace, polylinetrace, polylinetrace, polylinetrace, polylinetrace, polylinetrace, polylinetrace, polylinetrace, polylinetrace, polylinetrace, polylinetrace, polylinetrace, polylinetrace, polylinetrace, polylinetrace, polylinetrace, polylinetrace, polylinetrace, polylinetrace, polylinetrace, polylinetrace, polylinetrace, polylinetrace, polylinetrace, polylinetrace, polylinetrace, polylinetrace, polylinetrace, polylinetrace, polylinetrace, polylinetrace, polylinetrace, polylinetrace, polylinetrace, polylinetrace, polylinetrace, polylinetrace, polylinetrace, polylinetrace, polylinetrace, polylinetrace, polylinetrace, polylinetrace, polylinetrace, polylinetrace, polylinetrace, polylinetrace, polylinetrace, polylinetrace, polylinetrace, polylinetrace, polylinetrace, polylinetrace, polylinetrace, pin #8 of component #167, pin #1 of component #149, pin #7 of component #148, pin #5 of component #148, pin #4 of component #148, pin #3 of component #148, pin #1 of component #147, pin #1 of component #145, pin #1 of component #144, pin #1 of component #143, pin #1 of component #142, pin #1 of component #141, pin #1 of component #140, pin #1 of component #139, pin #1 of component #138, pin #1 of component #136, pin #8 of component #135, pin #4 of component #133, pin #3 of component #133, pin #2 of component #133, pin #1 of component #133, pin #19 of component #130, pin #18 of component #130, pin #17 of component #130, pin #16 of component #130, pin #15 of component #130, pin #8 of component #130, pin #7 of component #130, pin of component #130, pin #52 of component #129, pin #51 of component #129, pin #50 of component #129, pin #49 of component #129, pin #48 of component #129, pin #47 of component #129, pin #46 of component #129, pin #45 of component #129, pin #44 of component #129, pin #43 of component #129, pin #42 of component #129, pin #41 of component #129, pin #40 of component #129, pin #39 of component #129, pin of component #129, pin #1 of component #128, pin #1 of component #127, pin #1 of component #126, pin #1 of component #125, pin #1 of component #124, pin #1 of component #123, pin #1 of component #122, pin #1 of component #121, pin #1 of component #120, pin of component #117, pin of component #116, pin of component #115, pin #1 of component #113, pin #1 of component #112, pin #1 of component #111, pin #1 of component #108, pin #1 of component #107, pin #1 of component #106, pin #1 of component #104, pin #1 of component #103, pin #1 of component #102, pin #1 of component #101, pin #1 of component #100, pin #1 of component #99, pin #16 of component #98, pin #15 of component #98, pin #14 of component #98, pin #9 of component #98, pin #2 of component #97, pin #1 of component #96, pin of component #95, pin of component #92, pin of component #91, pin of component #90, pin of component #89, pin of component #88, pin of component #87, pin #27 of component #86, pin #22 of component #86, pin #17 of component #86, pin #16 of component #86, pin #10 of component #86, pin #1 of component #85, pin #1 of component #84, pin #1 of component #83, pin #1 of component #82, pin #1 of component #81, pin #1 of component #80, pin #1 of component #79, pin #1 of component #76, pin #1 of component #72, pin #1 of component #68, pin #1 of component #67, pin #1 of component #66, pin #1 of component #62, pin #1 of component #60, pin #1 of component #59, pin #1 of component #56, pin #1 of component #53, pin #1 of component #52, pin #1 of component #51, pin #1 of component #50, pin #1 of component #48, pin #1 of component #45, pin of component #40, pin #5 of component #29, pin #4 of component #29, pin #3 of component #29, pin #2 of component #29, pin #1 of component #29, pin of component #29, pin #1 of component #11, pin #1 of component #5, pin #1 of component #4, pin #1 of component #3, pin #1 of component #2, pin #1 of component #1, conductionarea, conductionarea, because the new connection could not be inserted.
2026-09-25 22:19:39.793 DEBUG  [43B33D\3757D3] Pass #4: Failed to route Pin on net 'GND' (25 items remaining, 3 failures). State: FAILED
2026-09-25 22:19:47.851 DEBUG  TraceTightener.is_stop_requested: time limit exceeded
2026-09-25 22:19:53.591 DEBUG  TraceTightener.is_stop_requested: time limit exceeded
2026-09-25 22:19:57.894 INFO   [43B33D\3757D3] Auto-routing pass #4 on board '7c960d3d096313d53397858219625d15' was completed in 28.80 seconds with score 883.37 (39 unrouted and 47 violations), using 147.11 CPU seconds and the job allocated 1015.95 GB of memory so far.
2026-09-25 22:19:58.496 DEBUG  Queuing item for routing: PolylineTrace on net 'net_USB_DP' (connected: 9/11)
2026-09-25 22:19:58.496 DEBUG  Queuing item for routing: PolylineTrace on net 'net_USB_DP' (connected: 2/11)
2026-09-25 22:19:58.496 DEBUG  Queuing item for routing: Pin on net 'GND' (connected: 11/199)
2026-09-25 22:19:58.497 DEBUG  Queuing item for routing: Pin on net '/Motor Valve/RELAY_CMD8' (connected: 1/8)
2026-09-25 22:19:58.508 DEBUG  Queuing item for routing: Pin on net 'ISO_GND' (connected: 1/30)
2026-09-25 22:19:58.508 DEBUG  Queuing item for routing: Pin on net 'GND' (connected: 15/199)
2026-09-25 22:19:58.508 DEBUG  Queuing item for routing: Pin on net 'ISO_GND' (connected: 3/30)
2026-09-25 22:19:58.508 DEBUG  Queuing item for routing: Pin on net 'GND' (connected: 3/199)
2026-09-25 22:19:58.508 DEBUG  Queuing item for routing: Pin on net 'GND' (connected: 5/199)
2026-09-25 22:19:58.508 DEBUG  Queuing item for routing: Pin on net '/Motor Valve/RELAY_CMD8' (connected: 7/8)
2026-09-25 22:19:58.509 DEBUG  Queuing item for routing: Pin on net 'GND' (connected: 1/199)
2026-09-25 22:19:58.510 DEBUG  Queuing item for routing: Pin on net 'ISO_GND' (connected: 11/30)
2026-09-25 22:19:58.513 DEBUG  Queuing item for routing: Pin on net 'ISO_GND' (connected: 1/30)
2026-09-25 22:19:58.513 DEBUG  Queuing item for routing: Pin on net 'GND' (connected: 6/199)
2026-09-25 22:19:58.516 DEBUG  Queuing item for routing: Pin on net 'GND' (connected: 1/199)
2026-09-25 22:19:58.516 DEBUG  Queuing item for routing: Pin on net 'GND' (connected: 2/199)
2026-09-25 22:19:58.516 DEBUG  Queuing item for routing: Pin on net 'GND' (connected: 5/199)
2026-09-25 22:19:58.516 DEBUG  Queuing item for routing: Pin on net 'GND' (connected: 4/199)
2026-09-25 22:19:58.516 DEBUG  Queuing item for routing: Pin on net 'GND' (connected: 4/199)
2026-09-25 22:19:58.516 DEBUG  Queuing item for routing: Pin on net 'GND' (connected: 11/199)
2026-09-25 22:19:58.516 DEBUG  Queuing item for routing: Pin on net 'GND' (connected: 1/199)
2026-09-25 22:19:58.516 DEBUG  Queuing item for routing: Pin on net 'GND' (connected: 1/199)
2026-09-25 22:19:58.516 DEBUG  Queuing item for routing: Pin on net 'GND' (connected: 5/199)
2026-09-25 22:19:58.516 DEBUG  Queuing item for routing: Pin on net 'GND' (connected: 3/199)
2026-09-25 22:19:58.517 DEBUG  Queuing item for routing: Pin on net 'GND' (connected: 5/199)
2026-09-25 22:19:58.517 DEBUG  Queuing item for routing: Pin on net 'GND' (connected: 5/199)
2026-09-25 22:19:58.517 DEBUG  Queuing item for routing: Pin on net 'GND' (connected: 1/199)
2026-09-25 22:19:58.517 DEBUG  Queuing item for routing: Pin on net 'GND' (connected: 1/199)
2026-09-25 22:19:58.517 DEBUG  Queuing item for routing: Pin on net 'GND' (connected: 1/199)
2026-09-25 22:19:58.517 DEBUG  Queuing item for routing: Pin on net 'GND' (connected: 1/199)
2026-09-25 22:19:58.517 DEBUG  Queuing item for routing: Pin on net 'GND' (connected: 1/199)
2026-09-25 22:19:58.517 DEBUG  Queuing item for routing: Pin on net 'GND' (connected: 1/199)
2026-09-25 22:19:58.517 DEBUG  Queuing item for routing: Pin on net 'GND' (connected: 1/199)
2026-09-25 22:19:58.517 DEBUG  Queuing item for routing: Pin on net 'GND' (connected: 3/199)
2026-09-25 22:19:58.518 DEBUG  Queuing item for routing: Pin on net 'GND' (connected: 3/199)
2026-09-25 22:19:58.518 DEBUG  Queuing item for routing: Pin on net 'GND' (connected: 3/199)
2026-09-25 22:19:58.518 DEBUG  Queuing item for routing: Pin on net 'GND' (connected: 7/199)
2026-09-25 22:19:58.518 DEBUG  Queuing item for routing: Pin on net 'GND' (connected: 3/199)
2026-09-25 22:19:58.518 DEBUG  Queuing item for routing: Pin on net 'GND' (connected: 3/199)
2026-09-25 22:19:58.519 DEBUG  Queuing item for routing: Pin on net 'GND' (connected: 1/199)
2026-09-25 22:19:58.519 DEBUG  Queuing item for routing: Pin on net 'GND' (connected: 1/199)
2026-09-25 22:19:58.808 DEBUG  [43B33D\3757D3] Pass #5: 39 incompletes across 41 items to route
2026-09-25 22:19:58.808 DEBUG  [43B33D\3757D3]   Net 'ISO_GND' has 4 incomplete(s)
2026-09-25 22:19:58.808 DEBUG  [43B33D\3757D3]   Net 'GND' has 33 incomplete(s)
2026-09-25 22:19:58.808 DEBUG  [43B33D\3757D3]   Net '/Motor Valve/RELAY_CMD8' has 1 incomplete(s)
2026-09-25 22:19:58.808 DEBUG  [43B33D\3757D3]   Net 'net_USB_DP' has 1 incomplete(s)
2026-09-25 22:19:58.830 DEBUG  ShapeSearchTree45Degree.completeShape: non-IntOctagon contained shape, using bounding octagon approximation
2026-09-25 22:19:58.834 DEBUG  PolylineTrace.normalize: max normalization depth (16) reached for trace #64860 on net 108 — stopping recursion, trace kept as-is.
2026-09-25 22:19:58.843 DEBUG  PolylineTrace.normalize: max normalization depth (16) reached for trace #64927 on net 108 — stopping recursion, trace kept as-is.
2026-09-25 22:19:58.850 DEBUG  PolylineTrace.normalize: max normalization depth (16) reached for trace #64995 on net 108 — stopping recursion, trace kept as-is.
2026-09-25 22:19:58.940 DEBUG  ShapeSearchTree45Degree.completeShape: non-IntOctagon contained shape, using bounding octagon approximation
2026-09-25 22:19:58.940 DEBUG  ShapeSearchTree45Degree.completeShape: non-IntOctagon contained shape, using bounding octagon approximation
2026-09-25 22:19:58.941 DEBUG  ShapeSearchTree45Degree.completeShape: non-IntOctagon contained shape, using bounding octagon approximation
2026-09-25 22:19:58.941 DEBUG  ShapeSearchTree45Degree.completeShape: non-IntOctagon contained shape, using bounding octagon approximation
2026-09-25 22:19:58.944 DEBUG  PolylineTrace.normalize: max normalization depth (16) reached for trace #65034 on net 108 — stopping recursion, trace kept as-is.
2026-09-25 22:19:58.948 DEBUG  PolylineTrace.normalize: max normalization depth (16) reached for trace #65069 on net 108 — stopping recursion, trace kept as-is.
2026-09-25 22:20:04.771 DEBUG  TraceTightener.is_stop_requested: time limit exceeded
2026-09-25 22:20:08.208 DEBUG  FoundConnectionInserter: insert trace failed for net #2 at corner 7/21 on layer 0, trace width: 1250, from corner: 6, okPoint: (788898,-251404), target: (770514,-251404)
2026-09-25 22:20:08.245 DEBUG  [43B33D\3757D3] Autorouter Failed to route connection between polylinetrace, polylinetrace, pin #1 of component #119, pin #1 of component #105 and polylinetrace, polylinetrace, polylinetrace, polylinetrace, polylinetrace, polylinetrace, polylinetrace, polylinetrace, polylinetrace, polylinetrace, polylinetrace, polylinetrace, polylinetrace, polylinetrace, polylinetrace, polylinetrace, polylinetrace, polylinetrace, polylinetrace, polylinetrace, polylinetrace, polylinetrace, polylinetrace, polylinetrace, polylinetrace, polylinetrace, polylinetrace, polylinetrace, polylinetrace, polylinetrace, polylinetrace, polylinetrace, polylinetrace, polylinetrace, polylinetrace, polylinetrace, polylinetrace, polylinetrace, polylinetrace, polylinetrace, polylinetrace, polylinetrace, polylinetrace, polylinetrace, polylinetrace, polylinetrace, polylinetrace, polylinetrace, polylinetrace, polylinetrace, polylinetrace, polylinetrace, polylinetrace, polylinetrace, polylinetrace, polylinetrace, polylinetrace, polylinetrace, polylinetrace, polylinetrace, polylinetrace, polylinetrace, polylinetrace, polylinetrace, polylinetrace, polylinetrace, polylinetrace, polylinetrace, polylinetrace, polylinetrace, polylinetrace, polylinetrace, polylinetrace, polylinetrace, polylinetrace, polylinetrace, polylinetrace, polylinetrace, polylinetrace, polylinetrace, polylinetrace, polylinetrace, polylinetrace, polylinetrace, polylinetrace, polylinetrace, pin #8 of component #167, pin #1 of component #149, pin #7 of component #148, pin #5 of component #148, pin #4 of component #148, pin #3 of component #148, pin #1 of component #147, pin #1 of component #145, pin #1 of component #144, pin #1 of component #143, pin #1 of component #142, pin #1 of component #141, pin #1 of component #140, pin #1 of component #139, pin #1 of component #138, pin #1 of component #136, pin #8 of component #135, pin #4 of component #133, pin #3 of component #133, pin #2 of component #133, pin #1 of component #133, pin #19 of component #130, pin #18 of component #130, pin #17 of component #130, pin #16 of component #130, pin #15 of component #130, pin #8 of component #130, pin #7 of component #130, pin of component #130, pin #52 of component #129, pin #51 of component #129, pin #50 of component #129, pin #49 of component #129, pin #48 of component #129, pin #47 of component #129, pin #46 of component #129, pin #45 of component #129, pin #44 of component #129, pin #43 of component #129, pin #42 of component #129, pin #41 of component #129, pin #40 of component #129, pin #39 of component #129, pin of component #129, pin #1 of component #128, pin #1 of component #127, pin #1 of component #126, pin #1 of component #125, pin #1 of component #124, pin #1 of component #123, pin #1 of component #122, pin #1 of component #121, pin #1 of component #120, pin of component #117, pin of component #116, pin of component #115, pin #1 of component #113, pin #1 of component #112, pin #1 of component #111, pin #1 of component #108, pin #1 of component #107, pin #1 of component #106, pin #1 of component #104, pin #1 of component #103, pin #1 of component #102, pin #1 of component #101, pin #1 of component #100, pin #1 of component #99, pin #16 of component #98, pin #15 of component #98, pin #14 of component #98, pin #9 of component #98, pin #2 of component #97, pin #1 of component #96, pin of component #95, pin of component #92, pin of component #91, pin of component #90, pin of component #89, pin of component #88, pin of component #87, pin #27 of component #86, pin #22 of component #86, pin #17 of component #86, pin #16 of component #86, pin #10 of component #86, pin #1 of component #85, pin #1 of component #84, pin #1 of component #83, pin #1 of component #82, pin #1 of component #81, pin #1 of component #80, pin #1 of component #79, pin #1 of component #76, pin #1 of component #72, pin #1 of component #68, pin #1 of component #67, pin #1 of component #66, pin #1 of component #62, pin #1 of component #60, pin #1 of component #59, pin #1 of component #56, pin #1 of component #53, pin #1 of component #52, pin #1 of component #51, pin #1 of component #50, pin #1 of component #48, pin #1 of component #45, pin of component #40, pin #5 of component #29, pin #4 of component #29, pin #3 of component #29, pin #2 of component #29, pin #1 of component #29, pin of component #29, pin #1 of component #11, pin #1 of component #5, pin #1 of component #4, pin #1 of component #3, pin #1 of component #2, pin #1 of component #1, conductionarea, conductionarea, because the new connection could not be inserted.
2026-09-25 22:20:08.245 DEBUG  [43B33D\3757D3] Pass #5: Failed to route Pin on net 'GND' (24 items remaining, 4 failures). State: FAILED
2026-09-25 22:20:10.728 DEBUG  TraceTightener.is_stop_requested: time limit exceeded
2026-09-25 22:20:12.662 DEBUG  TraceTightener.is_stop_requested: time limit exceeded
2026-09-25 22:20:17.688 DEBUG  TraceTightener.is_stop_requested: time limit exceeded
2026-09-25 22:20:23.696 DEBUG  TraceTightener.is_stop_requested: time limit exceeded
2026-09-25 22:20:28.014 INFO   [43B33D\3757D3] Auto-routing pass #5 on board '9814d4bc4fe4305ff6bd8a30d678b6ad' was completed in 29.52 seconds with score 883.37 (39 unrouted and 47 violations), using 176.48 CPU seconds and the job allocated 1220.20 GB of memory so far.
2026-09-25 22:20:28.615 DEBUG  Queuing item for routing: PolylineTrace on net 'net_USB_DP' (connected: 9/11)
2026-09-25 22:20:28.615 DEBUG  Queuing item for routing: PolylineTrace on net 'net_USB_DP' (connected: 2/11)
2026-09-25 22:20:28.615 DEBUG  Queuing item for routing: Pin on net 'GND' (connected: 11/200)
2026-09-25 22:20:28.616 DEBUG  Queuing item for routing: Pin on net '/Motor Valve/RELAY_CMD7' (connected: 1/8)
2026-09-25 22:20:28.626 DEBUG  Queuing item for routing: Pin on net 'ISO_GND' (connected: 1/30)
2026-09-25 22:20:28.627 DEBUG  Queuing item for routing: Pin on net 'GND' (connected: 16/200)
2026-09-25 22:20:28.627 DEBUG  Queuing item for routing: Pin on net 'ISO_GND' (connected: 3/30)
2026-09-25 22:20:28.627 DEBUG  Queuing item for routing: Pin on net 'GND' (connected: 3/200)
2026-09-25 22:20:28.627 DEBUG  Queuing item for routing: Pin on net 'GND' (connected: 5/200)
2026-09-25 22:20:28.627 DEBUG  Queuing item for routing: Pin on net '/Motor Valve/RELAY_CMD7' (connected: 7/8)
2026-09-25 22:20:28.628 DEBUG  Queuing item for routing: Pin on net 'GND' (connected: 1/200)
2026-09-25 22:20:28.629 DEBUG  Queuing item for routing: Pin on net 'ISO_GND' (connected: 11/30)
2026-09-25 22:20:28.631 DEBUG  Queuing item for routing: Pin on net 'ISO_GND' (connected: 1/30)
2026-09-25 22:20:28.631 DEBUG  Queuing item for routing: Pin on net 'GND' (connected: 6/200)
2026-09-25 22:20:28.634 DEBUG  Queuing item for routing: Pin on net 'GND' (connected: 1/200)
2026-09-25 22:20:28.634 DEBUG  Queuing item for routing: Pin on net 'GND' (connected: 2/200)
2026-09-25 22:20:28.634 DEBUG  Queuing item for routing: Pin on net 'GND' (connected: 5/200)
2026-09-25 22:20:28.634 DEBUG  Queuing item for routing: Pin on net 'GND' (connected: 4/200)
2026-09-25 22:20:28.634 DEBUG  Queuing item for routing: Pin on net 'GND' (connected: 4/200)
2026-09-25 22:20:28.635 DEBUG  Queuing item for routing: Pin on net 'GND' (connected: 11/200)
2026-09-25 22:20:28.635 DEBUG  Queuing item for routing: Pin on net 'GND' (connected: 1/200)
2026-09-25 22:20:28.635 DEBUG  Queuing item for routing: Pin on net 'GND' (connected: 1/200)
2026-09-25 22:20:28.635 DEBUG  Queuing item for routing: Pin on net 'GND' (connected: 5/200)
2026-09-25 22:20:28.635 DEBUG  Queuing item for routing: Pin on net 'GND' (connected: 3/200)
2026-09-25 22:20:28.635 DEBUG  Queuing item for routing: Pin on net 'GND' (connected: 5/200)
2026-09-25 22:20:28.635 DEBUG  Queuing item for routing: Pin on net 'GND' (connected: 5/200)
2026-09-25 22:20:28.635 DEBUG  Queuing item for routing: Pin on net 'GND' (connected: 1/200)
2026-09-25 22:20:28.635 DEBUG  Queuing item for routing: Pin on net 'GND' (connected: 1/200)
2026-09-25 22:20:28.635 DEBUG  Queuing item for routing: Pin on net 'GND' (connected: 1/200)
2026-09-25 22:20:28.635 DEBUG  Queuing item for routing: Pin on net 'GND' (connected: 1/200)
2026-09-25 22:20:28.635 DEBUG  Queuing item for routing: Pin on net 'GND' (connected: 1/200)
2026-09-25 22:20:28.635 DEBUG  Queuing item for routing: Pin on net 'GND' (connected: 1/200)
2026-09-25 22:20:28.635 DEBUG  Queuing item for routing: Pin on net 'GND' (connected: 1/200)
2026-09-25 22:20:28.636 DEBUG  Queuing item for routing: Pin on net 'GND' (connected: 3/200)
2026-09-25 22:20:28.636 DEBUG  Queuing item for routing: Pin on net 'GND' (connected: 3/200)
2026-09-25 22:20:28.636 DEBUG  Queuing item for routing: Pin on net 'GND' (connected: 3/200)
2026-09-25 22:20:28.636 DEBUG  Queuing item for routing: Pin on net 'GND' (connected: 7/200)
2026-09-25 22:20:28.636 DEBUG  Queuing item for routing: Pin on net 'GND' (connected: 3/200)
2026-09-25 22:20:28.636 DEBUG  Queuing item for routing: Pin on net 'GND' (connected: 3/200)
2026-09-25 22:20:28.637 DEBUG  Queuing item for routing: Pin on net 'GND' (connected: 1/200)
2026-09-25 22:20:28.637 DEBUG  Queuing item for routing: Pin on net 'GND' (connected: 1/200)
2026-09-25 22:20:28.923 DEBUG  [43B33D\3757D3] Pass #6: 39 incompletes across 41 items to route
2026-09-25 22:20:28.923 DEBUG  [43B33D\3757D3]   Net 'ISO_GND' has 4 incomplete(s)
2026-09-25 22:20:28.923 DEBUG  [43B33D\3757D3]   Net 'GND' has 33 incomplete(s)
2026-09-25 22:20:28.923 DEBUG  [43B33D\3757D3]   Net '/Motor Valve/RELAY_CMD7' has 1 incomplete(s)
2026-09-25 22:20:28.923 DEBUG  [43B33D\3757D3]   Net 'net_USB_DP' has 1 incomplete(s)
2026-09-25 22:20:28.946 DEBUG  ShapeSearchTree45Degree.completeShape: non-IntOctagon contained shape, using bounding octagon approximation
2026-09-25 22:20:28.950 DEBUG  PolylineTrace.normalize: max normalization depth (16) reached for trace #72450 on net 108 — stopping recursion, trace kept as-is.
2026-09-25 22:20:28.957 DEBUG  PolylineTrace.normalize: max normalization depth (16) reached for trace #72517 on net 108 — stopping recursion, trace kept as-is.
2026-09-25 22:20:28.964 DEBUG  PolylineTrace.normalize: max normalization depth (16) reached for trace #72585 on net 108 — stopping recursion, trace kept as-is.
2026-09-25 22:20:29.054 DEBUG  ShapeSearchTree45Degree.completeShape: non-IntOctagon contained shape, using bounding octagon approximation
2026-09-25 22:20:29.054 DEBUG  ShapeSearchTree45Degree.completeShape: non-IntOctagon contained shape, using bounding octagon approximation
2026-09-25 22:20:29.054 DEBUG  ShapeSearchTree45Degree.completeShape: non-IntOctagon contained shape, using bounding octagon approximation
2026-09-25 22:20:29.054 DEBUG  ShapeSearchTree45Degree.completeShape: non-IntOctagon contained shape, using bounding octagon approximation
2026-09-25 22:20:29.058 DEBUG  PolylineTrace.normalize: max normalization depth (16) reached for trace #72624 on net 108 — stopping recursion, trace kept as-is.
2026-09-25 22:20:29.062 DEBUG  PolylineTrace.normalize: max normalization depth (16) reached for trace #72659 on net 108 — stopping recursion, trace kept as-is.
2026-09-25 22:20:32.052 DEBUG  TraceTightener.is_stop_requested: time limit exceeded
2026-09-25 22:20:37.952 DEBUG  TraceTightener.is_stop_requested: time limit exceeded
2026-09-25 22:20:39.646 DEBUG  FoundConnectionInserter: insert trace failed for net #2 at corner 7/21 on layer 0, trace width: 1250, from corner: 6, okPoint: (788898,-251404), target: (770514,-251404)
2026-09-25 22:20:39.680 DEBUG  [43B33D\3757D3] Autorouter Failed to route connection between polylinetrace, polylinetrace, pin #1 of component #119, pin #1 of component #105 and polylinetrace, polylinetrace, polylinetrace, polylinetrace, polylinetrace, polylinetrace, polylinetrace, polylinetrace, polylinetrace, polylinetrace, polylinetrace, polylinetrace, polylinetrace, polylinetrace, polylinetrace, polylinetrace, polylinetrace, polylinetrace, polylinetrace, polylinetrace, polylinetrace, polylinetrace, polylinetrace, polylinetrace, polylinetrace, polylinetrace, polylinetrace, polylinetrace, polylinetrace, polylinetrace, polylinetrace, polylinetrace, polylinetrace, polylinetrace, polylinetrace, polylinetrace, polylinetrace, polylinetrace, polylinetrace, polylinetrace, polylinetrace, polylinetrace, polylinetrace, polylinetrace, polylinetrace, polylinetrace, polylinetrace, polylinetrace, polylinetrace, polylinetrace, polylinetrace, polylinetrace, polylinetrace, polylinetrace, polylinetrace, polylinetrace, polylinetrace, polylinetrace, polylinetrace, polylinetrace, polylinetrace, polylinetrace, polylinetrace, polylinetrace, polylinetrace, polylinetrace, polylinetrace, polylinetrace, polylinetrace, polylinetrace, polylinetrace, polylinetrace, polylinetrace, polylinetrace, polylinetrace, polylinetrace, polylinetrace, polylinetrace, polylinetrace, polylinetrace, polylinetrace, polylinetrace, polylinetrace, polylinetrace, polylinetrace, polylinetrace, polylinetrace, polylinetrace, pin #8 of component #167, pin #1 of component #149, pin #7 of component #148, pin #5 of component #148, pin #4 of component #148, pin #3 of component #148, pin #1 of component #147, pin #1 of component #145, pin #1 of component #144, pin #1 of component #143, pin #1 of component #142, pin #1 of component #141, pin #1 of component #140, pin #1 of component #139, pin #1 of component #138, pin #1 of component #136, pin #8 of component #135, pin #4 of component #133, pin #3 of component #133, pin #2 of component #133, pin #1 of component #133, pin #19 of component #130, pin #18 of component #130, pin #17 of component #130, pin #16 of component #130, pin #15 of component #130, pin #8 of component #130, pin #7 of component #130, pin of component #130, pin #52 of component #129, pin #51 of component #129, pin #50 of component #129, pin #49 of component #129, pin #48 of component #129, pin #47 of component #129, pin #46 of component #129, pin #45 of component #129, pin #44 of component #129, pin #43 of component #129, pin #42 of component #129, pin #41 of component #129, pin #40 of component #129, pin #39 of component #129, pin of component #129, pin #1 of component #128, pin #1 of component #127, pin #1 of component #126, pin #1 of component #125, pin #1 of component #124, pin #1 of component #123, pin #1 of component #122, pin #1 of component #121, pin #1 of component #120, pin of component #117, pin of component #116, pin of component #115, pin #1 of component #113, pin #1 of component #112, pin #1 of component #111, pin #1 of component #108, pin #1 of component #107, pin #1 of component #106, pin #1 of component #104, pin #1 of component #103, pin #1 of component #102, pin #1 of component #101, pin #1 of component #100, pin #1 of component #99, pin #16 of component #98, pin #15 of component #98, pin #14 of component #98, pin #9 of component #98, pin #2 of component #97, pin #1 of component #96, pin of component #95, pin of component #92, pin of component #91, pin of component #90, pin of component #89, pin of component #88, pin of component #87, pin #27 of component #86, pin #22 of component #86, pin #17 of component #86, pin #16 of component #86, pin #10 of component #86, pin #1 of component #85, pin #1 of component #84, pin #1 of component #83, pin #1 of component #82, pin #1 of component #81, pin #1 of component #80, pin #1 of component #79, pin #1 of component #76, pin #1 of component #72, pin #1 of component #68, pin #1 of component #67, pin #1 of component #66, pin #1 of component #62, pin #1 of component #60, pin #1 of component #59, pin #1 of component #56, pin #1 of component #53, pin #1 of component #52, pin #1 of component #51, pin #1 of component #50, pin #1 of component #48, pin #1 of component #45, pin of component #40, pin #5 of component #29, pin #4 of component #29, pin #3 of component #29, pin #2 of component #29, pin #1 of component #29, pin of component #29, pin #1 of component #11, pin #1 of component #5, pin #1 of component #4, pin #1 of component #3, pin #1 of component #2, pin #1 of component #1, conductionarea, conductionarea, because the new connection could not be inserted.
2026-09-25 22:20:39.680 DEBUG  [43B33D\3757D3] Pass #6: Failed to route Pin on net 'GND' (24 items remaining, 5 failures). State: FAILED
2026-09-25 22:20:42.486 DEBUG  TraceTightener.is_stop_requested: time limit exceeded
2026-09-25 22:20:48.619 DEBUG  TraceTightener.is_stop_requested: time limit exceeded
2026-09-25 22:20:54.412 DEBUG  TraceTightener.is_stop_requested: time limit exceeded
2026-09-25 22:20:58.661 INFO   [43B33D\3757D3] Auto-routing pass #6 on board '9942408017c5ddb71096efba80d9bce0' was completed in 30.05 seconds with score 883.37 (39 unrouted and 47 violations), using 205.58 CPU seconds and the job allocated 1429.68 GB of memory so far.
2026-09-25 22:20:59.275 DEBUG  Queuing item for routing: PolylineTrace on net 'net_USB_DP' (connected: 9/11)
2026-09-25 22:20:59.275 DEBUG  Queuing item for routing: PolylineTrace on net 'net_USB_DP' (connected: 2/11)
2026-09-25 22:20:59.276 DEBUG  Queuing item for routing: Pin on net 'GND' (connected: 13/202)
2026-09-25 22:20:59.276 DEBUG  Queuing item for routing: Pin on net '/Motor Valve/RELAY_CMD6' (connected: 1/8)
2026-09-25 22:20:59.286 DEBUG  Queuing item for routing: Pin on net 'ISO_GND' (connected: 1/30)
2026-09-25 22:20:59.286 DEBUG  Queuing item for routing: Pin on net 'GND' (connected: 16/202)
2026-09-25 22:20:59.287 DEBUG  Queuing item for routing: Pin on net 'ISO_GND' (connected: 3/30)
2026-09-25 22:20:59.287 DEBUG  Queuing item for routing: Pin on net 'GND' (connected: 3/202)
2026-09-25 22:20:59.287 DEBUG  Queuing item for routing: Pin on net 'GND' (connected: 5/202)
2026-09-25 22:20:59.287 DEBUG  Queuing item for routing: Pin on net '/Motor Valve/RELAY_CMD6' (connected: 7/8)
2026-09-25 22:20:59.288 DEBUG  Queuing item for routing: Pin on net 'GND' (connected: 1/202)
2026-09-25 22:20:59.289 DEBUG  Queuing item for routing: Pin on net 'ISO_GND' (connected: 11/30)
2026-09-25 22:20:59.291 DEBUG  Queuing item for routing: Pin on net 'ISO_GND' (connected: 1/30)
2026-09-25 22:20:59.292 DEBUG  Queuing item for routing: Pin on net 'GND' (connected: 6/202)
2026-09-25 22:20:59.294 DEBUG  Queuing item for routing: Pin on net 'GND' (connected: 1/202)
2026-09-25 22:20:59.294 DEBUG  Queuing item for routing: Pin on net 'GND' (connected: 2/202)
2026-09-25 22:20:59.294 DEBUG  Queuing item for routing: Pin on net 'GND' (connected: 5/202)
2026-09-25 22:20:59.294 DEBUG  Queuing item for routing: Pin on net 'GND' (connected: 4/202)
2026-09-25 22:20:59.295 DEBUG  Queuing item for routing: Pin on net 'GND' (connected: 4/202)
2026-09-25 22:20:59.295 DEBUG  Queuing item for routing: Pin on net 'GND' (connected: 11/202)
2026-09-25 22:20:59.295 DEBUG  Queuing item for routing: Pin on net 'GND' (connected: 1/202)
2026-09-25 22:20:59.295 DEBUG  Queuing item for routing: Pin on net 'GND' (connected: 1/202)
2026-09-25 22:20:59.295 DEBUG  Queuing item for routing: Pin on net 'GND' (connected: 5/202)
2026-09-25 22:20:59.295 DEBUG  Queuing item for routing: Pin on net 'GND' (connected: 3/202)
2026-09-25 22:20:59.295 DEBUG  Queuing item for routing: Pin on net 'GND' (connected: 5/202)
2026-09-25 22:20:59.295 DEBUG  Queuing item for routing: Pin on net 'GND' (connected: 5/202)
2026-09-25 22:20:59.295 DEBUG  Queuing item for routing: Pin on net 'GND' (connected: 1/202)
2026-09-25 22:20:59.295 DEBUG  Queuing item for routing: Pin on net 'GND' (connected: 1/202)
2026-09-25 22:20:59.295 DEBUG  Queuing item for routing: Pin on net 'GND' (connected: 1/202)
2026-09-25 22:20:59.295 DEBUG  Queuing item for routing: Pin on net 'GND' (connected: 1/202)
2026-09-25 22:20:59.296 DEBUG  Queuing item for routing: Pin on net 'GND' (connected: 1/202)
2026-09-25 22:20:59.296 DEBUG  Queuing item for routing: Pin on net 'GND' (connected: 1/202)
2026-09-25 22:20:59.296 DEBUG  Queuing item for routing: Pin on net 'GND' (connected: 1/202)
2026-09-25 22:20:59.296 DEBUG  Queuing item for routing: Pin on net 'GND' (connected: 3/202)
2026-09-25 22:20:59.296 DEBUG  Queuing item for routing: Pin on net 'GND' (connected: 3/202)
2026-09-25 22:20:59.296 DEBUG  Queuing item for routing: Pin on net 'GND' (connected: 3/202)
2026-09-25 22:20:59.296 DEBUG  Queuing item for routing: Pin on net 'GND' (connected: 7/202)
2026-09-25 22:20:59.296 DEBUG  Queuing item for routing: Pin on net 'GND' (connected: 3/202)
2026-09-25 22:20:59.296 DEBUG  Queuing item for routing: Pin on net 'GND' (connected: 3/202)
2026-09-25 22:20:59.297 DEBUG  Queuing item for routing: Pin on net 'GND' (connected: 1/202)
2026-09-25 22:20:59.297 DEBUG  Queuing item for routing: Pin on net 'GND' (connected: 1/202)
2026-09-25 22:20:59.578 DEBUG  [43B33D\3757D3] Pass #7: 39 incompletes across 41 items to route
2026-09-25 22:20:59.578 DEBUG  [43B33D\3757D3]   Net 'ISO_GND' has 4 incomplete(s)
2026-09-25 22:20:59.578 DEBUG  [43B33D\3757D3]   Net 'GND' has 33 incomplete(s)
2026-09-25 22:20:59.578 DEBUG  [43B33D\3757D3]   Net '/Motor Valve/RELAY_CMD6' has 1 incomplete(s)
2026-09-25 22:20:59.578 DEBUG  [43B33D\3757D3]   Net 'net_USB_DP' has 1 incomplete(s)
2026-09-25 22:20:59.600 DEBUG  ShapeSearchTree45Degree.completeShape: non-IntOctagon contained shape, using bounding octagon approximation
2026-09-25 22:20:59.604 DEBUG  PolylineTrace.normalize: max normalization depth (16) reached for trace #79566 on net 108 — stopping recursion, trace kept as-is.
2026-09-25 22:20:59.612 DEBUG  PolylineTrace.normalize: max normalization depth (16) reached for trace #79633 on net 108 — stopping recursion, trace kept as-is.
2026-09-25 22:20:59.619 DEBUG  PolylineTrace.normalize: max normalization depth (16) reached for trace #79701 on net 108 — stopping recursion, trace kept as-is.
2026-09-25 22:20:59.710 DEBUG  ShapeSearchTree45Degree.completeShape: non-IntOctagon contained shape, using bounding octagon approximation
2026-09-25 22:20:59.710 DEBUG  ShapeSearchTree45Degree.completeShape: non-IntOctagon contained shape, using bounding octagon approximation
2026-09-25 22:20:59.710 DEBUG  ShapeSearchTree45Degree.completeShape: non-IntOctagon contained shape, using bounding octagon approximation
2026-09-25 22:20:59.710 DEBUG  ShapeSearchTree45Degree.completeShape: non-IntOctagon contained shape, using bounding octagon approximation
2026-09-25 22:20:59.714 DEBUG  PolylineTrace.normalize: max normalization depth (16) reached for trace #79740 on net 108 — stopping recursion, trace kept as-is.
2026-09-25 22:20:59.719 DEBUG  PolylineTrace.normalize: max normalization depth (16) reached for trace #79775 on net 108 — stopping recursion, trace kept as-is.
2026-09-25 22:21:09.130 DEBUG  FoundConnectionInserter: insert trace failed for net #2 at corner 7/21 on layer 0, trace width: 1250, from corner: 6, okPoint: (788898,-251404), target: (770514,-251404)
2026-09-25 22:21:09.165 DEBUG  [43B33D\3757D3] Autorouter Failed to route connection between polylinetrace, polylinetrace, pin #1 of component #119, pin #1 of component #105 and polylinetrace, polylinetrace, polylinetrace, polylinetrace, polylinetrace, polylinetrace, polylinetrace, polylinetrace, polylinetrace, polylinetrace, polylinetrace, polylinetrace, polylinetrace, polylinetrace, polylinetrace, polylinetrace, polylinetrace, polylinetrace, polylinetrace, polylinetrace, polylinetrace, polylinetrace, polylinetrace, polylinetrace, polylinetrace, polylinetrace, polylinetrace, polylinetrace, polylinetrace, polylinetrace, polylinetrace, polylinetrace, polylinetrace, polylinetrace, polylinetrace, polylinetrace, polylinetrace, polylinetrace, polylinetrace, polylinetrace, polylinetrace, polylinetrace, polylinetrace, polylinetrace, polylinetrace, polylinetrace, polylinetrace, polylinetrace, polylinetrace, polylinetrace, polylinetrace, polylinetrace, polylinetrace, polylinetrace, polylinetrace, polylinetrace, polylinetrace, polylinetrace, polylinetrace, polylinetrace, polylinetrace, polylinetrace, polylinetrace, polylinetrace, polylinetrace, polylinetrace, polylinetrace, polylinetrace, polylinetrace, polylinetrace, polylinetrace, polylinetrace, polylinetrace, polylinetrace, polylinetrace, polylinetrace, polylinetrace, polylinetrace, polylinetrace, polylinetrace, polylinetrace, polylinetrace, polylinetrace, polylinetrace, polylinetrace, polylinetrace, polylinetrace, polylinetrace, polylinetrace, polylinetrace, polylinetrace, polylinetrace, pin #8 of component #167, pin #1 of component #149, pin #7 of component #148, pin #5 of component #148, pin #4 of component #148, pin #3 of component #148, pin #1 of component #147, pin #1 of component #145, pin #1 of component #144, pin #1 of component #143, pin #1 of component #142, pin #1 of component #141, pin #1 of component #140, pin #1 of component #139, pin #1 of component #138, pin #1 of component #136, pin #8 of component #135, pin #4 of component #133, pin #3 of component #133, pin #2 of component #133, pin #1 of component #133, pin #19 of component #130, pin #18 of component #130, pin #17 of component #130, pin #16 of component #130, pin #15 of component #130, pin #8 of component #130, pin #7 of component #130, pin of component #130, pin #52 of component #129, pin #51 of component #129, pin #50 of component #129, pin #49 of component #129, pin #48 of component #129, pin #47 of component #129, pin #46 of component #129, pin #45 of component #129, pin #44 of component #129, pin #43 of component #129, pin #42 of component #129, pin #41 of component #129, pin #40 of component #129, pin #39 of component #129, pin of component #129, pin #1 of component #128, pin #1 of component #127, pin #1 of component #126, pin #1 of component #125, pin #1 of component #124, pin #1 of component #123, pin #1 of component #122, pin #1 of component #121, pin #1 of component #120, pin of component #117, pin of component #116, pin of component #115, pin #1 of component #113, pin #1 of component #112, pin #1 of component #111, pin #1 of component #108, pin #1 of component #107, pin #1 of component #106, pin #1 of component #104, pin #1 of component #103, pin #1 of component #102, pin #1 of component #101, pin #1 of component #100, pin #1 of component #99, pin #16 of component #98, pin #15 of component #98, pin #14 of component #98, pin #9 of component #98, pin #2 of component #97, pin #1 of component #96, pin of component #95, pin of component #92, pin of component #91, pin of component #90, pin of component #89, pin of component #88, pin of component #87, pin #27 of component #86, pin #22 of component #86, pin #17 of component #86, pin #16 of component #86, pin #10 of component #86, pin #1 of component #85, pin #1 of component #84, pin #1 of component #83, pin #1 of component #82, pin #1 of component #81, pin #1 of component #80, pin #1 of component #79, pin #1 of component #76, pin #1 of component #72, pin #1 of component #68, pin #1 of component #67, pin #1 of component #66, pin #1 of component #62, pin #1 of component #60, pin #1 of component #59, pin #1 of component #56, pin #1 of component #53, pin #1 of component #52, pin #1 of component #51, pin #1 of component #50, pin #1 of component #48, pin #1 of component #45, pin of component #40, pin #5 of component #29, pin #4 of component #29, pin #3 of component #29, pin #2 of component #29, pin #1 of component #29, pin of component #29, pin #1 of component #11, pin #1 of component #5, pin #1 of component #4, pin #1 of component #3, pin #1 of component #2, pin #1 of component #1, conductionarea, conductionarea, because the new connection could not be inserted.
2026-09-25 22:21:09.165 DEBUG  [43B33D\3757D3] Pass #7: Failed to route Pin on net 'GND' (24 items remaining, 6 failures). State: FAILED
2026-09-25 22:21:11.970 DEBUG  TraceTightener.is_stop_requested: time limit exceeded
2026-09-25 22:21:16.031 DEBUG  TraceTightener.is_stop_requested: time limit exceeded
2026-09-25 22:21:18.720 DEBUG  TraceTightener.is_stop_requested: time limit exceeded
2026-09-25 22:21:20.354 DEBUG  TraceTightener.is_stop_requested: time limit exceeded
2026-09-25 22:21:26.121 DEBUG  TraceTightener.is_stop_requested: time limit exceeded
2026-09-25 22:21:30.367 INFO   [43B33D\3757D3] Auto-routing pass #7 on board '7ae9c011b8969ca9e40009b7e38d96a5' was completed in 31.09 seconds with score 885.78 (38 unrouted and 47 violations), using 236.78 CPU seconds and the job allocated 1653.89 GB of memory so far.
2026-09-25 22:21:30.970 DEBUG  Queuing item for routing: PolylineTrace on net 'net_USB_DP' (connected: 9/11)
2026-09-25 22:21:30.971 DEBUG  Queuing item for routing: PolylineTrace on net 'net_USB_DP' (connected: 2/11)
2026-09-25 22:21:30.971 DEBUG  Queuing item for routing: Pin on net 'GND' (connected: 11/200)
2026-09-25 22:21:30.982 DEBUG  Queuing item for routing: Pin on net 'ISO_GND' (connected: 1/30)
2026-09-25 22:21:30.982 DEBUG  Queuing item for routing: Pin on net 'GND' (connected: 15/200)
2026-09-25 22:21:30.982 DEBUG  Queuing item for routing: Pin on net 'ISO_GND' (connected: 3/30)
2026-09-25 22:21:30.982 DEBUG  Queuing item for routing: Pin on net 'GND' (connected: 3/200)
2026-09-25 22:21:30.982 DEBUG  Queuing item for routing: Pin on net 'GND' (connected: 5/200)
2026-09-25 22:21:30.983 DEBUG  Queuing item for routing: Pin on net 'GND' (connected: 1/200)
2026-09-25 22:21:30.984 DEBUG  Queuing item for routing: Pin on net 'ISO_GND' (connected: 11/30)
2026-09-25 22:21:30.987 DEBUG  Queuing item for routing: Pin on net 'ISO_GND' (connected: 1/30)
2026-09-25 22:21:30.987 DEBUG  Queuing item for routing: Pin on net 'GND' (connected: 6/200)
2026-09-25 22:21:30.989 DEBUG  Queuing item for routing: Pin on net 'GND' (connected: 1/200)
2026-09-25 22:21:30.989 DEBUG  Queuing item for routing: Pin on net 'GND' (connected: 2/200)
2026-09-25 22:21:30.989 DEBUG  Queuing item for routing: Pin on net 'GND' (connected: 5/200)
2026-09-25 22:21:30.989 DEBUG  Queuing item for routing: Pin on net 'GND' (connected: 4/200)
2026-09-25 22:21:30.989 DEBUG  Queuing item for routing: Pin on net 'GND' (connected: 4/200)
2026-09-25 22:21:30.990 DEBUG  Queuing item for routing: Pin on net 'GND' (connected: 11/200)
2026-09-25 22:21:30.990 DEBUG  Queuing item for routing: Pin on net 'GND' (connected: 1/200)
2026-09-25 22:21:30.990 DEBUG  Queuing item for routing: Pin on net 'GND' (connected: 1/200)
2026-09-25 22:21:30.990 DEBUG  Queuing item for routing: Pin on net 'GND' (connected: 5/200)
2026-09-25 22:21:30.990 DEBUG  Queuing item for routing: Pin on net 'GND' (connected: 3/200)
2026-09-25 22:21:30.990 DEBUG  Queuing item for routing: Pin on net 'GND' (connected: 5/200)
2026-09-25 22:21:30.990 DEBUG  Queuing item for routing: Pin on net 'GND' (connected: 6/200)
2026-09-25 22:21:30.990 DEBUG  Queuing item for routing: Pin on net 'GND' (connected: 1/200)
2026-09-25 22:21:30.990 DEBUG  Queuing item for routing: Pin on net 'GND' (connected: 1/200)
2026-09-25 22:21:30.990 DEBUG  Queuing item for routing: Pin on net 'GND' (connected: 1/200)
2026-09-25 22:21:30.990 DEBUG  Queuing item for routing: Pin on net 'GND' (connected: 1/200)
2026-09-25 22:21:30.990 DEBUG  Queuing item for routing: Pin on net 'GND' (connected: 1/200)
2026-09-25 22:21:30.990 DEBUG  Queuing item for routing: Pin on net 'GND' (connected: 1/200)
2026-09-25 22:21:30.990 DEBUG  Queuing item for routing: Pin on net 'GND' (connected: 1/200)
2026-09-25 22:21:30.991 DEBUG  Queuing item for routing: Pin on net 'GND' (connected: 3/200)
2026-09-25 22:21:30.991 DEBUG  Queuing item for routing: Pin on net 'GND' (connected: 3/200)
2026-09-25 22:21:30.991 DEBUG  Queuing item for routing: Pin on net 'GND' (connected: 3/200)
2026-09-25 22:21:30.991 DEBUG  Queuing item for routing: Pin on net 'GND' (connected: 7/200)
2026-09-25 22:21:30.992 DEBUG  Queuing item for routing: Pin on net 'GND' (connected: 3/200)
2026-09-25 22:21:30.992 DEBUG  Queuing item for routing: Pin on net 'GND' (connected: 3/200)
2026-09-25 22:21:30.992 DEBUG  Queuing item for routing: Pin on net 'GND' (connected: 1/200)
2026-09-25 22:21:30.992 DEBUG  Queuing item for routing: Pin on net 'GND' (connected: 1/200)
2026-09-25 22:21:31.283 DEBUG  [43B33D\3757D3] Pass #8: 38 incompletes across 39 items to route
2026-09-25 22:21:31.283 DEBUG  [43B33D\3757D3]   Net 'ISO_GND' has 4 incomplete(s)
2026-09-25 22:21:31.283 DEBUG  [43B33D\3757D3]   Net 'GND' has 33 incomplete(s)
2026-09-25 22:21:31.283 DEBUG  [43B33D\3757D3]   Net 'net_USB_DP' has 1 incomplete(s)
2026-09-25 22:21:31.307 DEBUG  ShapeSearchTree45Degree.completeShape: non-IntOctagon contained shape, using bounding octagon approximation
2026-09-25 22:21:31.312 DEBUG  PolylineTrace.normalize: max normalization depth (16) reached for trace #86950 on net 108 — stopping recursion, trace kept as-is.
2026-09-25 22:21:31.319 DEBUG  PolylineTrace.normalize: max normalization depth (16) reached for trace #87017 on net 108 — stopping recursion, trace kept as-is.
2026-09-25 22:21:31.326 DEBUG  PolylineTrace.normalize: max normalization depth (16) reached for trace #87085 on net 108 — stopping recursion, trace kept as-is.
2026-09-25 22:21:31.415 DEBUG  ShapeSearchTree45Degree.completeShape: non-IntOctagon contained shape, using bounding octagon approximation
2026-09-25 22:21:31.415 DEBUG  ShapeSearchTree45Degree.completeShape: non-IntOctagon contained shape, using bounding octagon approximation
2026-09-25 22:21:31.416 DEBUG  ShapeSearchTree45Degree.completeShape: non-IntOctagon contained shape, using bounding octagon approximation
2026-09-25 22:21:31.416 DEBUG  ShapeSearchTree45Degree.completeShape: non-IntOctagon contained shape, using bounding octagon approximation
2026-09-25 22:21:31.419 DEBUG  PolylineTrace.normalize: max normalization depth (16) reached for trace #87124 on net 108 — stopping recursion, trace kept as-is.
2026-09-25 22:21:31.423 DEBUG  PolylineTrace.normalize: max normalization depth (16) reached for trace #87159 on net 108 — stopping recursion, trace kept as-is.
2026-09-25 22:21:36.939 DEBUG  TraceTightener.is_stop_requested: time limit exceeded
2026-09-25 22:21:40.812 DEBUG  FoundConnectionInserter: insert trace failed for net #2 at corner 7/21 on layer 0, trace width: 1250, from corner: 6, okPoint: (788898,-251404), target: (770514,-251404)
2026-09-25 22:21:40.847 DEBUG  [43B33D\3757D3] Autorouter Failed to route connection between polylinetrace, polylinetrace, pin #1 of component #119, pin #1 of component #105 and polylinetrace, polylinetrace, polylinetrace, polylinetrace, polylinetrace, polylinetrace, polylinetrace, polylinetrace, polylinetrace, polylinetrace, polylinetrace, polylinetrace, polylinetrace, polylinetrace, polylinetrace, polylinetrace, polylinetrace, polylinetrace, polylinetrace, polylinetrace, polylinetrace, polylinetrace, polylinetrace, polylinetrace, polylinetrace, polylinetrace, polylinetrace, polylinetrace, polylinetrace, polylinetrace, polylinetrace, polylinetrace, polylinetrace, polylinetrace, polylinetrace, polylinetrace, polylinetrace, polylinetrace, polylinetrace, polylinetrace, polylinetrace, polylinetrace, polylinetrace, polylinetrace, polylinetrace, polylinetrace, polylinetrace, polylinetrace, polylinetrace, polylinetrace, polylinetrace, polylinetrace, polylinetrace, polylinetrace, polylinetrace, polylinetrace, polylinetrace, polylinetrace, polylinetrace, polylinetrace, polylinetrace, polylinetrace, polylinetrace, polylinetrace, polylinetrace, polylinetrace, polylinetrace, polylinetrace, polylinetrace, polylinetrace, polylinetrace, polylinetrace, polylinetrace, polylinetrace, polylinetrace, polylinetrace, polylinetrace, polylinetrace, polylinetrace, polylinetrace, polylinetrace, polylinetrace, polylinetrace, polylinetrace, polylinetrace, polylinetrace, polylinetrace, polylinetrace, pin #8 of component #167, pin #1 of component #149, pin #7 of component #148, pin #5 of component #148, pin #4 of component #148, pin #3 of component #148, pin #1 of component #147, pin #1 of component #145, pin #1 of component #144, pin #1 of component #143, pin #1 of component #142, pin #1 of component #141, pin #1 of component #140, pin #1 of component #139, pin #1 of component #138, pin #1 of component #136, pin #8 of component #135, pin #4 of component #133, pin #3 of component #133, pin #2 of component #133, pin #1 of component #133, pin #19 of component #130, pin #18 of component #130, pin #17 of component #130, pin #16 of component #130, pin #15 of component #130, pin #8 of component #130, pin #7 of component #130, pin of component #130, pin #52 of component #129, pin #51 of component #129, pin #50 of component #129, pin #49 of component #129, pin #48 of component #129, pin #47 of component #129, pin #46 of component #129, pin #45 of component #129, pin #44 of component #129, pin #43 of component #129, pin #42 of component #129, pin #41 of component #129, pin #40 of component #129, pin #39 of component #129, pin of component #129, pin #1 of component #128, pin #1 of component #127, pin #1 of component #126, pin #1 of component #125, pin #1 of component #124, pin #1 of component #123, pin #1 of component #122, pin #1 of component #121, pin #1 of component #120, pin of component #117, pin of component #116, pin of component #115, pin #1 of component #113, pin #1 of component #112, pin #1 of component #111, pin #1 of component #108, pin #1 of component #107, pin #1 of component #106, pin #1 of component #104, pin #1 of component #103, pin #1 of component #102, pin #1 of component #101, pin #1 of component #100, pin #1 of component #99, pin #16 of component #98, pin #15 of component #98, pin #14 of component #98, pin #9 of component #98, pin #2 of component #97, pin #1 of component #96, pin of component #95, pin of component #92, pin of component #91, pin of component #90, pin of component #89, pin of component #88, pin of component #87, pin #27 of component #86, pin #22 of component #86, pin #17 of component #86, pin #16 of component #86, pin #10 of component #86, pin #1 of component #85, pin #1 of component #84, pin #1 of component #83, pin #1 of component #82, pin #1 of component #81, pin #1 of component #80, pin #1 of component #79, pin #1 of component #76, pin #1 of component #72, pin #1 of component #68, pin #1 of component #67, pin #1 of component #66, pin #1 of component #62, pin #1 of component #60, pin #1 of component #59, pin #1 of component #56, pin #1 of component #53, pin #1 of component #52, pin #1 of component #51, pin #1 of component #50, pin #1 of component #48, pin #1 of component #45, pin of component #40, pin #5 of component #29, pin #4 of component #29, pin #3 of component #29, pin #2 of component #29, pin #1 of component #29, pin of component #29, pin #1 of component #11, pin #1 of component #5, pin #1 of component #4, pin #1 of component #3, pin #1 of component #2, pin #1 of component #1, conductionarea, conductionarea, because the new connection could not be inserted.
2026-09-25 22:21:40.847 DEBUG  [43B33D\3757D3] Pass #8: Failed to route Pin on net 'GND' (24 items remaining, 7 failures). State: FAILED
2026-09-25 22:21:43.649 DEBUG  TraceTightener.is_stop_requested: time limit exceeded
2026-09-25 22:21:45.361 DEBUG  TraceTightener.is_stop_requested: time limit exceeded
2026-09-25 22:21:50.922 DEBUG  TraceTightener.is_stop_requested: time limit exceeded
2026-09-25 22:21:56.686 DEBUG  TraceTightener.is_stop_requested: time limit exceeded
2026-09-25 22:22:00.705 INFO   [43B33D\3757D3] Auto-routing pass #8 on board '777f04ea0e01468841b212a501127aad' was completed in 29.74 seconds with score 885.78 (38 unrouted and 47 violations), using 265.81 CPU seconds and the job allocated 1863.16 GB of memory so far.
2026-09-25 22:22:01.316 DEBUG  Queuing item for routing: PolylineTrace on net 'net_USB_DP' (connected: 9/11)
2026-09-25 22:22:01.316 DEBUG  Queuing item for routing: PolylineTrace on net 'net_USB_DP' (connected: 2/11)
2026-09-25 22:22:01.317 DEBUG  Queuing item for routing: Pin on net 'GND' (connected: 11/200)
2026-09-25 22:22:01.328 DEBUG  Queuing item for routing: Pin on net 'ISO_GND' (connected: 1/30)
2026-09-25 22:22:01.328 DEBUG  Queuing item for routing: Pin on net 'GND' (connected: 15/200)
2026-09-25 22:22:01.328 DEBUG  Queuing item for routing: Pin on net 'ISO_GND' (connected: 3/30)
2026-09-25 22:22:01.328 DEBUG  Queuing item for routing: Pin on net 'GND' (connected: 3/200)
2026-09-25 22:22:01.329 DEBUG  Queuing item for routing: Pin on net 'GND' (connected: 5/200)
2026-09-25 22:22:01.330 DEBUG  Queuing item for routing: Pin on net 'GND' (connected: 1/200)
2026-09-25 22:22:01.330 DEBUG  Queuing item for routing: Pin on net 'ISO_GND' (connected: 11/30)
2026-09-25 22:22:01.333 DEBUG  Queuing item for routing: Pin on net 'ISO_GND' (connected: 1/30)
2026-09-25 22:22:01.334 DEBUG  Queuing item for routing: Pin on net 'GND' (connected: 6/200)
2026-09-25 22:22:01.336 DEBUG  Queuing item for routing: Pin on net 'GND' (connected: 1/200)
2026-09-25 22:22:01.336 DEBUG  Queuing item for routing: Pin on net 'GND' (connected: 2/200)
2026-09-25 22:22:01.336 DEBUG  Queuing item for routing: Pin on net 'GND' (connected: 5/200)
2026-09-25 22:22:01.336 DEBUG  Queuing item for routing: Pin on net 'GND' (connected: 4/200)
2026-09-25 22:22:01.336 DEBUG  Queuing item for routing: Pin on net 'GND' (connected: 4/200)
2026-09-25 22:22:01.337 DEBUG  Queuing item for routing: Pin on net 'GND' (connected: 11/200)
2026-09-25 22:22:01.337 DEBUG  Queuing item for routing: Pin on net 'GND' (connected: 1/200)
2026-09-25 22:22:01.337 DEBUG  Queuing item for routing: Pin on net 'GND' (connected: 1/200)
2026-09-25 22:22:01.337 DEBUG  Queuing item for routing: Pin on net 'GND' (connected: 5/200)
2026-09-25 22:22:01.337 DEBUG  Queuing item for routing: Pin on net 'GND' (connected: 3/200)
2026-09-25 22:22:01.337 DEBUG  Queuing item for routing: Pin on net 'GND' (connected: 5/200)
2026-09-25 22:22:01.337 DEBUG  Queuing item for routing: Pin on net 'GND' (connected: 6/200)
2026-09-25 22:22:01.337 DEBUG  Queuing item for routing: Pin on net 'GND' (connected: 1/200)
2026-09-25 22:22:01.337 DEBUG  Queuing item for routing: Pin on net 'GND' (connected: 1/200)
2026-09-25 22:22:01.337 DEBUG  Queuing item for routing: Pin on net 'GND' (connected: 1/200)
2026-09-25 22:22:01.337 DEBUG  Queuing item for routing: Pin on net 'GND' (connected: 1/200)
2026-09-25 22:22:01.337 DEBUG  Queuing item for routing: Pin on net 'GND' (connected: 1/200)
2026-09-25 22:22:01.337 DEBUG  Queuing item for routing: Pin on net 'GND' (connected: 1/200)
2026-09-25 22:22:01.337 DEBUG  Queuing item for routing: Pin on net 'GND' (connected: 1/200)
2026-09-25 22:22:01.337 DEBUG  Queuing item for routing: Pin on net 'GND' (connected: 3/200)
2026-09-25 22:22:01.338 DEBUG  Queuing item for routing: Pin on net 'GND' (connected: 3/200)
2026-09-25 22:22:01.338 DEBUG  Queuing item for routing: Pin on net 'GND' (connected: 3/200)
2026-09-25 22:22:01.338 DEBUG  Queuing item for routing: Pin on net 'GND' (connected: 7/200)
2026-09-25 22:22:01.338 DEBUG  Queuing item for routing: Pin on net 'GND' (connected: 3/200)
2026-09-25 22:22:01.338 DEBUG  Queuing item for routing: Pin on net 'GND' (connected: 3/200)
2026-09-25 22:22:01.339 DEBUG  Queuing item for routing: Pin on net 'GND' (connected: 1/200)
2026-09-25 22:22:01.339 DEBUG  Queuing item for routing: Pin on net 'GND' (connected: 1/200)
2026-09-25 22:22:01.625 DEBUG  [43B33D\3757D3] Pass #9: 38 incompletes across 39 items to route
2026-09-25 22:22:01.625 DEBUG  [43B33D\3757D3]   Net 'ISO_GND' has 4 incomplete(s)
2026-09-25 22:22:01.625 DEBUG  [43B33D\3757D3]   Net 'GND' has 33 incomplete(s)
2026-09-25 22:22:01.625 DEBUG  [43B33D\3757D3]   Net 'net_USB_DP' has 1 incomplete(s)
2026-09-25 22:22:01.647 DEBUG  ShapeSearchTree45Degree.completeShape: non-IntOctagon contained shape, using bounding octagon approximation
2026-09-25 22:22:01.651 DEBUG  PolylineTrace.normalize: max normalization depth (16) reached for trace #93687 on net 108 — stopping recursion, trace kept as-is.
2026-09-25 22:22:01.660 DEBUG  PolylineTrace.normalize: max normalization depth (16) reached for trace #93754 on net 108 — stopping recursion, trace kept as-is.
2026-09-25 22:22:01.668 DEBUG  PolylineTrace.normalize: max normalization depth (16) reached for trace #93822 on net 108 — stopping recursion, trace kept as-is.
2026-09-25 22:22:01.764 DEBUG  ShapeSearchTree45Degree.completeShape: non-IntOctagon contained shape, using bounding octagon approximation
2026-09-25 22:22:01.764 DEBUG  ShapeSearchTree45Degree.completeShape: non-IntOctagon contained shape, using bounding octagon approximation
2026-09-25 22:22:01.765 DEBUG  ShapeSearchTree45Degree.completeShape: non-IntOctagon contained shape, using bounding octagon approximation
2026-09-25 22:22:01.765 DEBUG  ShapeSearchTree45Degree.completeShape: non-IntOctagon contained shape, using bounding octagon approximation
2026-09-25 22:22:01.768 DEBUG  PolylineTrace.normalize: max normalization depth (16) reached for trace #93861 on net 108 — stopping recursion, trace kept as-is.
2026-09-25 22:22:01.773 DEBUG  PolylineTrace.normalize: max normalization depth (16) reached for trace #93896 on net 108 — stopping recursion, trace kept as-is.
2026-09-25 22:22:03.632 DEBUG  TraceTightener.is_stop_requested: time limit exceeded
2026-09-25 22:22:08.841 DEBUG  TraceTightener.is_stop_requested: time limit exceeded
2026-09-25 22:22:12.400 DEBUG  FoundConnectionInserter: insert trace failed for net #2 at corner 7/21 on layer 0, trace width: 1250, from corner: 6, okPoint: (788898,-251404), target: (770514,-251404)
2026-09-25 22:22:12.437 DEBUG  [43B33D\3757D3] Autorouter Failed to route connection between polylinetrace, polylinetrace, pin #1 of component #119, pin #1 of component #105 and polylinetrace, polylinetrace, polylinetrace, polylinetrace, polylinetrace, polylinetrace, polylinetrace, polylinetrace, polylinetrace, polylinetrace, polylinetrace, polylinetrace, polylinetrace, polylinetrace, polylinetrace, polylinetrace, polylinetrace, polylinetrace, polylinetrace, polylinetrace, polylinetrace, polylinetrace, polylinetrace, polylinetrace, polylinetrace, polylinetrace, polylinetrace, polylinetrace, polylinetrace, polylinetrace, polylinetrace, polylinetrace, polylinetrace, polylinetrace, polylinetrace, polylinetrace, polylinetrace, polylinetrace, polylinetrace, polylinetrace, polylinetrace, polylinetrace, polylinetrace, polylinetrace, polylinetrace, polylinetrace, polylinetrace, polylinetrace, polylinetrace, polylinetrace, polylinetrace, polylinetrace, polylinetrace, polylinetrace, polylinetrace, polylinetrace, polylinetrace, polylinetrace, polylinetrace, polylinetrace, polylinetrace, polylinetrace, polylinetrace, polylinetrace, polylinetrace, polylinetrace, polylinetrace, polylinetrace, polylinetrace, polylinetrace, polylinetrace, polylinetrace, polylinetrace, polylinetrace, polylinetrace, polylinetrace, polylinetrace, polylinetrace, polylinetrace, polylinetrace, polylinetrace, polylinetrace, polylinetrace, polylinetrace, polylinetrace, polylinetrace, polylinetrace, polylinetrace, polylinetrace, polylinetrace, polylinetrace, polylinetrace, pin #8 of component #167, pin #1 of component #149, pin #7 of component #148, pin #5 of component #148, pin #4 of component #148, pin #3 of component #148, pin #1 of component #147, pin #1 of component #145, pin #1 of component #144, pin #1 of component #143, pin #1 of component #142, pin #1 of component #141, pin #1 of component #140, pin #1 of component #139, pin #1 of component #138, pin #1 of component #136, pin #8 of component #135, pin #4 of component #133, pin #3 of component #133, pin #2 of component #133, pin #1 of component #133, pin #19 of component #130, pin #18 of component #130, pin #17 of component #130, pin #16 of component #130, pin #15 of component #130, pin #8 of component #130, pin #7 of component #130, pin of component #130, pin #52 of component #129, pin #51 of component #129, pin #50 of component #129, pin #49 of component #129, pin #48 of component #129, pin #47 of component #129, pin #46 of component #129, pin #45 of component #129, pin #44 of component #129, pin #43 of component #129, pin #42 of component #129, pin #41 of component #129, pin #40 of component #129, pin #39 of component #129, pin of component #129, pin #1 of component #128, pin #1 of component #127, pin #1 of component #126, pin #1 of component #125, pin #1 of component #124, pin #1 of component #123, pin #1 of component #122, pin #1 of component #121, pin #1 of component #120, pin of component #117, pin of component #116, pin of component #115, pin #1 of component #113, pin #1 of component #112, pin #1 of component #111, pin #1 of component #108, pin #1 of component #107, pin #1 of component #106, pin #1 of component #104, pin #1 of component #103, pin #1 of component #102, pin #1 of component #101, pin #1 of component #100, pin #1 of component #99, pin #16 of component #98, pin #15 of component #98, pin #14 of component #98, pin #9 of component #98, pin #2 of component #97, pin #1 of component #96, pin of component #95, pin of component #92, pin of component #91, pin of component #90, pin of component #89, pin of component #88, pin of component #87, pin #27 of component #86, pin #22 of component #86, pin #17 of component #86, pin #16 of component #86, pin #10 of component #86, pin #1 of component #85, pin #1 of component #84, pin #1 of component #83, pin #1 of component #82, pin #1 of component #81, pin #1 of component #80, pin #1 of component #79, pin #1 of component #76, pin #1 of component #72, pin #1 of component #68, pin #1 of component #67, pin #1 of component #66, pin #1 of component #62, pin #1 of component #60, pin #1 of component #59, pin #1 of component #56, pin #1 of component #53, pin #1 of component #52, pin #1 of component #51, pin #1 of component #50, pin #1 of component #48, pin #1 of component #45, pin of component #40, pin #5 of component #29, pin #4 of component #29, pin #3 of component #29, pin #2 of component #29, pin #1 of component #29, pin of component #29, pin #1 of component #11, pin #1 of component #5, pin #1 of component #4, pin #1 of component #3, pin #1 of component #2, pin #1 of component #1, conductionarea, conductionarea, because the new connection could not be inserted.
2026-09-25 22:22:12.437 DEBUG  [43B33D\3757D3] Pass #9: Failed to route Pin on net 'GND' (24 items remaining, 8 failures). State: FAILED
2026-09-25 22:22:15.222 DEBUG  TraceTightener.is_stop_requested: time limit exceeded
2026-09-25 22:22:16.927 DEBUG  TraceTightener.is_stop_requested: time limit exceeded
2026-09-25 22:22:20.078 DEBUG  TraceTightener.is_stop_requested: time limit exceeded
2026-09-25 22:22:21.240 DEBUG  FoundConnectionInserter: via placement blocked by clearance/shove limits for net #2
2026-09-25 22:22:21.277 DEBUG  [43B33D\3757D3] Autorouter Failed to route connection between polylinetrace, polylinetrace, polylinetrace, polylinetrace, polylinetrace, pin #16 of component #98, pin #15 of component #98, pin #14 of component #98 and polylinetrace, polylinetrace, polylinetrace, polylinetrace, polylinetrace, polylinetrace, polylinetrace, polylinetrace, polylinetrace, polylinetrace, polylinetrace, polylinetrace, polylinetrace, polylinetrace, polylinetrace, polylinetrace, polylinetrace, polylinetrace, polylinetrace, polylinetrace, polylinetrace, polylinetrace, polylinetrace, polylinetrace, polylinetrace, polylinetrace, polylinetrace, polylinetrace, polylinetrace, polylinetrace, polylinetrace, polylinetrace, polylinetrace, polylinetrace, polylinetrace, polylinetrace, polylinetrace, polylinetrace, polylinetrace, polylinetrace, polylinetrace, polylinetrace, polylinetrace, polylinetrace, polylinetrace, polylinetrace, polylinetrace, polylinetrace, polylinetrace, polylinetrace, polylinetrace, polylinetrace, polylinetrace, polylinetrace, polylinetrace, polylinetrace, polylinetrace, polylinetrace, polylinetrace, polylinetrace, polylinetrace, polylinetrace, polylinetrace, polylinetrace, polylinetrace, polylinetrace, polylinetrace, polylinetrace, polylinetrace, polylinetrace, polylinetrace, polylinetrace, polylinetrace, polylinetrace, polylinetrace, polylinetrace, polylinetrace, polylinetrace, polylinetrace, polylinetrace, polylinetrace, polylinetrace, polylinetrace, polylinetrace, polylinetrace, polylinetrace, polylinetrace, polylinetrace, polylinetrace, polylinetrace, polylinetrace, polylinetrace, polylinetrace, polylinetrace, polylinetrace, polylinetrace, polylinetrace, polylinetrace, polylinetrace, pin #8 of component #167, pin #1 of component #149, pin #7 of component #148, pin #5 of component #148, pin #4 of component #148, pin #3 of component #148, pin #1 of component #147, pin #1 of component #145, pin #1 of component #144, pin #1 of component #143, pin #1 of component #142, pin #1 of component #141, pin #1 of component #140, pin #1 of component #139, pin #1 of component #138, pin #1 of component #136, pin #8 of component #135, pin #4 of component #133, pin #3 of component #133, pin #2 of component #133, pin #1 of component #133, pin #19 of component #130, pin #18 of component #130, pin #17 of component #130, pin #16 of component #130, pin #15 of component #130, pin #8 of component #130, pin #7 of component #130, pin of component #130, pin #52 of component #129, pin #51 of component #129, pin #50 of component #129, pin #49 of component #129, pin #48 of component #129, pin #47 of component #129, pin #46 of component #129, pin #45 of component #129, pin #44 of component #129, pin #43 of component #129, pin #42 of component #129, pin #41 of component #129, pin #40 of component #129, pin #39 of component #129, pin of component #129, pin #1 of component #128, pin #1 of component #127, pin #1 of component #126, pin #1 of component #125, pin #1 of component #124, pin #1 of component #123, pin #1 of component #122, pin #1 of component #121, pin #1 of component #120, pin #1 of component #119, pin of component #117, pin of component #116, pin of component #115, pin #1 of component #113, pin #1 of component #112, pin #1 of component #111, pin #1 of component #108, pin #1 of component #107, pin #1 of component #106, pin #1 of component #105, pin #1 of component #104, pin #1 of component #103, pin #1 of component #102, pin #1 of component #101, pin #1 of component #100, pin #1 of component #99, pin #9 of component #98, pin #2 of component #97, pin #1 of component #96, pin of component #95, pin of component #92, pin of component #91, pin of component #90, pin of component #89, pin of component #88, pin of component #87, pin #27 of component #86, pin #22 of component #86, pin #17 of component #86, pin #16 of component #86, pin #10 of component #86, pin #1 of component #85, pin #1 of component #84, pin #1 of component #83, pin #1 of component #82, pin #1 of component #81, pin #1 of component #80, pin #1 of component #79, pin #1 of component #76, pin #1 of component #72, pin #1 of component #68, pin #1 of component #67, pin #1 of component #66, pin #1 of component #62, pin #1 of component #60, pin #1 of component #59, pin #1 of component #56, pin #1 of component #53, pin #1 of component #52, pin #1 of component #51, pin #1 of component #50, pin #1 of component #48, pin #1 of component #45, pin of component #40, pin #5 of component #29, pin #4 of component #29, pin #3 of component #29, pin #2 of component #29, pin #1 of component #29, pin of component #29, pin #1 of component #11, pin #1 of component #5, pin #1 of component #4, pin #1 of component #3, pin #1 of component #2, pin #1 of component #1, conductionarea, conductionarea, because the new connection could not be inserted.
2026-09-25 22:22:22.884 DEBUG  TraceTightener.is_stop_requested: time limit exceeded
2026-09-25 22:22:28.865 DEBUG  TraceTightener.is_stop_requested: time limit exceeded
2026-09-25 22:22:32.989 INFO   [43B33D\3757D3] Auto-routing pass #9 on board 'd79b5033b5db6111b60808c53ba63d21' was completed in 31.67 seconds with score 885.78 (38 unrouted and 47 violations), using 297.73 CPU seconds and the job allocated 2092.30 GB of memory so far.
2026-09-25 22:22:33.579 DEBUG  Queuing item for routing: PolylineTrace on net 'net_USB_DP' (connected: 9/11)
2026-09-25 22:22:33.579 DEBUG  Queuing item for routing: PolylineTrace on net 'net_USB_DP' (connected: 2/11)
2026-09-25 22:22:33.580 DEBUG  Queuing item for routing: Pin on net 'GND' (connected: 11/200)
2026-09-25 22:22:33.592 DEBUG  Queuing item for routing: Pin on net 'ISO_GND' (connected: 1/30)
2026-09-25 22:22:33.592 DEBUG  Queuing item for routing: Pin on net 'GND' (connected: 15/200)
2026-09-25 22:22:33.592 DEBUG  Queuing item for routing: Pin on net 'ISO_GND' (connected: 3/30)
2026-09-25 22:22:33.592 DEBUG  Queuing item for routing: Pin on net 'GND' (connected: 3/200)
2026-09-25 22:22:33.592 DEBUG  Queuing item for routing: Pin on net 'GND' (connected: 5/200)
2026-09-25 22:22:33.593 DEBUG  Queuing item for routing: Pin on net 'GND' (connected: 1/200)
2026-09-25 22:22:33.594 DEBUG  Queuing item for routing: Pin on net 'ISO_GND' (connected: 11/30)
2026-09-25 22:22:33.596 DEBUG  Queuing item for routing: Pin on net 'ISO_GND' (connected: 1/30)
2026-09-25 22:22:33.596 DEBUG  Queuing item for routing: Pin on net 'GND' (connected: 6/200)
2026-09-25 22:22:33.599 DEBUG  Queuing item for routing: Pin on net 'GND' (connected: 1/200)
2026-09-25 22:22:33.599 DEBUG  Queuing item for routing: Pin on net 'GND' (connected: 2/200)
2026-09-25 22:22:33.599 DEBUG  Queuing item for routing: Pin on net 'GND' (connected: 5/200)
2026-09-25 22:22:33.599 DEBUG  Queuing item for routing: Pin on net 'GND' (connected: 4/200)
2026-09-25 22:22:33.599 DEBUG  Queuing item for routing: Pin on net 'GND' (connected: 4/200)
2026-09-25 22:22:33.599 DEBUG  Queuing item for routing: Pin on net 'GND' (connected: 11/200)
2026-09-25 22:22:33.599 DEBUG  Queuing item for routing: Pin on net 'GND' (connected: 1/200)
2026-09-25 22:22:33.599 DEBUG  Queuing item for routing: Pin on net 'GND' (connected: 1/200)
2026-09-25 22:22:33.599 DEBUG  Queuing item for routing: Pin on net 'GND' (connected: 5/200)
2026-09-25 22:22:33.599 DEBUG  Queuing item for routing: Pin on net 'GND' (connected: 3/200)
2026-09-25 22:22:33.599 DEBUG  Queuing item for routing: Pin on net 'GND' (connected: 5/200)
2026-09-25 22:22:33.599 DEBUG  Queuing item for routing: Pin on net 'GND' (connected: 6/200)
2026-09-25 22:22:33.600 DEBUG  Queuing item for routing: Pin on net 'GND' (connected: 1/200)
2026-09-25 22:22:33.600 DEBUG  Queuing item for routing: Pin on net 'GND' (connected: 1/200)
2026-09-25 22:22:33.600 DEBUG  Queuing item for routing: Pin on net 'GND' (connected: 1/200)
2026-09-25 22:22:33.600 DEBUG  Queuing item for routing: Pin on net 'GND' (connected: 1/200)
2026-09-25 22:22:33.600 DEBUG  Queuing item for routing: Pin on net 'GND' (connected: 1/200)
2026-09-25 22:22:33.600 DEBUG  Queuing item for routing: Pin on net 'GND' (connected: 1/200)
2026-09-25 22:22:33.600 DEBUG  Queuing item for routing: Pin on net 'GND' (connected: 1/200)
2026-09-25 22:22:33.600 DEBUG  Queuing item for routing: Pin on net 'GND' (connected: 3/200)
2026-09-25 22:22:33.600 DEBUG  Queuing item for routing: Pin on net 'GND' (connected: 3/200)
2026-09-25 22:22:33.601 DEBUG  Queuing item for routing: Pin on net 'GND' (connected: 3/200)
2026-09-25 22:22:33.601 DEBUG  Queuing item for routing: Pin on net 'GND' (connected: 7/200)
2026-09-25 22:22:33.601 DEBUG  Queuing item for routing: Pin on net 'GND' (connected: 3/200)
2026-09-25 22:22:33.601 DEBUG  Queuing item for routing: Pin on net 'GND' (connected: 3/200)
2026-09-25 22:22:33.601 DEBUG  Queuing item for routing: Pin on net 'GND' (connected: 1/200)
2026-09-25 22:22:33.602 DEBUG  Queuing item for routing: Pin on net 'GND' (connected: 1/200)
2026-09-25 22:22:33.888 DEBUG  [43B33D\3757D3] Pass #10: 38 incompletes across 39 items to route
2026-09-25 22:22:33.888 DEBUG  [43B33D\3757D3]   Net 'ISO_GND' has 4 incomplete(s)
2026-09-25 22:22:33.888 DEBUG  [43B33D\3757D3]   Net 'GND' has 33 incomplete(s)
2026-09-25 22:22:33.888 DEBUG  [43B33D\3757D3]   Net 'net_USB_DP' has 1 incomplete(s)
2026-09-25 22:22:33.911 DEBUG  ShapeSearchTree45Degree.completeShape: non-IntOctagon contained shape, using bounding octagon approximation
2026-09-25 22:22:33.915 DEBUG  PolylineTrace.normalize: max normalization depth (16) reached for trace #100382 on net 108 — stopping recursion, trace kept as-is.
2026-09-25 22:22:33.922 DEBUG  PolylineTrace.normalize: max normalization depth (16) reached for trace #100449 on net 108 — stopping recursion, trace kept as-is.
2026-09-25 22:22:33.930 DEBUG  PolylineTrace.normalize: max normalization depth (16) reached for trace #100517 on net 108 — stopping recursion, trace kept as-is.
2026-09-25 22:22:34.020 DEBUG  ShapeSearchTree45Degree.completeShape: non-IntOctagon contained shape, using bounding octagon approximation
2026-09-25 22:22:34.020 DEBUG  ShapeSearchTree45Degree.completeShape: non-IntOctagon contained shape, using bounding octagon approximation
2026-09-25 22:22:34.020 DEBUG  ShapeSearchTree45Degree.completeShape: non-IntOctagon contained shape, using bounding octagon approximation
2026-09-25 22:22:34.020 DEBUG  ShapeSearchTree45Degree.completeShape: non-IntOctagon contained shape, using bounding octagon approximation
2026-09-25 22:22:34.024 DEBUG  PolylineTrace.normalize: max normalization depth (16) reached for trace #100556 on net 108 — stopping recursion, trace kept as-is.
2026-09-25 22:22:34.028 DEBUG  PolylineTrace.normalize: max normalization depth (16) reached for trace #100591 on net 108 — stopping recursion, trace kept as-is.
2026-09-25 22:22:39.478 DEBUG  TraceTightener.is_stop_requested: time limit exceeded
2026-09-25 22:22:41.661 DEBUG  TraceTightener.is_stop_requested: time limit exceeded
2026-09-25 22:22:43.387 DEBUG  FoundConnectionInserter: insert trace failed for net #2 at corner 7/21 on layer 0, trace width: 1250, from corner: 6, okPoint: (788898,-251404), target: (770514,-251404)
2026-09-25 22:22:43.423 DEBUG  [43B33D\3757D3] Autorouter Failed to route connection between polylinetrace, polylinetrace, pin #1 of component #119, pin #1 of component #105 and polylinetrace, polylinetrace, polylinetrace, polylinetrace, polylinetrace, polylinetrace, polylinetrace, polylinetrace, polylinetrace, polylinetrace, polylinetrace, polylinetrace, polylinetrace, polylinetrace, polylinetrace, polylinetrace, polylinetrace, polylinetrace, polylinetrace, polylinetrace, polylinetrace, polylinetrace, polylinetrace, polylinetrace, polylinetrace, polylinetrace, polylinetrace, polylinetrace, polylinetrace, polylinetrace, polylinetrace, polylinetrace, polylinetrace, polylinetrace, polylinetrace, polylinetrace, polylinetrace, polylinetrace, polylinetrace, polylinetrace, polylinetrace, polylinetrace, polylinetrace, polylinetrace, polylinetrace, polylinetrace, polylinetrace, polylinetrace, polylinetrace, polylinetrace, polylinetrace, polylinetrace, polylinetrace, polylinetrace, polylinetrace, polylinetrace, polylinetrace, polylinetrace, polylinetrace, polylinetrace, polylinetrace, polylinetrace, polylinetrace, polylinetrace, polylinetrace, polylinetrace, polylinetrace, polylinetrace, polylinetrace, polylinetrace, polylinetrace, polylinetrace, polylinetrace, polylinetrace, polylinetrace, polylinetrace, polylinetrace, polylinetrace, polylinetrace, polylinetrace, polylinetrace, polylinetrace, polylinetrace, polylinetrace, polylinetrace, polylinetrace, polylinetrace, polylinetrace, pin #8 of component #167, pin #1 of component #149, pin #7 of component #148, pin #5 of component #148, pin #4 of component #148, pin #3 of component #148, pin #1 of component #147, pin #1 of component #145, pin #1 of component #144, pin #1 of component #143, pin #1 of component #142, pin #1 of component #141, pin #1 of component #140, pin #1 of component #139, pin #1 of component #138, pin #1 of component #136, pin #8 of component #135, pin #4 of component #133, pin #3 of component #133, pin #2 of component #133, pin #1 of component #133, pin #19 of component #130, pin #18 of component #130, pin #17 of component #130, pin #16 of component #130, pin #15 of component #130, pin #8 of component #130, pin #7 of component #130, pin of component #130, pin #52 of component #129, pin #51 of component #129, pin #50 of component #129, pin #49 of component #129, pin #48 of component #129, pin #47 of component #129, pin #46 of component #129, pin #45 of component #129, pin #44 of component #129, pin #43 of component #129, pin #42 of component #129, pin #41 of component #129, pin #40 of component #129, pin #39 of component #129, pin of component #129, pin #1 of component #128, pin #1 of component #127, pin #1 of component #126, pin #1 of component #125, pin #1 of component #124, pin #1 of component #123, pin #1 of component #122, pin #1 of component #121, pin #1 of component #120, pin of component #117, pin of component #116, pin of component #115, pin #1 of component #113, pin #1 of component #112, pin #1 of component #111, pin #1 of component #108, pin #1 of component #107, pin #1 of component #106, pin #1 of component #104, pin #1 of component #103, pin #1 of component #102, pin #1 of component #101, pin #1 of component #100, pin #1 of component #99, pin #16 of component #98, pin #15 of component #98, pin #14 of component #98, pin #9 of component #98, pin #2 of component #97, pin #1 of component #96, pin of component #95, pin of component #92, pin of component #91, pin of component #90, pin of component #89, pin of component #88, pin of component #87, pin #27 of component #86, pin #22 of component #86, pin #17 of component #86, pin #16 of component #86, pin #10 of component #86, pin #1 of component #85, pin #1 of component #84, pin #1 of component #83, pin #1 of component #82, pin #1 of component #81, pin #1 of component #80, pin #1 of component #79, pin #1 of component #76, pin #1 of component #72, pin #1 of component #68, pin #1 of component #67, pin #1 of component #66, pin #1 of component #62, pin #1 of component #60, pin #1 of component #59, pin #1 of component #56, pin #1 of component #53, pin #1 of component #52, pin #1 of component #51, pin #1 of component #50, pin #1 of component #48, pin #1 of component #45, pin of component #40, pin #5 of component #29, pin #4 of component #29, pin #3 of component #29, pin #2 of component #29, pin #1 of component #29, pin of component #29, pin #1 of component #11, pin #1 of component #5, pin #1 of component #4, pin #1 of component #3, pin #1 of component #2, pin #1 of component #1, conductionarea, conductionarea, because the new connection could not be inserted.
2026-09-25 22:22:43.423 DEBUG  [43B33D\3757D3] Pass #10: Failed to route Pin on net 'GND' (24 items remaining, 9 failures). State: FAILED
2026-09-25 22:22:46.211 DEBUG  TraceTightener.is_stop_requested: time limit exceeded
2026-09-25 22:22:47.887 DEBUG  TraceTightener.is_stop_requested: time limit exceeded
2026-09-25 22:22:53.168 DEBUG  TraceTightener.is_stop_requested: time limit exceeded
2026-09-25 22:22:58.897 DEBUG  TraceTightener.is_stop_requested: time limit exceeded
2026-09-25 22:23:02.897 INFO   [43B33D\3757D3] Auto-routing pass #10 on board 'b021c6ff6a35b7962047012b0b0cdad2' was completed in 29.32 seconds with score 885.78 (38 unrouted and 47 violations), using 325.95 CPU seconds and the job allocated 2295.17 GB of memory so far.
2026-09-25 22:23:03.498 DEBUG  Queuing item for routing: PolylineTrace on net 'net_USB_DP' (connected: 9/11)
2026-09-25 22:23:03.498 DEBUG  Queuing item for routing: PolylineTrace on net 'net_USB_DP' (connected: 2/11)
2026-09-25 22:23:03.499 DEBUG  Queuing item for routing: Pin on net 'GND' (connected: 11/200)
2026-09-25 22:23:03.510 DEBUG  Queuing item for routing: Pin on net 'ISO_GND' (connected: 1/30)
2026-09-25 22:23:03.511 DEBUG  Queuing item for routing: Pin on net 'GND' (connected: 15/200)
2026-09-25 22:23:03.511 DEBUG  Queuing item for routing: Pin on net 'ISO_GND' (connected: 3/30)
2026-09-25 22:23:03.511 DEBUG  Queuing item for routing: Pin on net 'GND' (connected: 3/200)
2026-09-25 22:23:03.511 DEBUG  Queuing item for routing: Pin on net 'GND' (connected: 5/200)
2026-09-25 22:23:03.512 DEBUG  Queuing item for routing: Pin on net 'GND' (connected: 1/200)
2026-09-25 22:23:03.513 DEBUG  Queuing item for routing: Pin on net 'ISO_GND' (connected: 11/30)
2026-09-25 22:23:03.515 DEBUG  Queuing item for routing: Pin on net 'ISO_GND' (connected: 1/30)
2026-09-25 22:23:03.515 DEBUG  Queuing item for routing: Pin on net 'GND' (connected: 6/200)
2026-09-25 22:23:03.518 DEBUG  Queuing item for routing: Pin on net 'GND' (connected: 1/200)
2026-09-25 22:23:03.518 DEBUG  Queuing item for routing: Pin on net 'GND' (connected: 2/200)
2026-09-25 22:23:03.518 DEBUG  Queuing item for routing: Pin on net 'GND' (connected: 5/200)
2026-09-25 22:23:03.518 DEBUG  Queuing item for routing: Pin on net 'GND' (connected: 4/200)
2026-09-25 22:23:03.518 DEBUG  Queuing item for routing: Pin on net 'GND' (connected: 4/200)
2026-09-25 22:23:03.518 DEBUG  Queuing item for routing: Pin on net 'GND' (connected: 11/200)
2026-09-25 22:23:03.518 DEBUG  Queuing item for routing: Pin on net 'GND' (connected: 1/200)
2026-09-25 22:23:03.518 DEBUG  Queuing item for routing: Pin on net 'GND' (connected: 1/200)
2026-09-25 22:23:03.518 DEBUG  Queuing item for routing: Pin on net 'GND' (connected: 5/200)
2026-09-25 22:23:03.518 DEBUG  Queuing item for routing: Pin on net 'GND' (connected: 3/200)
2026-09-25 22:23:03.518 DEBUG  Queuing item for routing: Pin on net 'GND' (connected: 5/200)
2026-09-25 22:23:03.518 DEBUG  Queuing item for routing: Pin on net 'GND' (connected: 6/200)
2026-09-25 22:23:03.519 DEBUG  Queuing item for routing: Pin on net 'GND' (connected: 1/200)
2026-09-25 22:23:03.519 DEBUG  Queuing item for routing: Pin on net 'GND' (connected: 1/200)
2026-09-25 22:23:03.519 DEBUG  Queuing item for routing: Pin on net 'GND' (connected: 1/200)
2026-09-25 22:23:03.519 DEBUG  Queuing item for routing: Pin on net 'GND' (connected: 1/200)
2026-09-25 22:23:03.519 DEBUG  Queuing item for routing: Pin on net 'GND' (connected: 1/200)
2026-09-25 22:23:03.519 DEBUG  Queuing item for routing: Pin on net 'GND' (connected: 1/200)
2026-09-25 22:23:03.519 DEBUG  Queuing item for routing: Pin on net 'GND' (connected: 1/200)
2026-09-25 22:23:03.519 DEBUG  Queuing item for routing: Pin on net 'GND' (connected: 3/200)
2026-09-25 22:23:03.520 DEBUG  Queuing item for routing: Pin on net 'GND' (connected: 3/200)
2026-09-25 22:23:03.520 DEBUG  Queuing item for routing: Pin on net 'GND' (connected: 3/200)
2026-09-25 22:23:03.520 DEBUG  Queuing item for routing: Pin on net 'GND' (connected: 7/200)
2026-09-25 22:23:03.520 DEBUG  Queuing item for routing: Pin on net 'GND' (connected: 3/200)
2026-09-25 22:23:03.520 DEBUG  Queuing item for routing: Pin on net 'GND' (connected: 3/200)
2026-09-25 22:23:03.521 DEBUG  Queuing item for routing: Pin on net 'GND' (connected: 1/200)
2026-09-25 22:23:03.521 DEBUG  Queuing item for routing: Pin on net 'GND' (connected: 1/200)
2026-09-25 22:23:03.810 DEBUG  [43B33D\3757D3] Pass #11: 38 incompletes across 39 items to route
2026-09-25 22:23:03.810 DEBUG  [43B33D\3757D3]   Net 'ISO_GND' has 4 incomplete(s)
2026-09-25 22:23:03.810 DEBUG  [43B33D\3757D3]   Net 'GND' has 33 incomplete(s)
2026-09-25 22:23:03.810 DEBUG  [43B33D\3757D3]   Net 'net_USB_DP' has 1 incomplete(s)
2026-09-25 22:23:03.831 DEBUG  ShapeSearchTree45Degree.completeShape: non-IntOctagon contained shape, using bounding octagon approximation
2026-09-25 22:23:03.836 DEBUG  PolylineTrace.normalize: max normalization depth (16) reached for trace #107106 on net 108 — stopping recursion, trace kept as-is.
2026-09-25 22:23:03.846 DEBUG  PolylineTrace.normalize: max normalization depth (16) reached for trace #107173 on net 108 — stopping recursion, trace kept as-is.
2026-09-25 22:23:03.853 DEBUG  PolylineTrace.normalize: max normalization depth (16) reached for trace #107241 on net 108 — stopping recursion, trace kept as-is.
2026-09-25 22:23:03.942 DEBUG  ShapeSearchTree45Degree.completeShape: non-IntOctagon contained shape, using bounding octagon approximation
2026-09-25 22:23:03.942 DEBUG  ShapeSearchTree45Degree.completeShape: non-IntOctagon contained shape, using bounding octagon approximation
2026-09-25 22:23:03.943 DEBUG  ShapeSearchTree45Degree.completeShape: non-IntOctagon contained shape, using bounding octagon approximation
2026-09-25 22:23:03.943 DEBUG  ShapeSearchTree45Degree.completeShape: non-IntOctagon contained shape, using bounding octagon approximation
2026-09-25 22:23:03.946 DEBUG  PolylineTrace.normalize: max normalization depth (16) reached for trace #107280 on net 108 — stopping recursion, trace kept as-is.
2026-09-25 22:23:03.951 DEBUG  PolylineTrace.normalize: max normalization depth (16) reached for trace #107315 on net 108 — stopping recursion, trace kept as-is.
2026-09-25 22:23:10.437 DEBUG  TraceTightener.is_stop_requested: time limit exceeded
2026-09-25 22:23:13.984 DEBUG  FoundConnectionInserter: insert trace failed for net #2 at corner 7/21 on layer 0, trace width: 1250, from corner: 6, okPoint: (788898,-251404), target: (770514,-251404)
2026-09-25 22:23:14.018 DEBUG  [43B33D\3757D3] Autorouter Failed to route connection between polylinetrace, polylinetrace, pin #1 of component #119, pin #1 of component #105 and polylinetrace, polylinetrace, polylinetrace, polylinetrace, polylinetrace, polylinetrace, polylinetrace, polylinetrace, polylinetrace, polylinetrace, polylinetrace, polylinetrace, polylinetrace, polylinetrace, polylinetrace, polylinetrace, polylinetrace, polylinetrace, polylinetrace, polylinetrace, polylinetrace, polylinetrace, polylinetrace, polylinetrace, polylinetrace, polylinetrace, polylinetrace, polylinetrace, polylinetrace, polylinetrace, polylinetrace, polylinetrace, polylinetrace, polylinetrace, polylinetrace, polylinetrace, polylinetrace, polylinetrace, polylinetrace, polylinetrace, polylinetrace, polylinetrace, polylinetrace, polylinetrace, polylinetrace, polylinetrace, polylinetrace, polylinetrace, polylinetrace, polylinetrace, polylinetrace, polylinetrace, polylinetrace, polylinetrace, polylinetrace, polylinetrace, polylinetrace, polylinetrace, polylinetrace, polylinetrace, polylinetrace, polylinetrace, polylinetrace, polylinetrace, polylinetrace, polylinetrace, polylinetrace, polylinetrace, polylinetrace, polylinetrace, polylinetrace, polylinetrace, polylinetrace, polylinetrace, polylinetrace, polylinetrace, polylinetrace, polylinetrace, polylinetrace, polylinetrace, polylinetrace, polylinetrace, polylinetrace, polylinetrace, polylinetrace, polylinetrace, polylinetrace, polylinetrace, polylinetrace, polylinetrace, pin #8 of component #167, pin #1 of component #149, pin #7 of component #148, pin #5 of component #148, pin #4 of component #148, pin #3 of component #148, pin #1 of component #147, pin #1 of component #145, pin #1 of component #144, pin #1 of component #143, pin #1 of component #142, pin #1 of component #141, pin #1 of component #140, pin #1 of component #139, pin #1 of component #138, pin #1 of component #136, pin #8 of component #135, pin #4 of component #133, pin #3 of component #133, pin #2 of component #133, pin #1 of component #133, pin #19 of component #130, pin #18 of component #130, pin #17 of component #130, pin #16 of component #130, pin #15 of component #130, pin #8 of component #130, pin #7 of component #130, pin of component #130, pin #52 of component #129, pin #51 of component #129, pin #50 of component #129, pin #49 of component #129, pin #48 of component #129, pin #47 of component #129, pin #46 of component #129, pin #45 of component #129, pin #44 of component #129, pin #43 of component #129, pin #42 of component #129, pin #41 of component #129, pin #40 of component #129, pin #39 of component #129, pin of component #129, pin #1 of component #128, pin #1 of component #127, pin #1 of component #126, pin #1 of component #125, pin #1 of component #124, pin #1 of component #123, pin #1 of component #122, pin #1 of component #121, pin #1 of component #120, pin of component #117, pin of component #116, pin of component #115, pin #1 of component #113, pin #1 of component #112, pin #1 of component #111, pin #1 of component #108, pin #1 of component #107, pin #1 of component #106, pin #1 of component #104, pin #1 of component #103, pin #1 of component #102, pin #1 of component #101, pin #1 of component #100, pin #1 of component #99, pin #16 of component #98, pin #15 of component #98, pin #14 of component #98, pin #9 of component #98, pin #2 of component #97, pin #1 of component #96, pin of component #95, pin of component #92, pin of component #91, pin of component #90, pin of component #89, pin of component #88, pin of component #87, pin #27 of component #86, pin #22 of component #86, pin #17 of component #86, pin #16 of component #86, pin #10 of component #86, pin #1 of component #85, pin #1 of component #84, pin #1 of component #83, pin #1 of component #82, pin #1 of component #81, pin #1 of component #80, pin #1 of component #79, pin #1 of component #76, pin #1 of component #72, pin #1 of component #68, pin #1 of component #67, pin #1 of component #66, pin #1 of component #62, pin #1 of component #60, pin #1 of component #59, pin #1 of component #56, pin #1 of component #53, pin #1 of component #52, pin #1 of component #51, pin #1 of component #50, pin #1 of component #48, pin #1 of component #45, pin of component #40, pin #5 of component #29, pin #4 of component #29, pin #3 of component #29, pin #2 of component #29, pin #1 of component #29, pin of component #29, pin #1 of component #11, pin #1 of component #5, pin #1 of component #4, pin #1 of component #3, pin #1 of component #2, pin #1 of component #1, conductionarea, conductionarea, because the new connection could not be inserted.
2026-09-25 22:23:14.018 DEBUG  [43B33D\3757D3] Pass #11: Failed to route Pin on net 'GND' (24 items remaining, 10 failures). State: FAILED
2026-09-25 22:23:16.820 DEBUG  TraceTightener.is_stop_requested: time limit exceeded
2026-09-25 22:23:18.508 DEBUG  TraceTightener.is_stop_requested: time limit exceeded
2026-09-25 22:23:23.735 DEBUG  TraceTightener.is_stop_requested: time limit exceeded
2026-09-25 22:23:29.514 DEBUG  TraceTightener.is_stop_requested: time limit exceeded
2026-09-25 22:23:33.486 INFO   [43B33D\3757D3] Auto-routing pass #11 on board 'c90e687758dd0a89f5875a49ef3c3cef' was completed in 29.99 seconds with score 885.78 (38 unrouted and 47 violations), using 355.86 CPU seconds and the job allocated 2511.98 GB of memory so far.
2026-09-25 22:23:33.820 DEBUG  [43B33D\3757D3] Applied one-time fanout recovery cleanup (removed fanout tails/vias). Incompletes: 38 -> 38.
2026-09-25 22:23:34.398 DEBUG  Queuing item for routing: PolylineTrace on net 'net_USB_DP' (connected: 9/11)
2026-09-25 22:23:34.398 DEBUG  Queuing item for routing: PolylineTrace on net 'net_USB_DP' (connected: 2/11)
2026-09-25 22:23:34.399 DEBUG  Queuing item for routing: Pin on net 'GND' (connected: 11/197)
2026-09-25 22:23:34.410 DEBUG  Queuing item for routing: Pin on net 'ISO_GND' (connected: 1/30)
2026-09-25 22:23:34.410 DEBUG  Queuing item for routing: Pin on net 'GND' (connected: 15/197)
2026-09-25 22:23:34.410 DEBUG  Queuing item for routing: Pin on net 'ISO_GND' (connected: 3/30)
2026-09-25 22:23:34.410 DEBUG  Queuing item for routing: Pin on net 'GND' (connected: 3/197)
2026-09-25 22:23:34.410 DEBUG  Queuing item for routing: Pin on net 'GND' (connected: 5/197)
2026-09-25 22:23:34.411 DEBUG  Queuing item for routing: Pin on net 'GND' (connected: 1/197)
2026-09-25 22:23:34.412 DEBUG  Queuing item for routing: Pin on net 'ISO_GND' (connected: 11/30)
2026-09-25 22:23:34.414 DEBUG  Queuing item for routing: Pin on net 'ISO_GND' (connected: 1/30)
2026-09-25 22:23:34.415 DEBUG  Queuing item for routing: Pin on net 'GND' (connected: 6/197)
2026-09-25 22:23:34.417 DEBUG  Queuing item for routing: Pin on net 'GND' (connected: 1/197)
2026-09-25 22:23:34.417 DEBUG  Queuing item for routing: Pin on net 'GND' (connected: 1/197)
2026-09-25 22:23:34.417 DEBUG  Queuing item for routing: Pin on net 'GND' (connected: 5/197)
2026-09-25 22:23:34.417 DEBUG  Queuing item for routing: Pin on net 'GND' (connected: 4/197)
2026-09-25 22:23:34.417 DEBUG  Queuing item for routing: Pin on net 'GND' (connected: 3/197)
2026-09-25 22:23:34.417 DEBUG  Queuing item for routing: Pin on net 'GND' (connected: 11/197)
2026-09-25 22:23:34.417 DEBUG  Queuing item for routing: Pin on net 'GND' (connected: 1/197)
2026-09-25 22:23:34.417 DEBUG  Queuing item for routing: Pin on net 'GND' (connected: 1/197)
2026-09-25 22:23:34.417 DEBUG  Queuing item for routing: Pin on net 'GND' (connected: 5/197)
2026-09-25 22:23:34.417 DEBUG  Queuing item for routing: Pin on net 'GND' (connected: 3/197)
2026-09-25 22:23:34.417 DEBUG  Queuing item for routing: Pin on net 'GND' (connected: 5/197)
2026-09-25 22:23:34.417 DEBUG  Queuing item for routing: Pin on net 'GND' (connected: 5/197)
2026-09-25 22:23:34.419 DEBUG  Queuing item for routing: Pin on net 'GND' (connected: 1/197)
2026-09-25 22:23:34.419 DEBUG  Queuing item for routing: Pin on net 'GND' (connected: 1/197)
2026-09-25 22:23:34.419 DEBUG  Queuing item for routing: Pin on net 'GND' (connected: 1/197)
2026-09-25 22:23:34.419 DEBUG  Queuing item for routing: Pin on net 'GND' (connected: 1/197)
2026-09-25 22:23:34.419 DEBUG  Queuing item for routing: Pin on net 'GND' (connected: 1/197)
2026-09-25 22:23:34.419 DEBUG  Queuing item for routing: Pin on net 'GND' (connected: 1/197)
2026-09-25 22:23:34.419 DEBUG  Queuing item for routing: Pin on net 'GND' (connected: 1/197)
2026-09-25 22:23:34.419 DEBUG  Queuing item for routing: Pin on net 'GND' (connected: 3/197)
2026-09-25 22:23:34.419 DEBUG  Queuing item for routing: Pin on net 'GND' (connected: 3/197)
2026-09-25 22:23:34.420 DEBUG  Queuing item for routing: Pin on net 'GND' (connected: 3/197)
2026-09-25 22:23:34.420 DEBUG  Queuing item for routing: Pin on net 'GND' (connected: 7/197)
2026-09-25 22:23:34.420 DEBUG  Queuing item for routing: Pin on net 'GND' (connected: 3/197)
2026-09-25 22:23:34.420 DEBUG  Queuing item for routing: Pin on net 'GND' (connected: 3/197)
2026-09-25 22:23:34.421 DEBUG  Queuing item for routing: Pin on net 'GND' (connected: 1/197)
2026-09-25 22:23:34.421 DEBUG  Queuing item for routing: Pin on net 'GND' (connected: 1/197)
2026-09-25 22:23:34.698 DEBUG  [43B33D\3757D3] Pass #12: 38 incompletes across 39 items to route
2026-09-25 22:23:34.698 DEBUG  [43B33D\3757D3]   Net 'ISO_GND' has 4 incomplete(s)
2026-09-25 22:23:34.698 DEBUG  [43B33D\3757D3]   Net 'GND' has 33 incomplete(s)
2026-09-25 22:23:34.699 DEBUG  [43B33D\3757D3]   Net 'net_USB_DP' has 1 incomplete(s)
2026-09-25 22:23:34.722 DEBUG  ShapeSearchTree45Degree.completeShape: non-IntOctagon contained shape, using bounding octagon approximation
2026-09-25 22:23:34.726 DEBUG  PolylineTrace.normalize: max normalization depth (16) reached for trace #113710 on net 108 — stopping recursion, trace kept as-is.
2026-09-25 22:23:34.734 DEBUG  PolylineTrace.normalize: max normalization depth (16) reached for trace #113777 on net 108 — stopping recursion, trace kept as-is.
2026-09-25 22:23:34.741 DEBUG  PolylineTrace.normalize: max normalization depth (16) reached for trace #113845 on net 108 — stopping recursion, trace kept as-is.
2026-09-25 22:23:34.829 DEBUG  ShapeSearchTree45Degree.completeShape: non-IntOctagon contained shape, using bounding octagon approximation
2026-09-25 22:23:34.830 DEBUG  ShapeSearchTree45Degree.completeShape: non-IntOctagon contained shape, using bounding octagon approximation
2026-09-25 22:23:34.830 DEBUG  ShapeSearchTree45Degree.completeShape: non-IntOctagon contained shape, using bounding octagon approximation
2026-09-25 22:23:34.830 DEBUG  ShapeSearchTree45Degree.completeShape: non-IntOctagon contained shape, using bounding octagon approximation
2026-09-25 22:23:34.833 DEBUG  PolylineTrace.normalize: max normalization depth (16) reached for trace #113884 on net 108 — stopping recursion, trace kept as-is.
2026-09-25 22:23:34.837 DEBUG  PolylineTrace.normalize: max normalization depth (16) reached for trace #113919 on net 108 — stopping recursion, trace kept as-is.
2026-09-25 22:23:41.546 DEBUG  TraceTightener.is_stop_requested: time limit exceeded
2026-09-25 22:23:43.219 DEBUG  FoundConnectionInserter: insert trace failed for net #2 at corner 7/11 on layer 0, trace width: 1250, from corner: 6, okPoint: (788898,-251404), target: (767726,-251404)
2026-09-25 22:23:43.253 DEBUG  [43B33D\3757D3] Autorouter Failed to route connection between polylinetrace, polylinetrace, pin #1 of component #119, pin #1 of component #105 and polylinetrace, polylinetrace, polylinetrace, polylinetrace, polylinetrace, polylinetrace, polylinetrace, polylinetrace, polylinetrace, polylinetrace, polylinetrace, polylinetrace, polylinetrace, polylinetrace, polylinetrace, polylinetrace, polylinetrace, polylinetrace, polylinetrace, polylinetrace, polylinetrace, polylinetrace, polylinetrace, polylinetrace, polylinetrace, polylinetrace, polylinetrace, polylinetrace, polylinetrace, polylinetrace, polylinetrace, polylinetrace, polylinetrace, polylinetrace, polylinetrace, polylinetrace, polylinetrace, polylinetrace, polylinetrace, polylinetrace, polylinetrace, polylinetrace, polylinetrace, polylinetrace, polylinetrace, polylinetrace, polylinetrace, polylinetrace, polylinetrace, polylinetrace, polylinetrace, polylinetrace, polylinetrace, polylinetrace, polylinetrace, polylinetrace, polylinetrace, polylinetrace, polylinetrace, polylinetrace, polylinetrace, polylinetrace, polylinetrace, polylinetrace, polylinetrace, polylinetrace, polylinetrace, polylinetrace, polylinetrace, polylinetrace, polylinetrace, polylinetrace, polylinetrace, polylinetrace, polylinetrace, polylinetrace, polylinetrace, polylinetrace, polylinetrace, polylinetrace, polylinetrace, polylinetrace, polylinetrace, polylinetrace, polylinetrace, polylinetrace, polylinetrace, polylinetrace, pin #8 of component #167, pin #1 of component #149, pin #7 of component #148, pin #5 of component #148, pin #4 of component #148, pin #3 of component #148, pin #1 of component #147, pin #1 of component #145, pin #1 of component #144, pin #1 of component #143, pin #1 of component #142, pin #1 of component #141, pin #1 of component #140, pin #1 of component #139, pin #1 of component #138, pin #1 of component #136, pin #8 of component #135, pin #4 of component #133, pin #3 of component #133, pin #2 of component #133, pin #1 of component #133, pin #19 of component #130, pin #18 of component #130, pin #17 of component #130, pin #16 of component #130, pin #15 of component #130, pin #8 of component #130, pin #7 of component #130, pin of component #130, pin #52 of component #129, pin #51 of component #129, pin #50 of component #129, pin #49 of component #129, pin #48 of component #129, pin #47 of component #129, pin #46 of component #129, pin #45 of component #129, pin #44 of component #129, pin #43 of component #129, pin #42 of component #129, pin #41 of component #129, pin #40 of component #129, pin #39 of component #129, pin of component #129, pin #1 of component #128, pin #1 of component #127, pin #1 of component #126, pin #1 of component #125, pin #1 of component #124, pin #1 of component #123, pin #1 of component #122, pin #1 of component #121, pin #1 of component #120, pin of component #117, pin of component #116, pin of component #115, pin #1 of component #113, pin #1 of component #112, pin #1 of component #111, pin #1 of component #108, pin #1 of component #107, pin #1 of component #106, pin #1 of component #104, pin #1 of component #103, pin #1 of component #102, pin #1 of component #101, pin #1 of component #100, pin #1 of component #99, pin #16 of component #98, pin #15 of component #98, pin #14 of component #98, pin #9 of component #98, pin #2 of component #97, pin #1 of component #96, pin of component #95, pin of component #92, pin of component #91, pin of component #90, pin of component #89, pin of component #88, pin of component #87, pin #27 of component #86, pin #22 of component #86, pin #17 of component #86, pin #16 of component #86, pin #10 of component #86, pin #1 of component #85, pin #1 of component #84, pin #1 of component #83, pin #1 of component #82, pin #1 of component #81, pin #1 of component #80, pin #1 of component #79, pin #1 of component #76, pin #1 of component #72, pin #1 of component #68, pin #1 of component #67, pin #1 of component #66, pin #1 of component #62, pin #1 of component #60, pin #1 of component #59, pin #1 of component #56, pin #1 of component #53, pin #1 of component #52, pin #1 of component #51, pin #1 of component #50, pin #1 of component #48, pin #1 of component #45, pin of component #40, pin #5 of component #29, pin #4 of component #29, pin #3 of component #29, pin #2 of component #29, pin #1 of component #29, pin of component #29, pin #1 of component #11, pin #1 of component #5, pin #1 of component #4, pin #1 of component #3, pin #1 of component #2, pin #1 of component #1, conductionarea, conductionarea, because the new connection could not be inserted.
2026-09-25 22:23:43.254 DEBUG  [43B33D\3757D3] Pass #12: Failed to route Pin on net 'GND' (24 items remaining, 11 failures). State: FAILED
2026-09-25 22:23:46.086 DEBUG  TraceTightener.is_stop_requested: time limit exceeded
2026-09-25 22:23:47.779 DEBUG  TraceTightener.is_stop_requested: time limit exceeded
2026-09-25 22:23:53.024 DEBUG  TraceTightener.is_stop_requested: time limit exceeded
2026-09-25 22:23:58.802 DEBUG  TraceTightener.is_stop_requested: time limit exceeded
2026-09-25 22:24:02.819 INFO   [43B33D\3757D3] Auto-routing pass #12 on board '5a42532533eed80b6f11a33530e918fe' was completed in 28.42 seconds with score 885.78 (38 unrouted and 47 violations), using 383.94 CPU seconds and the job allocated 2713.40 GB of memory so far.
2026-09-25 22:24:03.428 DEBUG  Queuing item for routing: PolylineTrace on net 'net_USB_DP' (connected: 9/11)
2026-09-25 22:24:03.428 DEBUG  Queuing item for routing: PolylineTrace on net 'net_USB_DP' (connected: 2/11)
2026-09-25 22:24:03.429 DEBUG  Queuing item for routing: Pin on net 'GND' (connected: 11/200)
2026-09-25 22:24:03.441 DEBUG  Queuing item for routing: Pin on net 'ISO_GND' (connected: 1/30)
2026-09-25 22:24:03.441 DEBUG  Queuing item for routing: Pin on net 'GND' (connected: 15/200)
2026-09-25 22:24:03.441 DEBUG  Queuing item for routing: Pin on net 'ISO_GND' (connected: 3/30)
2026-09-25 22:24:03.441 DEBUG  Queuing item for routing: Pin on net 'GND' (connected: 3/200)
2026-09-25 22:24:03.441 DEBUG  Queuing item for routing: Pin on net 'GND' (connected: 5/200)
2026-09-25 22:24:03.442 DEBUG  Queuing item for routing: Pin on net 'GND' (connected: 1/200)
2026-09-25 22:24:03.443 DEBUG  Queuing item for routing: Pin on net 'ISO_GND' (connected: 11/30)
2026-09-25 22:24:03.446 DEBUG  Queuing item for routing: Pin on net 'ISO_GND' (connected: 1/30)
2026-09-25 22:24:03.447 DEBUG  Queuing item for routing: Pin on net 'GND' (connected: 6/200)
2026-09-25 22:24:03.449 DEBUG  Queuing item for routing: Pin on net 'GND' (connected: 1/200)
2026-09-25 22:24:03.449 DEBUG  Queuing item for routing: Pin on net 'GND' (connected: 2/200)
2026-09-25 22:24:03.449 DEBUG  Queuing item for routing: Pin on net 'GND' (connected: 5/200)
2026-09-25 22:24:03.449 DEBUG  Queuing item for routing: Pin on net 'GND' (connected: 4/200)
2026-09-25 22:24:03.449 DEBUG  Queuing item for routing: Pin on net 'GND' (connected: 4/200)
2026-09-25 22:24:03.450 DEBUG  Queuing item for routing: Pin on net 'GND' (connected: 11/200)
2026-09-25 22:24:03.450 DEBUG  Queuing item for routing: Pin on net 'GND' (connected: 1/200)
2026-09-25 22:24:03.450 DEBUG  Queuing item for routing: Pin on net 'GND' (connected: 1/200)
2026-09-25 22:24:03.450 DEBUG  Queuing item for routing: Pin on net 'GND' (connected: 5/200)
2026-09-25 22:24:03.450 DEBUG  Queuing item for routing: Pin on net 'GND' (connected: 3/200)
2026-09-25 22:24:03.450 DEBUG  Queuing item for routing: Pin on net 'GND' (connected: 5/200)
2026-09-25 22:24:03.450 DEBUG  Queuing item for routing: Pin on net 'GND' (connected: 6/200)
2026-09-25 22:24:03.450 DEBUG  Queuing item for routing: Pin on net 'GND' (connected: 1/200)
2026-09-25 22:24:03.450 DEBUG  Queuing item for routing: Pin on net 'GND' (connected: 1/200)
2026-09-25 22:24:03.450 DEBUG  Queuing item for routing: Pin on net 'GND' (connected: 1/200)
2026-09-25 22:24:03.450 DEBUG  Queuing item for routing: Pin on net 'GND' (connected: 1/200)
2026-09-25 22:24:03.451 DEBUG  Queuing item for routing: Pin on net 'GND' (connected: 1/200)
2026-09-25 22:24:03.451 DEBUG  Queuing item for routing: Pin on net 'GND' (connected: 1/200)
2026-09-25 22:24:03.451 DEBUG  Queuing item for routing: Pin on net 'GND' (connected: 1/200)
2026-09-25 22:24:03.451 DEBUG  Queuing item for routing: Pin on net 'GND' (connected: 3/200)
2026-09-25 22:24:03.451 DEBUG  Queuing item for routing: Pin on net 'GND' (connected: 3/200)
2026-09-25 22:24:03.451 DEBUG  Queuing item for routing: Pin on net 'GND' (connected: 3/200)
2026-09-25 22:24:03.451 DEBUG  Queuing item for routing: Pin on net 'GND' (connected: 7/200)
2026-09-25 22:24:03.451 DEBUG  Queuing item for routing: Pin on net 'GND' (connected: 3/200)
2026-09-25 22:24:03.452 DEBUG  Queuing item for routing: Pin on net 'GND' (connected: 3/200)
2026-09-25 22:24:03.452 DEBUG  Queuing item for routing: Pin on net 'GND' (connected: 1/200)
2026-09-25 22:24:03.453 DEBUG  Queuing item for routing: Pin on net 'GND' (connected: 1/200)
2026-09-25 22:24:03.739 DEBUG  [43B33D\3757D3] Pass #13: 38 incompletes across 39 items to route
2026-09-25 22:24:03.739 DEBUG  [43B33D\3757D3]   Net 'ISO_GND' has 4 incomplete(s)
2026-09-25 22:24:03.739 DEBUG  [43B33D\3757D3]   Net 'GND' has 33 incomplete(s)
2026-09-25 22:24:03.739 DEBUG  [43B33D\3757D3]   Net 'net_USB_DP' has 1 incomplete(s)
2026-09-25 22:24:03.762 DEBUG  ShapeSearchTree45Degree.completeShape: non-IntOctagon contained shape, using bounding octagon approximation
2026-09-25 22:24:03.767 DEBUG  PolylineTrace.normalize: max normalization depth (16) reached for trace #120132 on net 108 — stopping recursion, trace kept as-is.
2026-09-25 22:24:03.775 DEBUG  PolylineTrace.normalize: max normalization depth (16) reached for trace #120199 on net 108 — stopping recursion, trace kept as-is.
2026-09-25 22:24:03.782 DEBUG  PolylineTrace.normalize: max normalization depth (16) reached for trace #120267 on net 108 — stopping recursion, trace kept as-is.
2026-09-25 22:24:03.873 DEBUG  ShapeSearchTree45Degree.completeShape: non-IntOctagon contained shape, using bounding octagon approximation
2026-09-25 22:24:03.874 DEBUG  ShapeSearchTree45Degree.completeShape: non-IntOctagon contained shape, using bounding octagon approximation
2026-09-25 22:24:03.874 DEBUG  ShapeSearchTree45Degree.completeShape: non-IntOctagon contained shape, using bounding octagon approximation
2026-09-25 22:24:03.874 DEBUG  ShapeSearchTree45Degree.completeShape: non-IntOctagon contained shape, using bounding octagon approximation
2026-09-25 22:24:03.877 DEBUG  PolylineTrace.normalize: max normalization depth (16) reached for trace #120306 on net 108 — stopping recursion, trace kept as-is.
2026-09-25 22:24:03.882 DEBUG  PolylineTrace.normalize: max normalization depth (16) reached for trace #120341 on net 108 — stopping recursion, trace kept as-is.
2026-09-25 22:24:10.403 DEBUG  TraceTightener.is_stop_requested: time limit exceeded
2026-09-25 22:24:13.931 DEBUG  FoundConnectionInserter: insert trace failed for net #2 at corner 7/11 on layer 0, trace width: 1250, from corner: 6, okPoint: (788898,-251404), target: (767726,-251404)
2026-09-25 22:24:13.965 DEBUG  [43B33D\3757D3] Autorouter Failed to route connection between polylinetrace, polylinetrace, pin #1 of component #119, pin #1 of component #105 and polylinetrace, polylinetrace, polylinetrace, polylinetrace, polylinetrace, polylinetrace, polylinetrace, polylinetrace, polylinetrace, polylinetrace, polylinetrace, polylinetrace, polylinetrace, polylinetrace, polylinetrace, polylinetrace, polylinetrace, polylinetrace, polylinetrace, polylinetrace, polylinetrace, polylinetrace, polylinetrace, polylinetrace, polylinetrace, polylinetrace, polylinetrace, polylinetrace, polylinetrace, polylinetrace, polylinetrace, polylinetrace, polylinetrace, polylinetrace, polylinetrace, polylinetrace, polylinetrace, polylinetrace, polylinetrace, polylinetrace, polylinetrace, polylinetrace, polylinetrace, polylinetrace, polylinetrace, polylinetrace, polylinetrace, polylinetrace, polylinetrace, polylinetrace, polylinetrace, polylinetrace, polylinetrace, polylinetrace, polylinetrace, polylinetrace, polylinetrace, polylinetrace, polylinetrace, polylinetrace, polylinetrace, polylinetrace, polylinetrace, polylinetrace, polylinetrace, polylinetrace, polylinetrace, polylinetrace, polylinetrace, polylinetrace, polylinetrace, polylinetrace, polylinetrace, polylinetrace, polylinetrace, polylinetrace, polylinetrace, polylinetrace, polylinetrace, polylinetrace, polylinetrace, polylinetrace, polylinetrace, polylinetrace, polylinetrace, polylinetrace, polylinetrace, polylinetrace, polylinetrace, polylinetrace, pin #8 of component #167, pin #1 of component #149, pin #7 of component #148, pin #5 of component #148, pin #4 of component #148, pin #3 of component #148, pin #1 of component #147, pin #1 of component #145, pin #1 of component #144, pin #1 of component #143, pin #1 of component #142, pin #1 of component #141, pin #1 of component #140, pin #1 of component #139, pin #1 of component #138, pin #1 of component #136, pin #8 of component #135, pin #4 of component #133, pin #3 of component #133, pin #2 of component #133, pin #1 of component #133, pin #19 of component #130, pin #18 of component #130, pin #17 of component #130, pin #16 of component #130, pin #15 of component #130, pin #8 of component #130, pin #7 of component #130, pin of component #130, pin #52 of component #129, pin #51 of component #129, pin #50 of component #129, pin #49 of component #129, pin #48 of component #129, pin #47 of component #129, pin #46 of component #129, pin #45 of component #129, pin #44 of component #129, pin #43 of component #129, pin #42 of component #129, pin #41 of component #129, pin #40 of component #129, pin #39 of component #129, pin of component #129, pin #1 of component #128, pin #1 of component #127, pin #1 of component #126, pin #1 of component #125, pin #1 of component #124, pin #1 of component #123, pin #1 of component #122, pin #1 of component #121, pin #1 of component #120, pin of component #117, pin of component #116, pin of component #115, pin #1 of component #113, pin #1 of component #112, pin #1 of component #111, pin #1 of component #108, pin #1 of component #107, pin #1 of component #106, pin #1 of component #104, pin #1 of component #103, pin #1 of component #102, pin #1 of component #101, pin #1 of component #100, pin #1 of component #99, pin #16 of component #98, pin #15 of component #98, pin #14 of component #98, pin #9 of component #98, pin #2 of component #97, pin #1 of component #96, pin of component #95, pin of component #92, pin of component #91, pin of component #90, pin of component #89, pin of component #88, pin of component #87, pin #27 of component #86, pin #22 of component #86, pin #17 of component #86, pin #16 of component #86, pin #10 of component #86, pin #1 of component #85, pin #1 of component #84, pin #1 of component #83, pin #1 of component #82, pin #1 of component #81, pin #1 of component #80, pin #1 of component #79, pin #1 of component #76, pin #1 of component #72, pin #1 of component #68, pin #1 of component #67, pin #1 of component #66, pin #1 of component #62, pin #1 of component #60, pin #1 of component #59, pin #1 of component #56, pin #1 of component #53, pin #1 of component #52, pin #1 of component #51, pin #1 of component #50, pin #1 of component #48, pin #1 of component #45, pin of component #40, pin #5 of component #29, pin #4 of component #29, pin #3 of component #29, pin #2 of component #29, pin #1 of component #29, pin of component #29, pin #1 of component #11, pin #1 of component #5, pin #1 of component #4, pin #1 of component #3, pin #1 of component #2, pin #1 of component #1, conductionarea, conductionarea, because the new connection could not be inserted.
2026-09-25 22:24:13.965 DEBUG  [43B33D\3757D3] Pass #13: Failed to route Pin on net 'GND' (24 items remaining, 12 failures). State: FAILED
2026-09-25 22:24:16.769 DEBUG  TraceTightener.is_stop_requested: time limit exceeded
2026-09-25 22:24:18.502 DEBUG  TraceTightener.is_stop_requested: time limit exceeded
2026-09-25 22:24:24.664 DEBUG  TraceTightener.is_stop_requested: time limit exceeded
2026-09-25 22:24:30.470 DEBUG  TraceTightener.is_stop_requested: time limit exceeded
2026-09-25 22:24:34.533 INFO   [43B33D\3757D3] Auto-routing pass #13 on board '6011b6bd574a08d7013ba1a8485552e4' was completed in 31.11 seconds with score 885.78 (38 unrouted and 47 violations), using 414.88 CPU seconds and the job allocated 2935.03 GB of memory so far.
2026-09-25 22:24:35.161 DEBUG  Queuing item for routing: PolylineTrace on net 'net_USB_DP' (connected: 9/11)
2026-09-25 22:24:35.161 DEBUG  Queuing item for routing: PolylineTrace on net 'net_USB_DP' (connected: 2/11)
2026-09-25 22:24:35.162 DEBUG  Queuing item for routing: Pin on net 'GND' (connected: 13/202)
2026-09-25 22:24:35.172 DEBUG  Queuing item for routing: Pin on net 'ISO_GND' (connected: 1/30)
2026-09-25 22:24:35.173 DEBUG  Queuing item for routing: Pin on net 'GND' (connected: 15/202)
2026-09-25 22:24:35.173 DEBUG  Queuing item for routing: Pin on net 'ISO_GND' (connected: 3/30)
2026-09-25 22:24:35.173 DEBUG  Queuing item for routing: Pin on net 'GND' (connected: 3/202)
2026-09-25 22:24:35.173 DEBUG  Queuing item for routing: Pin on net 'GND' (connected: 5/202)
2026-09-25 22:24:35.174 DEBUG  Queuing item for routing: Pin on net 'GND' (connected: 1/202)
2026-09-25 22:24:35.175 DEBUG  Queuing item for routing: Pin on net 'ISO_GND' (connected: 11/30)
2026-09-25 22:24:35.177 DEBUG  Queuing item for routing: Pin on net 'ISO_GND' (connected: 1/30)
2026-09-25 22:24:35.177 DEBUG  Queuing item for routing: Pin on net 'GND' (connected: 6/202)
2026-09-25 22:24:35.180 DEBUG  Queuing item for routing: Pin on net 'GND' (connected: 1/202)
2026-09-25 22:24:35.180 DEBUG  Queuing item for routing: Pin on net 'GND' (connected: 2/202)
2026-09-25 22:24:35.180 DEBUG  Queuing item for routing: Pin on net 'GND' (connected: 5/202)
2026-09-25 22:24:35.180 DEBUG  Queuing item for routing: Pin on net 'GND' (connected: 4/202)
2026-09-25 22:24:35.180 DEBUG  Queuing item for routing: Pin on net 'GND' (connected: 4/202)
2026-09-25 22:24:35.180 DEBUG  Queuing item for routing: Pin on net 'GND' (connected: 11/202)
2026-09-25 22:24:35.180 DEBUG  Queuing item for routing: Pin on net 'GND' (connected: 1/202)
2026-09-25 22:24:35.180 DEBUG  Queuing item for routing: Pin on net 'GND' (connected: 1/202)
2026-09-25 22:24:35.180 DEBUG  Queuing item for routing: Pin on net 'GND' (connected: 5/202)
2026-09-25 22:24:35.180 DEBUG  Queuing item for routing: Pin on net 'GND' (connected: 3/202)
2026-09-25 22:24:35.180 DEBUG  Queuing item for routing: Pin on net 'GND' (connected: 5/202)
2026-09-25 22:24:35.181 DEBUG  Queuing item for routing: Pin on net 'GND' (connected: 6/202)
2026-09-25 22:24:35.181 DEBUG  Queuing item for routing: Pin on net 'GND' (connected: 1/202)
2026-09-25 22:24:35.181 DEBUG  Queuing item for routing: Pin on net 'GND' (connected: 1/202)
2026-09-25 22:24:35.181 DEBUG  Queuing item for routing: Pin on net 'GND' (connected: 1/202)
2026-09-25 22:24:35.181 DEBUG  Queuing item for routing: Pin on net 'GND' (connected: 1/202)
2026-09-25 22:24:35.181 DEBUG  Queuing item for routing: Pin on net 'GND' (connected: 1/202)
2026-09-25 22:24:35.181 DEBUG  Queuing item for routing: Pin on net 'GND' (connected: 1/202)
2026-09-25 22:24:35.181 DEBUG  Queuing item for routing: Pin on net 'GND' (connected: 1/202)
2026-09-25 22:24:35.181 DEBUG  Queuing item for routing: Pin on net 'GND' (connected: 3/202)
2026-09-25 22:24:35.181 DEBUG  Queuing item for routing: Pin on net 'GND' (connected: 3/202)
2026-09-25 22:24:35.182 DEBUG  Queuing item for routing: Pin on net 'GND' (connected: 3/202)
2026-09-25 22:24:35.182 DEBUG  Queuing item for routing: Pin on net 'GND' (connected: 7/202)
2026-09-25 22:24:35.182 DEBUG  Queuing item for routing: Pin on net 'GND' (connected: 3/202)
2026-09-25 22:24:35.182 DEBUG  Queuing item for routing: Pin on net 'GND' (connected: 3/202)
2026-09-25 22:24:35.183 DEBUG  Queuing item for routing: Pin on net 'GND' (connected: 1/202)
2026-09-25 22:24:35.183 DEBUG  Queuing item for routing: Pin on net 'GND' (connected: 1/202)
2026-09-25 22:24:35.459 DEBUG  [43B33D\3757D3] Pass #14: 38 incompletes across 39 items to route
2026-09-25 22:24:35.460 DEBUG  [43B33D\3757D3]   Net 'ISO_GND' has 4 incomplete(s)
2026-09-25 22:24:35.460 DEBUG  [43B33D\3757D3]   Net 'GND' has 33 incomplete(s)
2026-09-25 22:24:35.460 DEBUG  [43B33D\3757D3]   Net 'net_USB_DP' has 1 incomplete(s)
2026-09-25 22:24:35.480 DEBUG  ShapeSearchTree45Degree.completeShape: non-IntOctagon contained shape, using bounding octagon approximation
2026-09-25 22:24:35.484 DEBUG  PolylineTrace.normalize: max normalization depth (16) reached for trace #126532 on net 108 — stopping recursion, trace kept as-is.
2026-09-25 22:24:35.492 DEBUG  PolylineTrace.normalize: max normalization depth (16) reached for trace #126599 on net 108 — stopping recursion, trace kept as-is.
2026-09-25 22:24:35.498 DEBUG  PolylineTrace.normalize: max normalization depth (16) reached for trace #126667 on net 108 — stopping recursion, trace kept as-is.
2026-09-25 22:24:35.589 DEBUG  ShapeSearchTree45Degree.completeShape: non-IntOctagon contained shape, using bounding octagon approximation
2026-09-25 22:24:35.589 DEBUG  ShapeSearchTree45Degree.completeShape: non-IntOctagon contained shape, using bounding octagon approximation
2026-09-25 22:24:35.590 DEBUG  ShapeSearchTree45Degree.completeShape: non-IntOctagon contained shape, using bounding octagon approximation
2026-09-25 22:24:35.590 DEBUG  ShapeSearchTree45Degree.completeShape: non-IntOctagon contained shape, using bounding octagon approximation
2026-09-25 22:24:35.593 DEBUG  PolylineTrace.normalize: max normalization depth (16) reached for trace #126706 on net 108 — stopping recursion, trace kept as-is.
2026-09-25 22:24:35.598 DEBUG  PolylineTrace.normalize: max normalization depth (16) reached for trace #126741 on net 108 — stopping recursion, trace kept as-is.
2026-09-25 22:24:37.040 DEBUG  TraceTightener.is_stop_requested: time limit exceeded
2026-09-25 22:24:42.135 DEBUG  TraceTightener.is_stop_requested: time limit exceeded
2026-09-25 22:24:44.363 DEBUG  TraceTightener.is_stop_requested: time limit exceeded
2026-09-25 22:24:46.063 DEBUG  FoundConnectionInserter: insert trace failed for net #2 at corner 7/11 on layer 0, trace width: 1250, from corner: 6, okPoint: (788898,-251404), target: (767726,-251404)
2026-09-25 22:24:46.097 DEBUG  [43B33D\3757D3] Autorouter Failed to route connection between polylinetrace, polylinetrace, pin #1 of component #119, pin #1 of component #105 and polylinetrace, polylinetrace, polylinetrace, polylinetrace, polylinetrace, polylinetrace, polylinetrace, polylinetrace, polylinetrace, polylinetrace, polylinetrace, polylinetrace, polylinetrace, polylinetrace, polylinetrace, polylinetrace, polylinetrace, polylinetrace, polylinetrace, polylinetrace, polylinetrace, polylinetrace, polylinetrace, polylinetrace, polylinetrace, polylinetrace, polylinetrace, polylinetrace, polylinetrace, polylinetrace, polylinetrace, polylinetrace, polylinetrace, polylinetrace, polylinetrace, polylinetrace, polylinetrace, polylinetrace, polylinetrace, polylinetrace, polylinetrace, polylinetrace, polylinetrace, polylinetrace, polylinetrace, polylinetrace, polylinetrace, polylinetrace, polylinetrace, polylinetrace, polylinetrace, polylinetrace, polylinetrace, polylinetrace, polylinetrace, polylinetrace, polylinetrace, polylinetrace, polylinetrace, polylinetrace, polylinetrace, polylinetrace, polylinetrace, polylinetrace, polylinetrace, polylinetrace, polylinetrace, polylinetrace, polylinetrace, polylinetrace, polylinetrace, polylinetrace, polylinetrace, polylinetrace, polylinetrace, polylinetrace, polylinetrace, polylinetrace, polylinetrace, polylinetrace, polylinetrace, polylinetrace, polylinetrace, polylinetrace, polylinetrace, polylinetrace, polylinetrace, polylinetrace, polylinetrace, pin #8 of component #167, pin #1 of component #149, pin #7 of component #148, pin #5 of component #148, pin #4 of component #148, pin #3 of component #148, pin #1 of component #147, pin #1 of component #145, pin #1 of component #144, pin #1 of component #143, pin #1 of component #142, pin #1 of component #141, pin #1 of component #140, pin #1 of component #139, pin #1 of component #138, pin #1 of component #136, pin #8 of component #135, pin #4 of component #133, pin #3 of component #133, pin #2 of component #133, pin #1 of component #133, pin #19 of component #130, pin #18 of component #130, pin #17 of component #130, pin #16 of component #130, pin #15 of component #130, pin #8 of component #130, pin #7 of component #130, pin of component #130, pin #52 of component #129, pin #51 of component #129, pin #50 of component #129, pin #49 of component #129, pin #48 of component #129, pin #47 of component #129, pin #46 of component #129, pin #45 of component #129, pin #44 of component #129, pin #43 of component #129, pin #42 of component #129, pin #41 of component #129, pin #40 of component #129, pin #39 of component #129, pin of component #129, pin #1 of component #128, pin #1 of component #127, pin #1 of component #126, pin #1 of component #125, pin #1 of component #124, pin #1 of component #123, pin #1 of component #122, pin #1 of component #121, pin #1 of component #120, pin of component #117, pin of component #116, pin of component #115, pin #1 of component #113, pin #1 of component #112, pin #1 of component #111, pin #1 of component #108, pin #1 of component #107, pin #1 of component #106, pin #1 of component #104, pin #1 of component #103, pin #1 of component #102, pin #1 of component #101, pin #1 of component #100, pin #1 of component #99, pin #16 of component #98, pin #15 of component #98, pin #14 of component #98, pin #9 of component #98, pin #2 of component #97, pin #1 of component #96, pin of component #95, pin of component #92, pin of component #91, pin of component #90, pin of component #89, pin of component #88, pin of component #87, pin #27 of component #86, pin #22 of component #86, pin #17 of component #86, pin #16 of component #86, pin #10 of component #86, pin #1 of component #85, pin #1 of component #84, pin #1 of component #83, pin #1 of component #82, pin #1 of component #81, pin #1 of component #80, pin #1 of component #79, pin #1 of component #76, pin #1 of component #72, pin #1 of component #68, pin #1 of component #67, pin #1 of component #66, pin #1 of component #62, pin #1 of component #60, pin #1 of component #59, pin #1 of component #56, pin #1 of component #53, pin #1 of component #52, pin #1 of component #51, pin #1 of component #50, pin #1 of component #48, pin #1 of component #45, pin of component #40, pin #5 of component #29, pin #4 of component #29, pin #3 of component #29, pin #2 of component #29, pin #1 of component #29, pin of component #29, pin #1 of component #11, pin #1 of component #5, pin #1 of component #4, pin #1 of component #3, pin #1 of component #2, pin #1 of component #1, conductionarea, conductionarea, because the new connection could not be inserted.
2026-09-25 22:24:46.097 DEBUG  [43B33D\3757D3] Pass #14: Failed to route Pin on net 'GND' (24 items remaining, 13 failures). State: FAILED
2026-09-25 22:24:48.938 DEBUG  TraceTightener.is_stop_requested: time limit exceeded
2026-09-25 22:24:50.640 DEBUG  TraceTightener.is_stop_requested: time limit exceeded
2026-09-25 22:24:55.525 DEBUG  TraceTightener.is_stop_requested: time limit exceeded
2026-09-25 22:25:01.405 DEBUG  TraceTightener.is_stop_requested: time limit exceeded
2026-09-25 22:25:05.494 INFO   [43B33D\3757D3] Auto-routing pass #14 on board '23f48fa955c504939b394ef6921ef6f2' was completed in 30.33 seconds with score 885.78 (38 unrouted and 47 violations), using 444.91 CPU seconds and the job allocated 3146.88 GB of memory so far.
2026-09-25 22:25:06.131 DEBUG  Queuing item for routing: PolylineTrace on net 'net_USB_DP' (connected: 9/11)
2026-09-25 22:25:06.132 DEBUG  Queuing item for routing: PolylineTrace on net 'net_USB_DP' (connected: 2/11)
2026-09-25 22:25:06.133 DEBUG  Queuing item for routing: Pin on net 'GND' (connected: 11/199)
2026-09-25 22:25:06.145 DEBUG  Queuing item for routing: Pin on net 'ISO_GND' (connected: 1/30)
2026-09-25 22:25:06.145 DEBUG  Queuing item for routing: Pin on net 'GND' (connected: 15/199)
2026-09-25 22:25:06.145 DEBUG  Queuing item for routing: Pin on net 'ISO_GND' (connected: 3/30)
2026-09-25 22:25:06.145 DEBUG  Queuing item for routing: Pin on net 'GND' (connected: 3/199)
2026-09-25 22:25:06.145 DEBUG  Queuing item for routing: Pin on net 'GND' (connected: 5/199)
2026-09-25 22:25:06.146 DEBUG  Queuing item for routing: Pin on net 'GND' (connected: 1/199)
2026-09-25 22:25:06.147 DEBUG  Queuing item for routing: Pin on net 'ISO_GND' (connected: 11/30)
2026-09-25 22:25:06.150 DEBUG  Queuing item for routing: Pin on net 'ISO_GND' (connected: 1/30)
2026-09-25 22:25:06.150 DEBUG  Queuing item for routing: Pin on net 'GND' (connected: 6/199)
2026-09-25 22:25:06.153 DEBUG  Queuing item for routing: Pin on net 'GND' (connected: 1/199)
2026-09-25 22:25:06.153 DEBUG  Queuing item for routing: Pin on net 'GND' (connected: 2/199)
2026-09-25 22:25:06.153 DEBUG  Queuing item for routing: Pin on net 'GND' (connected: 5/199)
2026-09-25 22:25:06.153 DEBUG  Queuing item for routing: Pin on net 'GND' (connected: 4/199)
2026-09-25 22:25:06.153 DEBUG  Queuing item for routing: Pin on net 'GND' (connected: 4/199)
2026-09-25 22:25:06.153 DEBUG  Queuing item for routing: Pin on net 'GND' (connected: 11/199)
2026-09-25 22:25:06.153 DEBUG  Queuing item for routing: Pin on net 'GND' (connected: 1/199)
2026-09-25 22:25:06.154 DEBUG  Queuing item for routing: Pin on net 'GND' (connected: 1/199)
2026-09-25 22:25:06.154 DEBUG  Queuing item for routing: Pin on net 'GND' (connected: 5/199)
2026-09-25 22:25:06.154 DEBUG  Queuing item for routing: Pin on net 'GND' (connected: 3/199)
2026-09-25 22:25:06.154 DEBUG  Queuing item for routing: Pin on net 'GND' (connected: 5/199)
2026-09-25 22:25:06.154 DEBUG  Queuing item for routing: Pin on net 'GND' (connected: 5/199)
2026-09-25 22:25:06.154 DEBUG  Queuing item for routing: Pin on net 'GND' (connected: 1/199)
2026-09-25 22:25:06.154 DEBUG  Queuing item for routing: Pin on net 'GND' (connected: 1/199)
2026-09-25 22:25:06.154 DEBUG  Queuing item for routing: Pin on net 'GND' (connected: 1/199)
2026-09-25 22:25:06.154 DEBUG  Queuing item for routing: Pin on net 'GND' (connected: 1/199)
2026-09-25 22:25:06.154 DEBUG  Queuing item for routing: Pin on net 'GND' (connected: 1/199)
2026-09-25 22:25:06.154 DEBUG  Queuing item for routing: Pin on net 'GND' (connected: 1/199)
2026-09-25 22:25:06.154 DEBUG  Queuing item for routing: Pin on net 'GND' (connected: 1/199)
2026-09-25 22:25:06.154 DEBUG  Queuing item for routing: Pin on net 'GND' (connected: 3/199)
2026-09-25 22:25:06.155 DEBUG  Queuing item for routing: Pin on net 'GND' (connected: 3/199)
2026-09-25 22:25:06.155 DEBUG  Queuing item for routing: Pin on net 'GND' (connected: 3/199)
2026-09-25 22:25:06.155 DEBUG  Queuing item for routing: Pin on net 'GND' (connected: 7/199)
2026-09-25 22:25:06.155 DEBUG  Queuing item for routing: Pin on net 'GND' (connected: 3/199)
2026-09-25 22:25:06.155 DEBUG  Queuing item for routing: Pin on net 'GND' (connected: 3/199)
2026-09-25 22:25:06.156 DEBUG  Queuing item for routing: Pin on net 'GND' (connected: 1/199)
2026-09-25 22:25:06.156 DEBUG  Queuing item for routing: Pin on net 'GND' (connected: 1/199)
2026-09-25 22:25:06.448 DEBUG  [43B33D\3757D3] Pass #15: 38 incompletes across 39 items to route
2026-09-25 22:25:06.448 DEBUG  [43B33D\3757D3]   Net 'ISO_GND' has 4 incomplete(s)
2026-09-25 22:25:06.448 DEBUG  [43B33D\3757D3]   Net 'GND' has 33 incomplete(s)
2026-09-25 22:25:06.448 DEBUG  [43B33D\3757D3]   Net 'net_USB_DP' has 1 incomplete(s)
2026-09-25 22:25:06.471 DEBUG  ShapeSearchTree45Degree.completeShape: non-IntOctagon contained shape, using bounding octagon approximation
2026-09-25 22:25:06.475 DEBUG  PolylineTrace.normalize: max normalization depth (16) reached for trace #132819 on net 108 — stopping recursion, trace kept as-is.
2026-09-25 22:25:06.484 DEBUG  PolylineTrace.normalize: max normalization depth (16) reached for trace #132886 on net 108 — stopping recursion, trace kept as-is.
2026-09-25 22:25:06.491 DEBUG  PolylineTrace.normalize: max normalization depth (16) reached for trace #132954 on net 108 — stopping recursion, trace kept as-is.
2026-09-25 22:25:06.583 DEBUG  ShapeSearchTree45Degree.completeShape: non-IntOctagon contained shape, using bounding octagon approximation
2026-09-25 22:25:06.584 DEBUG  ShapeSearchTree45Degree.completeShape: non-IntOctagon contained shape, using bounding octagon approximation
2026-09-25 22:25:06.584 DEBUG  ShapeSearchTree45Degree.completeShape: non-IntOctagon contained shape, using bounding octagon approximation
2026-09-25 22:25:06.584 DEBUG  ShapeSearchTree45Degree.completeShape: non-IntOctagon contained shape, using bounding octagon approximation
2026-09-25 22:25:06.587 DEBUG  PolylineTrace.normalize: max normalization depth (16) reached for trace #132993 on net 108 — stopping recursion, trace kept as-is.
2026-09-25 22:25:06.592 DEBUG  PolylineTrace.normalize: max normalization depth (16) reached for trace #133028 on net 108 — stopping recursion, trace kept as-is.
2026-09-25 22:25:12.068 DEBUG  TraceTightener.is_stop_requested: time limit exceeded
2026-09-25 22:25:15.614 DEBUG  FoundConnectionInserter: insert trace failed for net #2 at corner 7/11 on layer 0, trace width: 1250, from corner: 6, okPoint: (788898,-251404), target: (767726,-251404)
2026-09-25 22:25:15.648 DEBUG  [43B33D\3757D3] Autorouter Failed to route connection between polylinetrace, polylinetrace, pin #1 of component #119, pin #1 of component #105 and polylinetrace, polylinetrace, polylinetrace, polylinetrace, polylinetrace, polylinetrace, polylinetrace, polylinetrace, polylinetrace, polylinetrace, polylinetrace, polylinetrace, polylinetrace, polylinetrace, polylinetrace, polylinetrace, polylinetrace, polylinetrace, polylinetrace, polylinetrace, polylinetrace, polylinetrace, polylinetrace, polylinetrace, polylinetrace, polylinetrace, polylinetrace, polylinetrace, polylinetrace, polylinetrace, polylinetrace, polylinetrace, polylinetrace, polylinetrace, polylinetrace, polylinetrace, polylinetrace, polylinetrace, polylinetrace, polylinetrace, polylinetrace, polylinetrace, polylinetrace, polylinetrace, polylinetrace, polylinetrace, polylinetrace, polylinetrace, polylinetrace, polylinetrace, polylinetrace, polylinetrace, polylinetrace, polylinetrace, polylinetrace, polylinetrace, polylinetrace, polylinetrace, polylinetrace, polylinetrace, polylinetrace, polylinetrace, polylinetrace, polylinetrace, polylinetrace, polylinetrace, polylinetrace, polylinetrace, polylinetrace, polylinetrace, polylinetrace, polylinetrace, polylinetrace, polylinetrace, polylinetrace, polylinetrace, polylinetrace, polylinetrace, polylinetrace, polylinetrace, polylinetrace, polylinetrace, polylinetrace, polylinetrace, polylinetrace, polylinetrace, polylinetrace, polylinetrace, pin #8 of component #167, pin #1 of component #149, pin #7 of component #148, pin #5 of component #148, pin #4 of component #148, pin #3 of component #148, pin #1 of component #147, pin #1 of component #145, pin #1 of component #144, pin #1 of component #143, pin #1 of component #142, pin #1 of component #141, pin #1 of component #140, pin #1 of component #139, pin #1 of component #138, pin #1 of component #136, pin #8 of component #135, pin #4 of component #133, pin #3 of component #133, pin #2 of component #133, pin #1 of component #133, pin #19 of component #130, pin #18 of component #130, pin #17 of component #130, pin #16 of component #130, pin #15 of component #130, pin #8 of component #130, pin #7 of component #130, pin of component #130, pin #52 of component #129, pin #51 of component #129, pin #50 of component #129, pin #49 of component #129, pin #48 of component #129, pin #47 of component #129, pin #46 of component #129, pin #45 of component #129, pin #44 of component #129, pin #43 of component #129, pin #42 of component #129, pin #41 of component #129, pin #40 of component #129, pin #39 of component #129, pin of component #129, pin #1 of component #128, pin #1 of component #127, pin #1 of component #126, pin #1 of component #125, pin #1 of component #124, pin #1 of component #123, pin #1 of component #122, pin #1 of component #121, pin #1 of component #120, pin of component #117, pin of component #116, pin of component #115, pin #1 of component #113, pin #1 of component #112, pin #1 of component #111, pin #1 of component #108, pin #1 of component #107, pin #1 of component #106, pin #1 of component #104, pin #1 of component #103, pin #1 of component #102, pin #1 of component #101, pin #1 of component #100, pin #1 of component #99, pin #16 of component #98, pin #15 of component #98, pin #14 of component #98, pin #9 of component #98, pin #2 of component #97, pin #1 of component #96, pin of component #95, pin of component #92, pin of component #91, pin of component #90, pin of component #89, pin of component #88, pin of component #87, pin #27 of component #86, pin #22 of component #86, pin #17 of component #86, pin #16 of component #86, pin #10 of component #86, pin #1 of component #85, pin #1 of component #84, pin #1 of component #83, pin #1 of component #82, pin #1 of component #81, pin #1 of component #80, pin #1 of component #79, pin #1 of component #76, pin #1 of component #72, pin #1 of component #68, pin #1 of component #67, pin #1 of component #66, pin #1 of component #62, pin #1 of component #60, pin #1 of component #59, pin #1 of component #56, pin #1 of component #53, pin #1 of component #52, pin #1 of component #51, pin #1 of component #50, pin #1 of component #48, pin #1 of component #45, pin of component #40, pin #5 of component #29, pin #4 of component #29, pin #3 of component #29, pin #2 of component #29, pin #1 of component #29, pin of component #29, pin #1 of component #11, pin #1 of component #5, pin #1 of component #4, pin #1 of component #3, pin #1 of component #2, pin #1 of component #1, conductionarea, conductionarea, because the new connection could not be inserted.
2026-09-25 22:25:15.648 DEBUG  [43B33D\3757D3] Pass #15: Failed to route Pin on net 'GND' (24 items remaining, 14 failures). State: FAILED
2026-09-25 22:25:18.460 DEBUG  TraceTightener.is_stop_requested: time limit exceeded
2026-09-25 22:25:24.329 DEBUG  TraceTightener.is_stop_requested: time limit exceeded
2026-09-25 22:25:30.110 DEBUG  TraceTightener.is_stop_requested: time limit exceeded
2026-09-25 22:25:34.168 INFO   [43B33D\3757D3] Auto-routing pass #15 on board 'e05aaf42c0884169737f5282fc0ae68b' was completed in 28.04 seconds with score 885.78 (38 unrouted and 47 violations), using 472.77 CPU seconds and the job allocated 3346.92 GB of memory so far.
2026-09-25 22:25:34.499 DEBUG  === Performance Profile ===
2026-09-25 22:25:34.499 DEBUG  === Routing Parameters ===
2026-09-25 22:25:34.499 DEBUG    Via Costs: 50, Plane Via Costs: 5
2026-09-25 22:25:34.499 DEBUG    Layer Costs (Preferred / Against):
2026-09-25 22:25:34.500 DEBUG      Layer 1: 1.8 / 3.0
2026-09-25 22:25:34.500 DEBUG      Layer 2: 1.0 / 1.8
2026-09-25 22:25:34.500 DEBUG      Layer 3: 1.0 / 2.2
2026-09-25 22:25:34.500 DEBUG      Layer 4: 1.8 / 2.6
2026-09-25 22:25:34.500 DEBUG  
2026-09-25 22:25:34.500 DEBUG    autoroute_item                          :   367699 ms total,      859 calls,    428 ms avg
2026-09-25 22:25:34.501 DEBUG  
2026-09-25 22:25:34.501 DEBUG  === Pass History ===
2026-09-25 22:25:34.501 DEBUG    Pass 1  :   63 unrouted items,    43.03 s,   100 ripup cost
2026-09-25 22:25:34.501 DEBUG    Pass 2  :   44 unrouted items,    30.65 s,   200 ripup cost
2026-09-25 22:25:34.501 DEBUG    Pass 3  :   41 unrouted items,    30.16 s,   300 ripup cost
2026-09-25 22:25:34.501 DEBUG    Pass 4  :   39 unrouted items,    28.52 s,   400 ripup cost
2026-09-25 22:25:34.501 DEBUG    Pass 5  :   39 unrouted items,    29.24 s,   500 ripup cost
2026-09-25 22:25:34.501 DEBUG    Pass 6  :   39 unrouted items,    29.77 s,   600 ripup cost
2026-09-25 22:25:34.501 DEBUG    Pass 7  :   38 unrouted items,    30.81 s,   700 ripup cost
2026-09-25 22:25:34.501 DEBUG    Pass 8  :   38 unrouted items,    29.46 s,   800 ripup cost
2026-09-25 22:25:34.501 DEBUG    Pass 9  :   38 unrouted items,    31.40 s,   900 ripup cost
2026-09-25 22:25:34.501 DEBUG    Pass 10 :   38 unrouted items,    29.04 s,  1000 ripup cost
2026-09-25 22:25:34.501 DEBUG    Pass 11 :   38 unrouted items,    29.70 s,  1100 ripup cost
2026-09-25 22:25:34.501 DEBUG    Pass 12 :   38 unrouted items,    28.15 s,  1200 ripup cost
2026-09-25 22:25:34.501 DEBUG    Pass 13 :   38 unrouted items,    30.81 s,  1300 ripup cost
2026-09-25 22:25:34.501 DEBUG    Pass 14 :   38 unrouted items,    30.05 s,  1400 ripup cost
2026-09-25 22:25:34.501 DEBUG    Pass 15 :   38 unrouted items,    27.76 s,  1500 ripup cost
2026-09-25 22:25:34.501 DEBUG  ===========================
2026-09-25 22:25:34.796 INFO   [43B33D\3757D3] Auto-routing stage completed: started with 335 unrouted nets, completed in 487.76 seconds, final score: 885.78 (38 unrouted and 47 violations), using 472.77 total CPU seconds, 3346.92 GB total allocated, and 851.0 MB peak heap usage.
2026-09-25 22:25:34.798 DEBUG  [43B33D\3757D3] Before optimization: Via count: 75, trace length: 50482759
2026-09-25 22:25:35.093 INFO   [43B33D\3757D3] Optimization stage started on board '4113d0d91710e1f86e8da06b91a4666e' with score 885.78 (38 unrouted and 47 violations).
2026-09-25 22:26:04.684 INFO   [43B33D\3757D3] Stopping optimization pass #1 early after 50 consecutive items could not be improved.
2026-09-25 22:26:04.984 INFO   [43B33D\3757D3] Optimizer pass #1 on board 'caf825eedc06864688aa60d67523c67e' was completed in 28.99 seconds with the score of 885.78 (38 unrouted and 47 violations).
2026-09-25 22:26:05.260 INFO   [43B33D\3757D3] Stopping optimizer because the improvement in this pass (0.0000%) is below the threshold (1.00%).
2026-09-25 22:26:05.552 INFO   [43B33D\3757D3] Optimization stage completed: started with score 885.78 (38 unrouted and 47 violations), completed in 30.17 seconds, final score: 885.78 (38 unrouted and 47 violations), using 29.11 total CPU seconds, 220.39 GB total allocated, and 456.4 MB peak heap usage.
2026-09-25 22:26:05.576 INFO   [43B33D\3757D3] Job '43B33D\3757D3' finished with state: COMPLETED (elapsed: 8 minutes 38.87 seconds, finished at UTC: 2026-09-26T02:26:05.576419400Z).
2026-09-25 22:26:05.930 INFO   Saving output file 'C:\Project\SWAFarm\manufacturing-review\2026-09-24\routing-tools\routed.ses' (SES)...
2026-09-25 22:26:05.933 INFO   Successfully saved output file 'C:\Project\SWAFarm\manufacturing-review\2026-09-24\routing-tools\routed.ses' (108897 bytes).
