** Drc report for SWAFarmNodeV1.kicad_pcb **
** Created on 2026-09-26T23:12:33 **
** Report includes: Errors, Warnings, Exclusions **

** Found 743 DRC violations **
[items_not_allowed]: Items not allowed
    Local override; error
    @(67.4209 mm, 119.8009 mm): Track [+12V] on F.Cu, length 20.3982 mm
[items_not_allowed]: Items not allowed
    Local override; error
    @(115.3717 mm, 119.7517 mm): Track [+12V] on F.Cu, length 20.4966 mm
[items_not_allowed]: Items not allowed
    Local override; error
    @(92.5830 mm, 113.6420 mm): Track [+12V] on F.Cu, length 5.1506 mm
[items_not_allowed]: Items not allowed
    Local override; error
    @(113.6200 mm, 118.0000 mm): Track [+12V] on F.Cu, length 2.4773 mm
[items_not_allowed]: Items not allowed
    Local override; error
    @(87.8191 mm, 119.8009 mm): Track [+12V] on F.Cu, length 2.5469 mm
[items_not_allowed]: Items not allowed
    Local override; error
    @(91.9294 mm, 113.6420 mm): Track [+12V] on F.Cu, length 0.6536 mm
[items_not_allowed]: Items not allowed (keepout area of U_MCU1)
    Rule: keepout area of U_MCU1; error
    @(91.9294 mm, 113.6420 mm): Via [+12V] on F.Cu - B.Cu
[items_not_allowed]: Items not allowed
    Local override; error
    @(113.6200 mm, 118.0000 mm): Track [+12V] on B.Cu, length 7.6085 mm
[items_not_allowed]: Items not allowed
    Local override; error
    @(119.0000 mm, 112.6200 mm): Track [+12V] on B.Cu, length 7.6200 mm
[items_not_allowed]: Items not allowed
    Local override; error
    @(89.6200 mm, 118.0000 mm): Track [+12V] on B.Cu, length 3.2660 mm
[items_not_allowed]: Items not allowed
    Local override; error
    @(91.9294 mm, 115.6906 mm): Track [+12V] on B.Cu, length 2.0486 mm
[items_not_allowed]: Items not allowed
    Local override; error
    @(94.2844 mm, 122.1081 mm): Track [/Motor Valve/COIL_LOW1] on F.Cu, length 19.5099 mm
[items_not_allowed]: Items not allowed
    Local override; error
    @(15.7098 mm, 122.1081 mm): Track [/Motor Valve/COIL_LOW1] on F.Cu, length 78.5746 mm
[items_not_allowed]: Items not allowed
    Local override; error
    @(106.0000 mm, 128.1600 mm): Track [/Motor Valve/RLY5_COM] on F.Cu, length 4.2426 mm
[items_not_allowed]: Items not allowed
    Local override; error
    @(103.0000 mm, 131.1600 mm): Track [/Motor Valve/RLY5_COM] on F.Cu, length 11.8400 mm
[items_not_allowed]: Items not allowed
    Local override; error
    @(119.6656 mm, 113.5671 mm): Track [/Motor Valve/COIL_LOW8] on F.Cu, length 13.4947 mm
[items_not_allowed]: Items not allowed
    Local override; error
    @(171.9654 mm, 113.5671 mm): Track [/Motor Valve/COIL_LOW8] on F.Cu, length 52.2998 mm
[items_not_allowed]: Items not allowed
    Local override; error
    @(150.0950 mm, 115.6967 mm): Track [/Motor Valve/COIL_LOW7] on F.Cu, length 29.4125 mm
[items_not_allowed]: Items not allowed
    Local override; error
    @(120.6825 mm, 115.6967 mm): Track [/Motor Valve/COIL_LOW7] on F.Cu, length 15.5141 mm
[items_not_allowed]: Items not allowed
    Local override; error
    @(121.4004 mm, 118.0000 mm): Track [/Motor Valve/COIL_LOW6] on F.Cu, length 17.7791 mm
[items_not_allowed]: Items not allowed
    Local override; error
    @(130.0000 mm, 118.0000 mm): Track [/Motor Valve/COIL_LOW6] on F.Cu, length 8.5996 mm
[items_not_allowed]: Items not allowed
    Local override; error
    @(108.8741 mm, 113.5242 mm): Track [/Motor Valve/COIL_LOW5] on F.Cu, length 4.0646 mm
[items_not_allowed]: Items not allowed
    Local override; error
    @(108.8741 mm, 106.4953 mm): Track [/Motor Valve/COIL_LOW5] on F.Cu, length 7.0289 mm
[items_not_allowed]: Items not allowed
    Local override; error
    @(106.0000 mm, 118.0000 mm): Track [/Motor Valve/COIL_LOW5] on F.Cu, length 1.6017 mm
[items_not_allowed]: Items not allowed
    Local override; error
    @(104.2700 mm, 108.2644 mm): Track [/Motor Valve/COIL_LOW4] on F.Cu, length 11.5031 mm
[items_not_allowed]: Items not allowed
    Local override; error
    @(82.0000 mm, 118.0000 mm): Track [/Motor Valve/COIL_LOW4] on F.Cu, length 1.6017 mm
[items_not_allowed]: Items not allowed
    Local override; error
    @(85.2034 mm, 116.3983 mm): Track [/Motor Valve/COIL_LOW4] on F.Cu, length 2.2651 mm
[items_not_allowed]: Items not allowed
    Local override; error
    @(96.1361 mm, 116.3983 mm): Track [/Motor Valve/COIL_LOW4] on F.Cu, length 10.9327 mm
[items_not_allowed]: Items not allowed
    Local override; error
    @(105.5400 mm, 108.2871 mm): Track [/Motor Valve/COIL_LOW3] on F.Cu, length 17.5420 mm
[items_not_allowed]: Items not allowed
    Local override; error
    @(93.1359 mm, 120.6912 mm): Track [/Motor Valve/COIL_LOW3] on F.Cu, length 30.8430 mm
[items_not_allowed]: Items not allowed
    Local override; error
    @(93.6837 mm, 121.4064 mm): Track [/Motor Valve/COIL_LOW2] on F.Cu, length 54.6756 mm
[items_not_allowed]: Items not allowed
    Local override; error
    @(106.8100 mm, 108.2801 mm): Track [/Motor Valve/COIL_LOW2] on F.Cu, length 18.5634 mm
[items_not_allowed]: Items not allowed
    Local override; error
    @(82.0000 mm, 128.1600 mm): Track [/Motor Valve/RLY4_COM] on F.Cu, length 4.2426 mm
[items_not_allowed]: Items not allowed
    Local override; error
    @(79.0000 mm, 131.1600 mm): Track [/Motor Valve/RLY4_COM] on F.Cu, length 11.8400 mm
[items_not_allowed]: Items not allowed (keepout area of U_MCU1)
    Rule: keepout area of U_MCU1; error
    @(0.5000 mm, 0.5000 mm): Zone [GND] on In1.Cu, priority 0
[items_not_allowed]: Items not allowed (keepout area of U_MCU1)
    Rule: keepout area of U_MCU1; error
    @(0.5000 mm, 0.5000 mm): Zone [GND] on In2.Cu, priority 0
[items_not_allowed]: Items not allowed (keepout area of U_MCU1)
    Rule: keepout area of U_MCU1; error
    @(82.0000 mm, 118.0000 mm): PTH pad 1 [/Motor Valve/COIL_LOW4] of K4
[items_not_allowed]: Items not allowed (keepout area of U_MCU1)
    Rule: keepout area of U_MCU1; error
    @(82.0000 mm, 128.1600 mm): PTH pad 2 [/Motor Valve/RLY4_COM] of K4
[items_not_allowed]: Items not allowed (keepout area of U_MCU1)
    Rule: keepout area of U_MCU1; error
    @(89.6200 mm, 133.2400 mm): PTH pad 4 [/Motor Valve/RLY4_NC] of K4
[items_not_allowed]: Items not allowed (keepout area of U_MCU1)
    Rule: keepout area of U_MCU1; error
    @(89.6200 mm, 118.0000 mm): PTH pad 5 [+12V] of K4
[items_not_allowed]: Items not allowed (keepout area of U_MCU1)
    Rule: keepout area of U_MCU1; error
    @(82.0000 mm, 118.0000 mm): Footprint K4
[items_not_allowed]: Items not allowed (keepout area of U_MCU1)
    Rule: keepout area of U_MCU1; error
    @(106.0000 mm, 118.0000 mm): PTH pad 1 [/Motor Valve/COIL_LOW5] of K5
[items_not_allowed]: Items not allowed (keepout area of U_MCU1)
    Rule: keepout area of U_MCU1; error
    @(106.0000 mm, 128.1600 mm): PTH pad 2 [/Motor Valve/RLY5_COM] of K5
[items_not_allowed]: Items not allowed (keepout area of U_MCU1)
    Rule: keepout area of U_MCU1; error
    @(113.6200 mm, 133.2400 mm): PTH pad 4 [/Motor Valve/RLY5_NC] of K5
[items_not_allowed]: Items not allowed (keepout area of U_MCU1)
    Rule: keepout area of U_MCU1; error
    @(113.6200 mm, 118.0000 mm): PTH pad 5 [+12V] of K5
[items_not_allowed]: Items not allowed (keepout area of U_MCU1)
    Rule: keepout area of U_MCU1; error
    @(106.0000 mm, 118.0000 mm): Footprint K5
[shorting_items]: Items shorting two nets (nets +12V and /Motor Valve/RLY1_COM)
    Local override; error
    @(43.3717 mm, 116.2483 mm): Track [+12V] on F.Cu, length 20.4966 mm
    @(43.7650 mm, 117.2700 mm): PTH pad 1 [/Motor Valve/RLY1_COM] of J_RELAY1
[shorting_items]: Items shorting two nets (nets +12V and /Motor Valve/RELAY_CMD2)
    Local override; error
    @(67.4209 mm, 119.8009 mm): Track [+12V] on F.Cu, length 20.3982 mm
    @(69.6050 mm, 120.2150 mm): Pad 22 [/Motor Valve/RELAY_CMD2] of U_VALVEEXP1 on F.Cu
[shorting_items]: Items shorting two nets (nets /Motor Valve/RLY3_COM and /Motor Valve/RLY2_NC)
    Local override; error
    @(43.7650 mm, 139.4600 mm): PTH pad 1 [/Motor Valve/RLY3_COM] of J_RELAY3
    @(44.1600 mm, 135.7800 mm): Track [/Motor Valve/RLY2_NC] on F.Cu, length 8.1200 mm
[shorting_items]: Items shorting two nets (nets GND and /Motor Valve/RLY4_NC)
    Local override; error
    @(89.1850 mm, 134.0150 mm): Pad 1 [GND] of U_MCU1 on F.Cu
    @(89.6200 mm, 133.2400 mm): Track [/Motor Valve/RLY4_NC] on F.Cu, length 3.5921 mm
[clearance]: Clearance violation (netclass 'Contacts' clearance 0.5000 mm; actual 0.1602 mm)
    Rule: netclass 'Contacts'; error
    @(34.0000 mm, 135.7800 mm): Track [/Motor Valve/RLY2_NO] on F.Cu, length 5.7700 mm
    @(34.2150 mm, 138.5550 mm): PTH pad 4 [/Motor Valve/RLY3_NC] of K3
[shorting_items]: Items shorting two nets (nets /Motor Valve/RLY3_NO and +3V3)
    Local override; error
    @(58.0000 mm, 135.7800 mm): Track [/Motor Valve/RLY3_NO] on F.Cu, length 5.7700 mm
    @(59.6800 mm, 136.8450 mm): Pad 1 [+3V3] of R_EXP_RESET1 on F.Cu
[shorting_items]: Items shorting two nets (nets /Motor Valve/RLY3_COM and /Motor Valve/RLY3_NC)
    Local override; error
    @(55.0000 mm, 131.1600 mm): Track [/Motor Valve/RLY3_COM] on F.Cu, length 11.8400 mm
    @(53.9250 mm, 139.4600 mm): PTH pad 3 [/Motor Valve/RLY3_NC] of J_RELAY3
[shorting_items]: Items shorting two nets (nets /Motor Valve/RLY3_NO and GND)
    Local override; error
    @(62.0800 mm, 139.8600 mm): Track [/Motor Valve/RLY3_NO] on F.Cu, length 5.1400 mm
    @(61.3300 mm, 144.3750 mm): Pad 2 [GND] of R_RELAY_PD3 on F.Cu
[clearance]: Clearance violation (netclass 'Contacts' clearance 0.5000 mm; actual 0.1209 mm)
    Rule: netclass 'Contacts'; error
    @(36.7550 mm, 146.1750 mm): PTH pad 3 [/Motor Valve/RLY3_NO] of K3
    @(38.0800 mm, 139.8600 mm): Track [/Motor Valve/RLY2_NO] on F.Cu, length 5.1400 mm
[shorting_items]: Items shorting two nets (nets /Motor Valve/RLY3_NC and GND)
    Local override; error
    @(65.6200 mm, 133.2400 mm): Track [/Motor Valve/RLY3_NC] on F.Cu, length 3.5921 mm
    @(65.3400 mm, 134.3350 mm): Pad 2 [GND] of R_RELAY_PD5 on F.Cu
[shorting_items]: Items shorting two nets (nets /Motor Valve/RLY1_NO and /Motor Valve/COIL_LOW2)
    Local override; error
    @(36.7550 mm, 121.0750 mm): PTH pad 3 [/Motor Valve/RLY1_NO] of K1
    @(35.6017 mm, 118.0000 mm): Track [/Motor Valve/COIL_LOW2] on B.Cu, length 4.5514 mm
[shorting_items]: Items shorting two nets (nets unconnected-(U_VALVEEXP1-GPB4-Pad5) and /Motor Valve/COIL_LOW3)
    Local override; error
    @(60.3050 mm, 117.6750 mm): Pad 5 [unconnected-(U_VALVEEXP1-GPB4-Pad5)] of U_VALVEEXP1 on F.Cu
    @(58.0000 mm, 118.0000 mm): Track [/Motor Valve/COIL_LOW3] on F.Cu, length 1.6017 mm
[shorting_items]: Items shorting two nets (nets unconnected-(U_VALVEEXP1-GPB6-Pad7) and /Motor Valve/COIL_LOW3)
    Local override; error
    @(60.3050 mm, 120.2150 mm): Pad 7 [unconnected-(U_VALVEEXP1-GPB6-Pad7)] of U_VALVEEXP1 on F.Cu
    @(62.2929 mm, 120.6912 mm): Track [/Motor Valve/COIL_LOW3] on F.Cu, length 3.8059 mm
[shorting_items]: Items shorting two nets (nets unconnected-(U_VALVEEXP1-GPB7-Pad8) and /Motor Valve/COIL_LOW2)
    Local override; error
    @(60.3050 mm, 121.4850 mm): Pad 8 [unconnected-(U_VALVEEXP1-GPB7-Pad8)] of U_VALVEEXP1 on F.Cu
    @(93.6837 mm, 121.4064 mm): Track [/Motor Valve/COIL_LOW2] on F.Cu, length 54.6756 mm
[shorting_items]: Items shorting two nets (nets /MCU/LED_FAULT and /Motor Valve/COIL_LOW6)
    Local override; error
    @(123.7525 mm, 118.3750 mm): Pad 1 [/MCU/LED_FAULT] of R_LEDFLT1 on F.Cu
    @(130.0000 mm, 118.0000 mm): Track [/Motor Valve/COIL_LOW6] on F.Cu, length 8.5996 mm
[shorting_items]: Items shorting two nets (nets /Motor Valve/COIL_LOW3 and /Motor Valve/RELAY_CMD2)
    Local override; error
    @(93.1359 mm, 120.6912 mm): Track [/Motor Valve/COIL_LOW3] on F.Cu, length 30.8430 mm
    @(69.6050 mm, 120.2150 mm): Pad 22 [/Motor Valve/RELAY_CMD2] of U_VALVEEXP1 on F.Cu
[clearance]: Clearance violation (netclass 'Power' clearance 0.2000 mm; actual 0.1421 mm)
    Rule: netclass 'Power'; error
    @(171.9654 mm, 113.5671 mm): Track [/Motor Valve/COIL_LOW8] on F.Cu, length 52.2998 mm
    @(123.7525 mm, 112.4750 mm): Pad 1 [+3V3] of R_BOOT1 on F.Cu
[shorting_items]: Items shorting two nets (nets /Motor Valve/COIL_LOW7 and +3V3)
    Local override; error
    @(150.0950 mm, 115.6967 mm): Track [/Motor Valve/COIL_LOW7] on F.Cu, length 29.4125 mm
    @(123.7525 mm, 115.4250 mm): Pad 1 [+3V3] of R_ENPU1 on F.Cu
[clearance]: Clearance violation (netclass 'Contacts' clearance 0.5000 mm; actual 0.4350 mm)
    Rule: netclass 'Contacts'; error
    @(106.6850 mm, 145.4450 mm): Pad 31 [/MCU/LED_PWR] of U_MCU1 on F.Cu
    @(103.0000 mm, 143.0000 mm): Track [/Motor Valve/RLY5_COM] on F.Cu, length 2.8284 mm
[shorting_items]: Items shorting two nets (nets /MCU/net_DEBUG_TX and /Motor Valve/RLY5_NO)
    Local override; error
    @(106.6850 mm, 137.8250 mm): Pad 37 [/MCU/net_DEBUG_TX] of U_MCU1 on F.Cu
    @(106.0000 mm, 135.7800 mm): Track [/Motor Valve/RLY5_NO] on F.Cu, length 5.7700 mm
[shorting_items]: Items shorting two nets (nets /Motor Valve/RLY1_NC and /Motor Valve/COIL_LOW2)
    Local override; error
    @(17.6200 mm, 133.2400 mm): Track [/Motor Valve/RLY1_NC] on F.Cu, length 3.5921 mm
    @(18.9750 mm, 133.6250 mm): PTH pad 1 [/Motor Valve/COIL_LOW2] of K2
[shorting_items]: Items shorting two nets (nets /Motor Valve/RLY1_NC and +12V)
    Local override; error
    @(20.1600 mm, 135.7800 mm): Track [/Motor Valve/RLY1_NC] on F.Cu, length 8.1200 mm
    @(18.9750 mm, 138.5550 mm): PTH pad 5 [+12V] of K3
[shorting_items]: Items shorting two nets (nets /Motor Valve/COIL_LOW3 and /Motor Valve/RLY1_NC)
    Local override; error
    @(18.9750 mm, 146.1750 mm): PTH pad 1 [/Motor Valve/COIL_LOW3] of K3
    @(20.1600 mm, 143.9000 mm): Track [/Motor Valve/RLY1_NC] on F.Cu, length 1.4866 mm
[shorting_items]: Items shorting two nets (nets /Motor Valve/RLY1_COM and /Motor Valve/COIL_LOW1)
    Local override; error
    @(29.1350 mm, 121.0750 mm): PTH pad 2 [/Motor Valve/RLY1_COM] of K1
    @(15.7098 mm, 122.1081 mm): Track [/Motor Valve/COIL_LOW1] on F.Cu, length 78.5746 mm
[shorting_items]: Items shorting two nets (nets +12V and /Motor Valve/RLY1_COM)
    Local override; error
    @(41.6200 mm, 118.0000 mm): Track [+12V] on F.Cu, length 2.4773 mm
    @(43.7650 mm, 117.2700 mm): PTH pad 1 [/Motor Valve/RLY1_COM] of J_RELAY1
[shorting_items]: Items shorting two nets (nets /Motor Valve/COIL_LOW1 and +12V)
    Local override; error
    @(18.9750 mm, 121.0750 mm): PTH pad 1 [/Motor Valve/COIL_LOW1] of K1
    @(19.3717 mm, 119.7517 mm): Track [+12V] on F.Cu, length 2.4773 mm
[shorting_items]: Items shorting two nets (nets /Motor Valve/COIL_LOW1 and +12V)
    Local override; error
    @(18.9750 mm, 121.0750 mm): PTH pad 1 [/Motor Valve/COIL_LOW1] of K1
    @(39.8683 mm, 119.7517 mm): Track [+12V] on F.Cu, length 20.4966 mm
[clearance]: Clearance violation (zone clearance 0.2500 mm; actual 0.0000 mm)
    Local override; error
    @(18.9750 mm, 121.0750 mm): PTH pad 1 [/Motor Valve/COIL_LOW1] of K1
    @(0.5000 mm, 0.5000 mm): Zone [GND] on In1.Cu, priority 0
[hole_clearance]: Hole clearance violation (board setup constraints hole clearance 0.2500 mm; actual 0.0000 mm)
    Rule: board setup constraints hole; error
    @(18.9750 mm, 121.0750 mm): PTH pad 1 [/Motor Valve/COIL_LOW1] of K1
    @(0.5000 mm, 0.5000 mm): Zone [GND] on In1.Cu, priority 0
[clearance]: Clearance violation (zone clearance 0.2500 mm; actual 0.0000 mm)
    Local override; error
    @(18.9750 mm, 121.0750 mm): PTH pad 1 [/Motor Valve/COIL_LOW1] of K1
    @(0.5000 mm, 0.5000 mm): Zone [GND] on In2.Cu, priority 0
[hole_clearance]: Hole clearance violation (board setup constraints hole clearance 0.2500 mm; actual 0.0000 mm)
    Rule: board setup constraints hole; error
    @(18.9750 mm, 121.0750 mm): PTH pad 1 [/Motor Valve/COIL_LOW1] of K1
    @(0.5000 mm, 0.5000 mm): Zone [GND] on In2.Cu, priority 0
[clearance]: Clearance violation (netclass 'Contacts' clearance 0.5000 mm; actual 0.0000 mm)
    Rule: netclass 'Contacts'; error
    @(29.1350 mm, 121.0750 mm): PTH pad 2 [/Motor Valve/RLY1_COM] of K1
    @(0.5000 mm, 0.5000 mm): Zone [GND] on In1.Cu, priority 0
[clearance]: Clearance violation (netclass 'Contacts' clearance 0.5000 mm; actual 0.3276 mm)
    Rule: netclass 'Contacts'; error
    @(59.6800 mm, 136.8450 mm): Pad 1 [+3V3] of R_EXP_RESET1 on F.Cu
    @(58.0000 mm, 135.7800 mm): PTH pad 3 [/Motor Valve/RLY3_NO] of K3
[clearance]: Clearance violation (netclass 'Contacts' clearance 0.5000 mm; actual 0.3994 mm)
    Rule: netclass 'Contacts'; error
    @(60.3050 mm, 147.2200 mm): Pad 1 [/Motor Valve/RELAY_CMD1] of U_RELAY1 on F.Cu
    @(62.0800 mm, 145.0000 mm): PTH pad 2 [/Motor Valve/RLY3_NO] of J_RELAY3
[shorting_items]: Items shorting two nets (nets /Motor Valve/RLY5_COM and /MCU/LED_PWR)
    Local override; error
    @(105.0000 mm, 145.0000 mm): PTH pad 1 [/Motor Valve/RLY5_COM] of J_RELAY5
    @(106.6850 mm, 145.4450 mm): Pad 31 [/MCU/LED_PWR] of U_MCU1 on F.Cu
[hole_clearance]: Hole clearance violation (board setup constraints hole clearance 0.2500 mm; actual 0.0000 mm)
    Rule: board setup constraints hole; error
    @(29.1350 mm, 121.0750 mm): PTH pad 2 [/Motor Valve/RLY1_COM] of K1
    @(0.5000 mm, 0.5000 mm): Zone [GND] on In1.Cu, priority 0
[clearance]: Clearance violation (netclass 'Contacts' clearance 0.5000 mm; actual 0.0000 mm)
    Rule: netclass 'Contacts'; error
    @(29.1350 mm, 121.0750 mm): PTH pad 2 [/Motor Valve/RLY1_COM] of K1
    @(0.5000 mm, 0.5000 mm): Zone [GND] on In2.Cu, priority 0
[hole_clearance]: Hole clearance violation (board setup constraints hole clearance 0.2500 mm; actual 0.0000 mm)
    Rule: board setup constraints hole; error
    @(29.1350 mm, 121.0750 mm): PTH pad 2 [/Motor Valve/RLY1_COM] of K1
    @(0.5000 mm, 0.5000 mm): Zone [GND] on In2.Cu, priority 0
[shorting_items]: Items shorting two nets (nets /Motor Valve/COIL_LOW3 and /Motor Valve/RLY1_NC)
    Local override; error
    @(18.9750 mm, 146.1750 mm): PTH pad 1 [/Motor Valve/COIL_LOW3] of K3
    @(19.1600 mm, 145.0000 mm): PTH pad 3 [/Motor Valve/RLY1_NC] of J_RELAY1
[shorting_items]: Items shorting two nets (nets /Motor Valve/RLY5_COM and /MCU/LED_LINK)
    Local override; error
    @(105.0000 mm, 145.0000 mm): PTH pad 1 [/Motor Valve/RLY5_COM] of J_RELAY5
    @(106.6850 mm, 144.1750 mm): Pad 32 [/MCU/LED_LINK] of U_MCU1 on F.Cu
[shorting_items]: Items shorting two nets (nets /Motor Valve/RLY1_NC and /Motor Valve/COIL_LOW2)
    Local override; error
    @(17.6200 mm, 133.2400 mm): PTH pad 4 [/Motor Valve/RLY1_NC] of K1
    @(18.9750 mm, 133.6250 mm): PTH pad 1 [/Motor Valve/COIL_LOW2] of K2
[clearance]: Clearance violation (netclass 'Contacts' clearance 0.5000 mm; actual 0.0000 mm)
    Rule: netclass 'Contacts'; error
    @(36.7550 mm, 121.0750 mm): PTH pad 3 [/Motor Valve/RLY1_NO] of K1
    @(0.5000 mm, 0.5000 mm): Zone [GND] on In1.Cu, priority 0
[hole_clearance]: Hole clearance violation (board setup constraints hole clearance 0.2500 mm; actual 0.0000 mm)
    Rule: board setup constraints hole; error
    @(36.7550 mm, 121.0750 mm): PTH pad 3 [/Motor Valve/RLY1_NO] of K1
    @(0.5000 mm, 0.5000 mm): Zone [GND] on In1.Cu, priority 0
[shorting_items]: Items shorting two nets (nets /Motor Valve/RLY1_NC and /Motor Valve/COIL_LOW2)
    Local override; error
    @(17.6200 mm, 133.2400 mm): PTH pad 4 [/Motor Valve/RLY1_NC] of K1
    @(18.9750 mm, 133.6250 mm): PTH pad 1 [/Motor Valve/COIL_LOW2] of K2
[shorting_items]: Items shorting two nets (nets /Motor Valve/RLY1_NC and /Motor Valve/COIL_LOW2)
    Local override; error
    @(17.6200 mm, 133.2400 mm): PTH pad 4 [/Motor Valve/RLY1_NC] of K1
    @(18.9750 mm, 133.6250 mm): PTH pad 1 [/Motor Valve/COIL_LOW2] of K2
[shorting_items]: Items shorting two nets (nets GND and /Motor Valve/RLY3_NC)
    Local override; error
    @(65.3400 mm, 134.3350 mm): Pad 2 [GND] of R_RELAY_PD5 on F.Cu
    @(65.6200 mm, 133.2400 mm): PTH pad 4 [/Motor Valve/RLY3_NC] of K3
[clearance]: Clearance violation (netclass 'Contacts' clearance 0.5000 mm; actual 0.0000 mm)
    Rule: netclass 'Contacts'; error
    @(36.7550 mm, 121.0750 mm): PTH pad 3 [/Motor Valve/RLY1_NO] of K1
    @(0.5000 mm, 0.5000 mm): Zone [GND] on In2.Cu, priority 0
[shorting_items]: Items shorting two nets (nets /Motor Valve/RLY1_NC and /Motor Valve/COIL_LOW2)
    Local override; error
    @(17.6200 mm, 133.2400 mm): PTH pad 4 [/Motor Valve/RLY1_NC] of K1
    @(18.9750 mm, 133.6250 mm): PTH pad 1 [/Motor Valve/COIL_LOW2] of K2
[hole_clearance]: Hole clearance violation (board setup constraints hole clearance 0.2500 mm; actual 0.0000 mm)
    Rule: board setup constraints hole; error
    @(36.7550 mm, 121.0750 mm): PTH pad 3 [/Motor Valve/RLY1_NO] of K1
    @(0.5000 mm, 0.5000 mm): Zone [GND] on In2.Cu, priority 0
[shorting_items]: Items shorting two nets (nets /Motor Valve/RLY5_COM and /MCU/LED_FAULT)
    Local override; error
    @(105.0000 mm, 145.0000 mm): PTH pad 1 [/Motor Valve/RLY5_COM] of J_RELAY5
    @(106.6850 mm, 142.9050 mm): Pad 33 [/MCU/LED_FAULT] of U_MCU1 on F.Cu
[clearance]: Clearance violation (netclass 'Contacts' clearance 0.5000 mm; actual 0.0000 mm)
    Rule: netclass 'Contacts'; error
    @(34.2150 mm, 113.4550 mm): PTH pad 4 [/Motor Valve/RLY1_NC] of K1
    @(0.5000 mm, 0.5000 mm): Zone [GND] on In1.Cu, priority 0
[hole_clearance]: Hole clearance violation (board setup constraints hole clearance 0.2500 mm; actual 0.0000 mm)
    Rule: board setup constraints hole; error
    @(34.2150 mm, 113.4550 mm): PTH pad 4 [/Motor Valve/RLY1_NC] of K1
    @(0.5000 mm, 0.5000 mm): Zone [GND] on In1.Cu, priority 0
[shorting_items]: Items shorting two nets (nets /Motor Valve/RLY5_COM and unconnected-(U_MCU1-IO37-Pad30))
    Local override; error
    @(105.0000 mm, 145.0000 mm): PTH pad 1 [/Motor Valve/RLY5_COM] of J_RELAY5
    @(106.6850 mm, 146.7150 mm): Pad 30 [unconnected-(U_MCU1-IO37-Pad30)] of U_MCU1 on F.Cu
[clearance]: Clearance violation (netclass 'Contacts' clearance 0.5000 mm; actual 0.0000 mm)
    Rule: netclass 'Contacts'; error
    @(34.2150 mm, 113.4550 mm): PTH pad 4 [/Motor Valve/RLY1_NC] of K1
    @(0.5000 mm, 0.5000 mm): Zone [GND] on In2.Cu, priority 0
[shorting_items]: Items shorting two nets (nets /Motor Valve/COIL_LOW3 and /Motor Valve/RLY1_NC)
    Local override; error
    @(18.9750 mm, 146.1750 mm): PTH pad 1 [/Motor Valve/COIL_LOW3] of K3
    @(19.1600 mm, 145.0000 mm): PTH pad 3 [/Motor Valve/RLY1_NC] of J_RELAY1
[hole_clearance]: Hole clearance violation (board setup constraints hole clearance 0.2500 mm; actual 0.0000 mm)
    Rule: board setup constraints hole; error
    @(34.2150 mm, 113.4550 mm): PTH pad 4 [/Motor Valve/RLY1_NC] of K1
    @(0.5000 mm, 0.5000 mm): Zone [GND] on In2.Cu, priority 0
[clearance]: Clearance violation (zone clearance 0.2500 mm; actual 0.0000 mm)
    Local override; error
    @(18.9750 mm, 113.4550 mm): PTH pad 5 [+12V] of K1
    @(0.5000 mm, 0.5000 mm): Zone [GND] on In1.Cu, priority 0
[hole_clearance]: Hole clearance violation (board setup constraints hole clearance 0.2500 mm; actual 0.0000 mm)
    Rule: board setup constraints hole; error
    @(18.9750 mm, 113.4550 mm): PTH pad 5 [+12V] of K1
    @(0.5000 mm, 0.5000 mm): Zone [GND] on In1.Cu, priority 0
[shorting_items]: Items shorting two nets (nets /Motor Valve/COIL_LOW3 and /Motor Valve/RLY1_NC)
    Local override; error
    @(18.9750 mm, 146.1750 mm): PTH pad 1 [/Motor Valve/COIL_LOW3] of K3
    @(19.1600 mm, 145.0000 mm): PTH pad 3 [/Motor Valve/RLY1_NC] of J_RELAY1
[clearance]: Clearance violation (zone clearance 0.2500 mm; actual 0.0000 mm)
    Local override; error
    @(18.9750 mm, 113.4550 mm): PTH pad 5 [+12V] of K1
    @(0.5000 mm, 0.5000 mm): Zone [GND] on In2.Cu, priority 0
[hole_clearance]: Hole clearance violation (board setup constraints hole clearance 0.2500 mm; actual 0.0000 mm)
    Rule: board setup constraints hole; error
    @(18.9750 mm, 113.4550 mm): PTH pad 5 [+12V] of K1
    @(0.5000 mm, 0.5000 mm): Zone [GND] on In2.Cu, priority 0
[clearance]: Clearance violation (netclass 'Coils' clearance 0.2000 mm; actual 0.1300 mm)
    Rule: netclass 'Coils'; error
    @(58.0000 mm, 118.0000 mm): PTH pad 1 [/Motor Valve/COIL_LOW3] of K3
    @(60.3050 mm, 117.6750 mm): Pad 5 [unconnected-(U_VALVEEXP1-GPB4-Pad5)] of U_VALVEEXP1 on F.Cu
[clearance]: Clearance violation (netclass 'Coils' clearance 0.2000 mm; actual 0.1300 mm)
    Rule: netclass 'Coils'; error
    @(58.0000 mm, 118.0000 mm): PTH pad 1 [/Motor Valve/COIL_LOW3] of K3
    @(60.3050 mm, 118.9450 mm): Pad 6 [unconnected-(U_VALVEEXP1-GPB5-Pad6)] of U_VALVEEXP1 on F.Cu
[clearance]: Clearance violation (netclass 'Contacts' clearance 0.5000 mm; actual 0.3361 mm)
    Rule: netclass 'Contacts'; error
    @(58.0000 mm, 128.1600 mm): PTH pad 2 [/Motor Valve/RLY3_COM] of K3
    @(60.3050 mm, 129.1050 mm): Pad 14 [VALVE_SPI_MISO] of U_VALVEEXP1 on F.Cu
[shorting_items]: Items shorting two nets (nets /Motor Valve/COIL_LOW3 and /Motor Valve/RLY1_NC)
    Local override; error
    @(18.9750 mm, 146.1750 mm): PTH pad 1 [/Motor Valve/COIL_LOW3] of K3
    @(19.1600 mm, 145.0000 mm): PTH pad 3 [/Motor Valve/RLY1_NC] of J_RELAY1
[clearance]: Clearance violation (netclass 'Contacts' clearance 0.5000 mm; actual 0.1407 mm)
    Rule: netclass 'Contacts'; error
    @(58.0000 mm, 128.1600 mm): PTH pad 2 [/Motor Valve/RLY3_COM] of K3
    @(60.3050 mm, 127.8350 mm): Pad 13 [VALVE_SPI_MOSI] of U_VALVEEXP1 on F.Cu
[shorting_items]: Items shorting two nets (nets /Motor Valve/RLY3_NO and /Motor Valve/RLY2_NO)
    Local override; error
    @(36.7550 mm, 146.1750 mm): PTH pad 3 [/Motor Valve/RLY3_NO] of K3
    @(38.0800 mm, 145.0000 mm): PTH pad 2 [/Motor Valve/RLY2_NO] of J_RELAY2
[shorting_items]: Items shorting two nets (nets /Motor Valve/RLY3_NC and GND)
    Local override; error
    @(65.6200 mm, 133.2400 mm): PTH pad 4 [/Motor Valve/RLY3_NC] of K3
    @(65.3400 mm, 131.8250 mm): Pad 2 [GND] of R_RELAY_PD4 on F.Cu
[shorting_items]: Items shorting two nets (nets /Motor Valve/RLY3_NO and /Motor Valve/RLY2_NO)
    Local override; error
    @(36.7550 mm, 146.1750 mm): PTH pad 3 [/Motor Valve/RLY3_NO] of K3
    @(38.0800 mm, 145.0000 mm): PTH pad 2 [/Motor Valve/RLY2_NO] of J_RELAY2
[shorting_items]: Items shorting two nets (nets /Motor Valve/RLY3_NO and /Motor Valve/RLY2_NO)
    Local override; error
    @(36.7550 mm, 146.1750 mm): PTH pad 3 [/Motor Valve/RLY3_NO] of K3
    @(38.0800 mm, 145.0000 mm): PTH pad 2 [/Motor Valve/RLY2_NO] of J_RELAY2
[clearance]: Clearance violation (netclass 'Contacts' clearance 0.5000 mm; actual 0.0000 mm)
    Rule: netclass 'Contacts'; error
    @(43.7650 mm, 117.2700 mm): PTH pad 1 [/Motor Valve/RLY1_COM] of J_RELAY1
    @(0.5000 mm, 0.5000 mm): Zone [GND] on In1.Cu, priority 0
[hole_clearance]: Hole clearance violation (board setup constraints hole clearance 0.2500 mm; actual 0.0000 mm)
    Rule: board setup constraints hole; error
    @(43.7650 mm, 117.2700 mm): PTH pad 1 [/Motor Valve/RLY1_COM] of J_RELAY1
    @(0.5000 mm, 0.5000 mm): Zone [GND] on In1.Cu, priority 0
[shorting_items]: Items shorting two nets (nets /Motor Valve/RLY3_NO and /Motor Valve/RLY2_NO)
    Local override; error
    @(36.7550 mm, 146.1750 mm): PTH pad 3 [/Motor Valve/RLY3_NO] of K3
    @(38.0800 mm, 145.0000 mm): PTH pad 2 [/Motor Valve/RLY2_NO] of J_RELAY2
[clearance]: Clearance violation (netclass 'Contacts' clearance 0.5000 mm; actual 0.0000 mm)
    Rule: netclass 'Contacts'; error
    @(43.7650 mm, 117.2700 mm): PTH pad 1 [/Motor Valve/RLY1_COM] of J_RELAY1
    @(0.5000 mm, 0.5000 mm): Zone [GND] on In2.Cu, priority 0
[hole_clearance]: Hole clearance violation (board setup constraints hole clearance 0.2500 mm; actual 0.0000 mm)
    Rule: board setup constraints hole; error
    @(43.7650 mm, 117.2700 mm): PTH pad 1 [/Motor Valve/RLY1_COM] of J_RELAY1
    @(0.5000 mm, 0.5000 mm): Zone [GND] on In2.Cu, priority 0
[clearance]: Clearance violation (netclass 'Contacts' clearance 0.5000 mm; actual 0.0000 mm)
    Rule: netclass 'Contacts'; error
    @(48.8450 mm, 117.2700 mm): PTH pad 2 [/Motor Valve/RLY1_NO] of J_RELAY1
    @(0.5000 mm, 0.5000 mm): Zone [GND] on In1.Cu, priority 0
[hole_clearance]: Hole clearance violation (board setup constraints hole clearance 0.2500 mm; actual 0.0000 mm)
    Rule: board setup constraints hole; error
    @(48.8450 mm, 117.2700 mm): PTH pad 2 [/Motor Valve/RLY1_NO] of J_RELAY1
    @(0.5000 mm, 0.5000 mm): Zone [GND] on In1.Cu, priority 0
[clearance]: Clearance violation (netclass 'Contacts' clearance 0.5000 mm; actual 0.4712 mm)
    Rule: netclass 'Contacts'; error
    @(89.1850 mm, 142.9050 mm): Pad 8 [RS485_TX] of U_MCU1 on F.Cu
    @(91.1600 mm, 145.0000 mm): PTH pad 3 [/Motor Valve/RLY4_NC] of J_RELAY4
[clearance]: Clearance violation (netclass 'Contacts' clearance 0.5000 mm; actual 0.0000 mm)
    Rule: netclass 'Contacts'; error
    @(48.8450 mm, 117.2700 mm): PTH pad 2 [/Motor Valve/RLY1_NO] of J_RELAY1
    @(0.5000 mm, 0.5000 mm): Zone [GND] on In2.Cu, priority 0
[hole_clearance]: Hole clearance violation (board setup constraints hole clearance 0.2500 mm; actual 0.0000 mm)
    Rule: board setup constraints hole; error
    @(48.8450 mm, 117.2700 mm): PTH pad 2 [/Motor Valve/RLY1_NO] of J_RELAY1
    @(0.5000 mm, 0.5000 mm): Zone [GND] on In2.Cu, priority 0
[shorting_items]: Items shorting two nets (nets GND and /Motor Valve/RLY3_NO)
    Local override; error
    @(61.3300 mm, 144.3750 mm): Pad 2 [GND] of R_RELAY_PD3 on F.Cu
    @(62.0800 mm, 145.0000 mm): PTH pad 2 [/Motor Valve/RLY3_NO] of J_RELAY3
[clearance]: Clearance violation (netclass 'Contacts' clearance 0.5000 mm; actual 0.0000 mm)
    Rule: netclass 'Contacts'; error
    @(53.9250 mm, 117.2700 mm): PTH pad 3 [/Motor Valve/RLY1_NC] of J_RELAY1
    @(0.5000 mm, 0.5000 mm): Zone [GND] on In1.Cu, priority 0
[hole_clearance]: Hole clearance violation (board setup constraints hole clearance 0.2500 mm; actual 0.0000 mm)
    Rule: board setup constraints hole; error
    @(53.9250 mm, 117.2700 mm): PTH pad 3 [/Motor Valve/RLY1_NC] of J_RELAY1
    @(0.5000 mm, 0.5000 mm): Zone [GND] on In1.Cu, priority 0
[clearance]: Clearance violation (netclass 'Contacts' clearance 0.5000 mm; actual 0.0000 mm)
    Rule: netclass 'Contacts'; error
    @(53.9250 mm, 117.2700 mm): PTH pad 3 [/Motor Valve/RLY1_NC] of J_RELAY1
    @(0.5000 mm, 0.5000 mm): Zone [GND] on In2.Cu, priority 0
[clearance]: Clearance violation (netclass 'Contacts' clearance 0.5000 mm; actual 0.1850 mm)
    Rule: netclass 'Contacts'; error
    @(89.1850 mm, 144.1750 mm): Pad 9 [RS485_RX] of U_MCU1 on F.Cu
    @(91.1600 mm, 145.0000 mm): PTH pad 3 [/Motor Valve/RLY4_NC] of J_RELAY4
[hole_clearance]: Hole clearance violation (board setup constraints hole clearance 0.2500 mm; actual 0.0000 mm)
    Rule: board setup constraints hole; error
    @(53.9250 mm, 117.2700 mm): PTH pad 3 [/Motor Valve/RLY1_NC] of J_RELAY1
    @(0.5000 mm, 0.5000 mm): Zone [GND] on In2.Cu, priority 0
[clearance]: Clearance violation (netclass 'Contacts' clearance 0.5000 mm; actual 0.1850 mm)
    Rule: netclass 'Contacts'; error
    @(89.1850 mm, 145.4450 mm): Pad 10 [LORA_UART_TX] of U_MCU1 on F.Cu
    @(91.1600 mm, 145.0000 mm): PTH pad 3 [/Motor Valve/RLY4_NC] of J_RELAY4
[shorting_items]: Items shorting two nets (nets /Motor Valve/RLY2_COM and /Motor Valve/RLY2_NC)
    Local override; error
    @(34.0000 mm, 128.1600 mm): PTH pad 2 [/Motor Valve/RLY2_COM] of K2
    @(34.2150 mm, 126.0050 mm): PTH pad 4 [/Motor Valve/RLY2_NC] of K2
[clearance]: Clearance violation (netclass 'Contacts' clearance 0.5000 mm; actual 0.2850 mm)
    Rule: netclass 'Contacts'; error
    @(89.1850 mm, 146.7150 mm): Pad 11 [LORA_UART_RX] of U_MCU1 on F.Cu
    @(91.1600 mm, 145.0000 mm): PTH pad 3 [/Motor Valve/RLY4_NC] of J_RELAY4
[shorting_items]: Items shorting two nets (nets /Motor Valve/RLY2_COM and /Motor Valve/RLY2_NC)
    Local override; error
    @(34.0000 mm, 128.1600 mm): PTH pad 2 [/Motor Valve/RLY2_COM] of K2
    @(34.2150 mm, 126.0050 mm): PTH pad 4 [/Motor Valve/RLY2_NC] of K2
[shorting_items]: Items shorting two nets (nets /Motor Valve/RLY2_COM and /Motor Valve/RLY2_NC)
    Local override; error
    @(34.0000 mm, 128.1600 mm): PTH pad 2 [/Motor Valve/RLY2_COM] of K2
    @(34.2150 mm, 126.0050 mm): PTH pad 4 [/Motor Valve/RLY2_NC] of K2
[shorting_items]: Items shorting two nets (nets /Motor Valve/RLY2_COM and /Motor Valve/RLY2_NC)
    Local override; error
    @(34.0000 mm, 128.1600 mm): PTH pad 2 [/Motor Valve/RLY2_COM] of K2
    @(34.2150 mm, 126.0050 mm): PTH pad 4 [/Motor Valve/RLY2_NC] of K2
[clearance]: Clearance violation (netclass 'Contacts' clearance 0.5000 mm; actual 0.4833 mm)
    Rule: netclass 'Contacts'; error
    @(34.0000 mm, 135.7800 mm): PTH pad 3 [/Motor Valve/RLY2_NO] of K2
    @(34.2150 mm, 138.5550 mm): PTH pad 4 [/Motor Valve/RLY3_NC] of K3
[clearance]: Clearance violation (netclass 'Contacts' clearance 0.5000 mm; actual 0.4833 mm)
    Rule: netclass 'Contacts'; error
    @(34.0000 mm, 135.7800 mm): PTH pad 3 [/Motor Valve/RLY2_NO] of K2
    @(34.2150 mm, 138.5550 mm): PTH pad 4 [/Motor Valve/RLY3_NC] of K3
[clearance]: Clearance violation (netclass 'Contacts' clearance 0.5000 mm; actual 0.4833 mm)
    Rule: netclass 'Contacts'; error
    @(34.0000 mm, 135.7800 mm): PTH pad 3 [/Motor Valve/RLY2_NO] of K2
    @(34.2150 mm, 138.5550 mm): PTH pad 4 [/Motor Valve/RLY3_NC] of K3
[clearance]: Clearance violation (netclass 'Contacts' clearance 0.5000 mm; actual 0.4833 mm)
    Rule: netclass 'Contacts'; error
    @(34.0000 mm, 135.7800 mm): PTH pad 3 [/Motor Valve/RLY2_NO] of K2
    @(34.2150 mm, 138.5550 mm): PTH pad 4 [/Motor Valve/RLY3_NC] of K3
[shorting_items]: Items shorting two nets (nets +12V and /Motor Valve/RLY1_COM)
    Local override; error
    @(41.6200 mm, 118.0000 mm): PTH pad 5 [+12V] of K2
    @(43.7650 mm, 117.2700 mm): PTH pad 1 [/Motor Valve/RLY1_COM] of J_RELAY1
[shorting_items]: Items shorting two nets (nets +12V and /Motor Valve/RLY1_COM)
    Local override; error
    @(41.6200 mm, 118.0000 mm): PTH pad 5 [+12V] of K2
    @(43.7650 mm, 117.2700 mm): PTH pad 1 [/Motor Valve/RLY1_COM] of J_RELAY1
[shorting_items]: Items shorting two nets (nets +12V and /Motor Valve/RLY1_COM)
    Local override; error
    @(41.6200 mm, 118.0000 mm): PTH pad 5 [+12V] of K2
    @(43.7650 mm, 117.2700 mm): PTH pad 1 [/Motor Valve/RLY1_COM] of J_RELAY1
[shorting_items]: Items shorting two nets (nets /Motor Valve/RLY4_NC and GND)
    Local override; error
    @(89.6200 mm, 133.2400 mm): PTH pad 4 [/Motor Valve/RLY4_NC] of K4
    @(89.1850 mm, 134.0150 mm): Pad 1 [GND] of U_MCU1 on F.Cu
[clearance]: Clearance violation (netclass 'Contacts' clearance 0.5000 mm; actual 0.4450 mm)
    Rule: netclass 'Contacts'; error
    @(89.6200 mm, 133.2400 mm): PTH pad 4 [/Motor Valve/RLY4_NC] of K4
    @(89.1850 mm, 135.2850 mm): Pad 2 [+3V3] of U_MCU1 on F.Cu
[shorting_items]: Items shorting two nets (nets +12V and /Motor Valve/RLY1_COM)
    Local override; error
    @(41.6200 mm, 118.0000 mm): PTH pad 5 [+12V] of K2
    @(43.7650 mm, 117.2700 mm): PTH pad 1 [/Motor Valve/RLY1_COM] of J_RELAY1
[clearance]: Clearance violation (netclass 'Contacts' clearance 0.5000 mm; actual 0.4450 mm)
    Rule: netclass 'Contacts'; error
    @(106.6850 mm, 137.8250 mm): Pad 37 [/MCU/net_DEBUG_TX] of U_MCU1 on F.Cu
    @(106.0000 mm, 135.7800 mm): PTH pad 3 [/Motor Valve/RLY5_NO] of K5
[shorting_items]: Items shorting two nets (nets SENSOR_CH2 and /Motor Valve/RLY5_NO)
    Local override; error
    @(106.6850 mm, 136.5550 mm): Pad 38 [SENSOR_CH2] of U_MCU1 on F.Cu
    @(106.0000 mm, 135.7800 mm): PTH pad 3 [/Motor Valve/RLY5_NO] of K5
[shorting_items]: Items shorting two nets (nets SENSOR_CH1 and /Motor Valve/RLY5_NO)
    Local override; error
    @(106.6850 mm, 135.2850 mm): Pad 39 [SENSOR_CH1] of U_MCU1 on F.Cu
    @(106.0000 mm, 135.7800 mm): PTH pad 3 [/Motor Valve/RLY5_NO] of K5
[clearance]: Clearance violation (netclass 'Contacts' clearance 0.5000 mm; actual 0.1650 mm)
    Rule: netclass 'Contacts'; error
    @(106.6850 mm, 134.0150 mm): Pad 40 [GND] of U_MCU1 on F.Cu
    @(106.0000 mm, 135.7800 mm): PTH pad 3 [/Motor Valve/RLY5_NO] of K5
[courtyards_overlap]: Courtyards overlap
    Rule: board setup constraints courtyard; error
    @(64.5150 mm, 136.8450 mm): Footprint R_RELAY_PD6
    @(58.0000 mm, 118.0000 mm): Footprint K3
[courtyards_overlap]: Courtyards overlap
    Rule: board setup constraints courtyard; error
    @(18.9750 mm, 121.0750 mm): Footprint K1
    @(10.0000 mm, 118.0000 mm): Footprint K1
[pth_inside_courtyard]: PTH inside courtyard
    Local override; error
    @(17.6200 mm, 118.0000 mm): PTH pad 5 [+12V] of K1
    @(18.9750 mm, 121.0750 mm): Footprint K1
[pth_inside_courtyard]: PTH inside courtyard
    Local override; error
    @(18.9750 mm, 121.0750 mm): PTH pad 1 [/Motor Valve/COIL_LOW1] of K1
    @(10.0000 mm, 118.0000 mm): Footprint K1
[courtyards_overlap]: Courtyards overlap
    Rule: board setup constraints courtyard; error
    @(18.9750 mm, 121.0750 mm): Footprint K1
    @(34.0000 mm, 118.0000 mm): Footprint K2
[pth_inside_courtyard]: PTH inside courtyard
    Local override; error
    @(34.0000 mm, 118.0000 mm): PTH pad 1 [/Motor Valve/COIL_LOW2] of K2
    @(18.9750 mm, 121.0750 mm): Footprint K1
[pth_inside_courtyard]: PTH inside courtyard
    Local override; error
    @(36.7550 mm, 121.0750 mm): PTH pad 3 [/Motor Valve/RLY1_NO] of K1
    @(34.0000 mm, 118.0000 mm): Footprint K2
[courtyards_overlap]: Courtyards overlap
    Rule: board setup constraints courtyard; error
    @(10.0000 mm, 118.0000 mm): Footprint K1
    @(18.9750 mm, 133.6250 mm): Footprint K2
[pth_inside_courtyard]: PTH inside courtyard
    Local override; error
    @(18.9750 mm, 133.6250 mm): PTH pad 1 [/Motor Valve/COIL_LOW2] of K2
    @(10.0000 mm, 118.0000 mm): Footprint K1
[pth_inside_courtyard]: PTH inside courtyard
    Local override; error
    @(18.9750 mm, 126.0050 mm): PTH pad 5 [+12V] of K2
    @(10.0000 mm, 118.0000 mm): Footprint K1
[pth_inside_courtyard]: PTH inside courtyard
    Local override; error
    @(17.6200 mm, 133.2400 mm): PTH pad 4 [/Motor Valve/RLY1_NC] of K1
    @(18.9750 mm, 133.6250 mm): Footprint K2
[courtyards_overlap]: Courtyards overlap
    Rule: board setup constraints courtyard; error
    @(10.0000 mm, 118.0000 mm): Footprint K1
    @(18.9750 mm, 146.1750 mm): Footprint K3
[courtyards_overlap]: Courtyards overlap
    Rule: board setup constraints courtyard; error
    @(60.5050 mm, 134.3350 mm): Footprint C_RELAY1
    @(58.0000 mm, 118.0000 mm): Footprint K3
[courtyards_overlap]: Courtyards overlap
    Rule: board setup constraints courtyard; error
    @(64.5150 mm, 134.3350 mm): Footprint R_RELAY_PD5
    @(58.0000 mm, 118.0000 mm): Footprint K3
[pth_inside_courtyard]: PTH inside courtyard
    Local override; error
    @(65.6200 mm, 133.2400 mm): PTH pad 4 [/Motor Valve/RLY3_NC] of K3
    @(64.5150 mm, 134.3350 mm): Footprint R_RELAY_PD5
[courtyards_overlap]: Courtyards overlap
    Rule: board setup constraints courtyard; error
    @(105.0000 mm, 145.0000 mm): Footprint J_RELAY5
    @(97.9350 mm, 139.2750 mm): Footprint U_MCU1
[pth_inside_courtyard]: PTH inside courtyard
    Local override; error
    @(105.0000 mm, 145.0000 mm): PTH pad 1 [/Motor Valve/RLY5_COM] of J_RELAY5
    @(97.9350 mm, 139.2750 mm): Footprint U_MCU1
[courtyards_overlap]: Courtyards overlap
    Rule: board setup constraints courtyard; error
    @(60.5050 mm, 131.8250 mm): Footprint C_EXP1
    @(58.0000 mm, 118.0000 mm): Footprint K3
[courtyards_overlap]: Courtyards overlap
    Rule: board setup constraints courtyard; error
    @(60.5050 mm, 136.8450 mm): Footprint R_EXP_RESET1
    @(58.0000 mm, 118.0000 mm): Footprint K3
[courtyards_overlap]: Courtyards overlap
    Rule: board setup constraints courtyard; error
    @(60.5050 mm, 139.3550 mm): Footprint R_RELAY_PD1
    @(57.0000 mm, 145.0000 mm): Footprint J_RELAY3
[courtyards_overlap]: Courtyards overlap
    Rule: board setup constraints courtyard; error
    @(64.9550 mm, 152.3000 mm): Footprint U_RELAY1
    @(57.0000 mm, 145.0000 mm): Footprint J_RELAY3
[courtyards_overlap]: Courtyards overlap
    Rule: board setup constraints courtyard; error
    @(64.5150 mm, 141.8650 mm): Footprint R_RELAY_PD8
    @(57.0000 mm, 145.0000 mm): Footprint J_RELAY3
[courtyards_overlap]: Courtyards overlap
    Rule: board setup constraints courtyard; error
    @(57.0000 mm, 145.0000 mm): Footprint J_RELAY3
    @(60.5050 mm, 144.3750 mm): Footprint R_RELAY_PD3
[pth_inside_courtyard]: PTH inside courtyard
    Local override; error
    @(62.0800 mm, 145.0000 mm): PTH pad 2 [/Motor Valve/RLY3_NO] of J_RELAY3
    @(60.5050 mm, 144.3750 mm): Footprint R_RELAY_PD3
[courtyards_overlap]: Courtyards overlap
    Rule: board setup constraints courtyard; error
    @(57.0000 mm, 145.0000 mm): Footprint J_RELAY3
    @(43.7650 mm, 139.4600 mm): Footprint J_RELAY3
[pth_inside_courtyard]: PTH inside courtyard
    Local override; error
    @(53.9250 mm, 139.4600 mm): PTH pad 3 [/Motor Valve/RLY3_NC] of J_RELAY3
    @(57.0000 mm, 145.0000 mm): Footprint J_RELAY3
[courtyards_overlap]: Courtyards overlap
    Rule: board setup constraints courtyard; error
    @(57.0000 mm, 145.0000 mm): Footprint J_RELAY3
    @(64.5150 mm, 139.3550 mm): Footprint R_RELAY_PD7
[courtyards_overlap]: Courtyards overlap
    Rule: board setup constraints courtyard; error
    @(57.0000 mm, 145.0000 mm): Footprint J_RELAY3
    @(43.7650 mm, 150.5550 mm): Footprint J_RELAY4
[pth_inside_courtyard]: PTH inside courtyard
    Local override; error
    @(57.0000 mm, 145.0000 mm): PTH pad 1 [/Motor Valve/RLY3_COM] of J_RELAY3
    @(43.7650 mm, 150.5550 mm): Footprint J_RELAY4
[courtyards_overlap]: Courtyards overlap
    Rule: board setup constraints courtyard; error
    @(57.0000 mm, 145.0000 mm): Footprint J_RELAY3
    @(60.5050 mm, 141.8650 mm): Footprint R_RELAY_PD2
[courtyards_overlap]: Courtyards overlap
    Rule: board setup constraints courtyard; error
    @(82.0000 mm, 118.0000 mm): Footprint K4
    @(97.9350 mm, 139.2750 mm): Footprint U_MCU1
[pth_inside_courtyard]: PTH inside courtyard
    Local override; error
    @(82.0000 mm, 118.0000 mm): PTH pad 1 [/Motor Valve/COIL_LOW4] of K4
    @(97.9350 mm, 139.2750 mm): Footprint U_MCU1
[pth_inside_courtyard]: PTH inside courtyard
    Local override; error
    @(82.0000 mm, 128.1600 mm): PTH pad 2 [/Motor Valve/RLY4_COM] of K4
    @(97.9350 mm, 139.2750 mm): Footprint U_MCU1
[pth_inside_courtyard]: PTH inside courtyard
    Local override; error
    @(89.6200 mm, 133.2400 mm): PTH pad 4 [/Motor Valve/RLY4_NC] of K4
    @(97.9350 mm, 139.2750 mm): Footprint U_MCU1
[pth_inside_courtyard]: PTH inside courtyard
    Local override; error
    @(89.6200 mm, 118.0000 mm): PTH pad 5 [+12V] of K4
    @(97.9350 mm, 139.2750 mm): Footprint U_MCU1
[courtyards_overlap]: Courtyards overlap
    Rule: board setup constraints courtyard; error
    @(18.9750 mm, 133.6250 mm): Footprint K2
    @(34.0000 mm, 118.0000 mm): Footprint K2
[pth_inside_courtyard]: PTH inside courtyard
    Local override; error
    @(34.0000 mm, 128.1600 mm): PTH pad 2 [/Motor Valve/RLY2_COM] of K2
    @(18.9750 mm, 133.6250 mm): Footprint K2
[pth_inside_courtyard]: PTH inside courtyard
    Local override; error
    @(34.0000 mm, 135.7800 mm): PTH pad 3 [/Motor Valve/RLY2_NO] of K2
    @(18.9750 mm, 133.6250 mm): Footprint K2
[pth_inside_courtyard]: PTH inside courtyard
    Local override; error
    @(36.7550 mm, 133.6250 mm): PTH pad 3 [/Motor Valve/RLY2_NO] of K2
    @(34.0000 mm, 118.0000 mm): Footprint K2
[pth_inside_courtyard]: PTH inside courtyard
    Local override; error
    @(34.2150 mm, 126.0050 mm): PTH pad 4 [/Motor Valve/RLY2_NC] of K2
    @(34.0000 mm, 118.0000 mm): Footprint K2
[courtyards_overlap]: Courtyards overlap
    Rule: board setup constraints courtyard; error
    @(34.0000 mm, 118.0000 mm): Footprint K2
    @(43.7650 mm, 117.2700 mm): Footprint J_RELAY1
[pth_inside_courtyard]: PTH inside courtyard
    Local override; error
    @(43.7650 mm, 117.2700 mm): PTH pad 1 [/Motor Valve/RLY1_COM] of J_RELAY1
    @(34.0000 mm, 118.0000 mm): Footprint K2
[pth_inside_courtyard]: PTH inside courtyard
    Local override; error
    @(41.6200 mm, 118.0000 mm): PTH pad 5 [+12V] of K2
    @(43.7650 mm, 117.2700 mm): Footprint J_RELAY1
[courtyards_overlap]: Courtyards overlap
    Rule: board setup constraints courtyard; error
    @(34.0000 mm, 118.0000 mm): Footprint K2
    @(43.7650 mm, 139.4600 mm): Footprint J_RELAY3
[courtyards_overlap]: Courtyards overlap
    Rule: board setup constraints courtyard; error
    @(34.0000 mm, 118.0000 mm): Footprint K2
    @(43.7650 mm, 128.3650 mm): Footprint J_RELAY2
[pth_inside_courtyard]: PTH inside courtyard
    Local override; error
    @(43.7650 mm, 128.3650 mm): PTH pad 1 [/Motor Valve/RLY2_COM] of J_RELAY2
    @(34.0000 mm, 118.0000 mm): Footprint K2
[pth_inside_courtyard]: PTH inside courtyard
    Local override; error
    @(41.6200 mm, 133.2400 mm): PTH pad 4 [/Motor Valve/RLY2_NC] of K2
    @(43.7650 mm, 128.3650 mm): Footprint J_RELAY2
[courtyards_overlap]: Courtyards overlap
    Rule: board setup constraints courtyard; error
    @(34.0000 mm, 118.0000 mm): Footprint K2
    @(18.9750 mm, 146.1750 mm): Footprint K3
[courtyards_overlap]: Courtyards overlap
    Rule: board setup constraints courtyard; error
    @(18.9750 mm, 158.7250 mm): Footprint K4
    @(9.0000 mm, 145.0000 mm): Footprint J_RELAY1
[courtyards_overlap]: Courtyards overlap
    Rule: board setup constraints courtyard; error
    @(18.9750 mm, 158.7250 mm): Footprint K4
    @(33.0000 mm, 145.0000 mm): Footprint J_RELAY2
[courtyards_overlap]: Courtyards overlap
    Rule: board setup constraints courtyard; error
    @(43.7650 mm, 117.2700 mm): Footprint J_RELAY1
    @(58.0000 mm, 118.0000 mm): Footprint K3
[pth_inside_courtyard]: PTH inside courtyard
    Local override; error
    @(58.0000 mm, 118.0000 mm): PTH pad 1 [/Motor Valve/COIL_LOW3] of K3
    @(43.7650 mm, 117.2700 mm): Footprint J_RELAY1
[courtyards_overlap]: Courtyards overlap
    Rule: board setup constraints courtyard; error
    @(43.7650 mm, 139.4600 mm): Footprint J_RELAY3
    @(58.0000 mm, 118.0000 mm): Footprint K3
[pth_inside_courtyard]: PTH inside courtyard
    Local override; error
    @(58.0000 mm, 135.7800 mm): PTH pad 3 [/Motor Valve/RLY3_NO] of K3
    @(43.7650 mm, 139.4600 mm): Footprint J_RELAY3
[courtyards_overlap]: Courtyards overlap
    Rule: board setup constraints courtyard; error
    @(43.7650 mm, 139.4600 mm): Footprint J_RELAY3
    @(33.0000 mm, 145.0000 mm): Footprint J_RELAY2
[pth_inside_courtyard]: PTH inside courtyard
    Local override; error
    @(43.7650 mm, 139.4600 mm): PTH pad 1 [/Motor Valve/RLY3_COM] of J_RELAY3
    @(33.0000 mm, 145.0000 mm): Footprint J_RELAY2
[courtyards_overlap]: Courtyards overlap
    Rule: board setup constraints courtyard; error
    @(97.9350 mm, 139.2750 mm): Footprint U_MCU1
    @(106.0000 mm, 118.0000 mm): Footprint K5
[pth_inside_courtyard]: PTH inside courtyard
    Local override; error
    @(106.0000 mm, 118.0000 mm): PTH pad 1 [/Motor Valve/COIL_LOW5] of K5
    @(97.9350 mm, 139.2750 mm): Footprint U_MCU1
[pth_inside_courtyard]: PTH inside courtyard
    Local override; error
    @(106.0000 mm, 128.1600 mm): PTH pad 2 [/Motor Valve/RLY5_COM] of K5
    @(97.9350 mm, 139.2750 mm): Footprint U_MCU1
[pth_inside_courtyard]: PTH inside courtyard
    Local override; error
    @(106.0000 mm, 135.7800 mm): PTH pad 3 [/Motor Valve/RLY5_NO] of K5
    @(97.9350 mm, 139.2750 mm): Footprint U_MCU1
[pth_inside_courtyard]: PTH inside courtyard
    Local override; error
    @(113.6200 mm, 118.0000 mm): PTH pad 5 [+12V] of K5
    @(97.9350 mm, 139.2750 mm): Footprint U_MCU1
[courtyards_overlap]: Courtyards overlap
    Rule: board setup constraints courtyard; error
    @(97.9350 mm, 139.2750 mm): Footprint U_MCU1
    @(81.0000 mm, 145.0000 mm): Footprint J_RELAY4
[pth_inside_courtyard]: PTH inside courtyard
    Local override; error
    @(91.1600 mm, 145.0000 mm): PTH pad 3 [/Motor Valve/RLY4_NC] of J_RELAY4
    @(97.9350 mm, 139.2750 mm): Footprint U_MCU1
[courtyards_overlap]: Courtyards overlap
    Rule: board setup constraints courtyard; error
    @(43.7650 mm, 128.3650 mm): Footprint J_RELAY2
    @(58.0000 mm, 118.0000 mm): Footprint K3
[pth_inside_courtyard]: PTH inside courtyard
    Local override; error
    @(58.0000 mm, 128.1600 mm): PTH pad 2 [/Motor Valve/RLY3_COM] of K3
    @(43.7650 mm, 128.3650 mm): Footprint J_RELAY2
[courtyards_overlap]: Courtyards overlap
    Rule: board setup constraints courtyard; error
    @(43.7650 mm, 150.5550 mm): Footprint J_RELAY4
    @(33.0000 mm, 145.0000 mm): Footprint J_RELAY2
[pth_inside_courtyard]: PTH inside courtyard
    Local override; error
    @(43.1600 mm, 145.0000 mm): PTH pad 3 [/Motor Valve/RLY2_NC] of J_RELAY2
    @(43.7650 mm, 150.5550 mm): Footprint J_RELAY4
[courtyards_overlap]: Courtyards overlap
    Rule: board setup constraints courtyard; error
    @(64.9550 mm, 120.8500 mm): Footprint U_VALVEEXP1
    @(58.0000 mm, 118.0000 mm): Footprint K3
[pth_inside_courtyard]: PTH inside courtyard
    Local override; error
    @(65.6200 mm, 118.0000 mm): PTH pad 5 [+12V] of K3
    @(64.9550 mm, 120.8500 mm): Footprint U_VALVEEXP1
[courtyards_overlap]: Courtyards overlap
    Rule: board setup constraints courtyard; error
    @(18.9750 mm, 146.1750 mm): Footprint K3
    @(9.0000 mm, 145.0000 mm): Footprint J_RELAY1
[pth_inside_courtyard]: PTH inside courtyard
    Local override; error
    @(19.1600 mm, 145.0000 mm): PTH pad 3 [/Motor Valve/RLY1_NC] of J_RELAY1
    @(18.9750 mm, 146.1750 mm): Footprint K3
[pth_inside_courtyard]: PTH inside courtyard
    Local override; error
    @(18.9750 mm, 146.1750 mm): PTH pad 1 [/Motor Valve/COIL_LOW3] of K3
    @(9.0000 mm, 145.0000 mm): Footprint J_RELAY1
[courtyards_overlap]: Courtyards overlap
    Rule: board setup constraints courtyard; error
    @(18.9750 mm, 146.1750 mm): Footprint K3
    @(33.0000 mm, 145.0000 mm): Footprint J_RELAY2
[pth_inside_courtyard]: PTH inside courtyard
    Local override; error
    @(33.0000 mm, 145.0000 mm): PTH pad 1 [/Motor Valve/RLY2_COM] of J_RELAY2
    @(18.9750 mm, 146.1750 mm): Footprint K3
[pth_inside_courtyard]: PTH inside courtyard
    Local override; error
    @(38.0800 mm, 145.0000 mm): PTH pad 2 [/Motor Valve/RLY2_NO] of J_RELAY2
    @(18.9750 mm, 146.1750 mm): Footprint K3
[pth_inside_courtyard]: PTH inside courtyard
    Local override; error
    @(29.1350 mm, 146.1750 mm): PTH pad 2 [/Motor Valve/RLY3_COM] of K3
    @(33.0000 mm, 145.0000 mm): Footprint J_RELAY2
[pth_inside_courtyard]: PTH inside courtyard
    Local override; error
    @(36.7550 mm, 146.1750 mm): PTH pad 3 [/Motor Valve/RLY3_NO] of K3
    @(33.0000 mm, 145.0000 mm): Footprint J_RELAY2
[courtyards_overlap]: Courtyards overlap
    Rule: board setup constraints courtyard; error
    @(58.0000 mm, 118.0000 mm): Footprint K3
    @(64.5150 mm, 131.8250 mm): Footprint R_RELAY_PD4
[copper_edge_clearance]: Board edge clearance violation (board setup constraints edge clearance 0.5000 mm; actual 0.0000 mm)
    Rule: board setup constraints edge; error
    @(200.0000 mm, 160.0000 mm): Segment on Edge.Cuts
    @(43.7650 mm, 161.6500 mm): PTH pad 1 [/Motor Valve/RLY5_COM] of J_RELAY5
[copper_edge_clearance]: Board edge clearance violation (board setup constraints edge clearance 0.5000 mm; actual 0.0000 mm)
    Rule: board setup constraints edge; error
    @(200.0000 mm, 160.0000 mm): Segment on Edge.Cuts
    @(48.8450 mm, 161.6500 mm): PTH pad 2 [/Motor Valve/RLY5_NO] of J_RELAY5
[copper_edge_clearance]: Board edge clearance violation (board setup constraints edge clearance 0.5000 mm; actual 0.0000 mm)
    Rule: board setup constraints edge; error
    @(200.0000 mm, 160.0000 mm): Segment on Edge.Cuts
    @(53.9250 mm, 161.6500 mm): PTH pad 3 [/Motor Valve/RLY5_NC] of J_RELAY5
[copper_edge_clearance]: Board edge clearance violation (board setup constraints edge clearance 0.5000 mm; actual 0.0000 mm)
    Rule: board setup constraints edge; error
    @(200.0000 mm, 160.0000 mm): Segment on Edge.Cuts
    @(82.6550 mm, 159.7750 mm): Pad 1 [/MCU/net_CHIP_EN] of SW_RESET1 on F.Cu
[copper_edge_clearance]: Board edge clearance violation (board setup constraints edge clearance 0.5000 mm; actual 0.0000 mm)
    Rule: board setup constraints edge; error
    @(200.0000 mm, 160.0000 mm): Segment on Edge.Cuts
    @(86.0550 mm, 159.7750 mm): Pad 2 [GND] of SW_RESET1 on F.Cu
[copper_edge_clearance]: Board edge clearance violation (board setup constraints edge clearance 0.5000 mm; actual 0.1200 mm)
    Rule: board setup constraints edge; error
    @(200.0000 mm, 160.0000 mm): Segment on Edge.Cuts
    @(94.2375 mm, 160.8200 mm): Pad 1 [GND] of D_LINK1 on F.Cu
[copper_edge_clearance]: Board edge clearance violation (board setup constraints edge clearance 0.5000 mm; actual 0.1200 mm)
    Rule: board setup constraints edge; error
    @(200.0000 mm, 160.0000 mm): Segment on Edge.Cuts
    @(96.1125 mm, 160.8200 mm): Pad 2 [Net-(D_LINK1-A)] of D_LINK1 on F.Cu
[copper_edge_clearance]: Board edge clearance violation (board setup constraints edge clearance 0.5000 mm; actual 0.0000 mm)
    Rule: board setup constraints edge; error
    @(200.0000 mm, 160.0000 mm): Segment on Edge.Cuts
    @(78.6500 mm, 159.5250 mm): Pad 1 [+3V3] of C_DEC8 on F.Cu
[copper_edge_clearance]: Board edge clearance violation (board setup constraints edge clearance 0.5000 mm; actual 0.0000 mm)
    Rule: board setup constraints edge; error
    @(200.0000 mm, 160.0000 mm): Segment on Edge.Cuts
    @(80.2000 mm, 159.5250 mm): Pad 2 [GND] of C_DEC8 on F.Cu
[copper_edge_clearance]: Board edge clearance violation (board setup constraints edge clearance 0.5000 mm; actual 0.1250 mm)
    Rule: board setup constraints edge; error
    @(200.0000 mm, 160.0000 mm): Segment on Edge.Cuts
    @(18.9750 mm, 158.7250 mm): PTH pad 1 [/Motor Valve/COIL_LOW4] of K4
[copper_edge_clearance]: Board edge clearance violation (board setup constraints edge clearance 0.5000 mm; actual 0.1250 mm)
    Rule: board setup constraints edge; error
    @(200.0000 mm, 160.0000 mm): Segment on Edge.Cuts
    @(29.1350 mm, 158.7250 mm): PTH pad 2 [/Motor Valve/RLY4_COM] of K4
[copper_edge_clearance]: Board edge clearance violation (board setup constraints edge clearance 0.5000 mm; actual 0.1250 mm)
    Rule: board setup constraints edge; error
    @(200.0000 mm, 160.0000 mm): Segment on Edge.Cuts
    @(36.7550 mm, 158.7250 mm): PTH pad 3 [/Motor Valve/RLY4_NO] of K4
[copper_edge_clearance]: Board edge clearance violation (board setup constraints edge clearance 0.5000 mm; actual 0.2550 mm)
    Rule: board setup constraints edge; error
    @(200.0000 mm, 160.0000 mm): Segment on Edge.Cuts
    @(89.5750 mm, 158.8950 mm): PTH pad 1 [/MCU/net_DEBUG_TX] of J_PROG1
[copper_edge_clearance]: Board edge clearance violation (board setup constraints edge clearance 0.5000 mm; actual 0.0000 mm)
    Rule: board setup constraints edge; error
    @(200.0000 mm, 160.0000 mm): Segment on Edge.Cuts
    @(74.6400 mm, 159.5250 mm): Pad 1 [+3V3] of C_DEC3 on F.Cu
[copper_edge_clearance]: Board edge clearance violation (board setup constraints edge clearance 0.5000 mm; actual 0.0000 mm)
    Rule: board setup constraints edge; error
    @(200.0000 mm, 160.0000 mm): Segment on Edge.Cuts
    @(76.1900 mm, 159.5250 mm): Pad 2 [GND] of C_DEC3 on F.Cu
[solder_mask_bridge]: Front solder mask aperture bridges items with different nets
    Rule: board setup solder mask min width; error
    @(106.0000 mm, 135.7800 mm): PTH pad 3 [/Motor Valve/RLY5_NO] of K5
    @(106.6850 mm, 136.5550 mm): Pad 38 [SENSOR_CH2] of U_MCU1 on F.Cu
[solder_mask_bridge]: Front solder mask aperture bridges items with different nets
    Rule: board setup solder mask min width; error
    @(106.0000 mm, 135.7800 mm): PTH pad 3 [/Motor Valve/RLY5_NO] of K5
    @(106.6850 mm, 135.2850 mm): Pad 39 [SENSOR_CH1] of U_MCU1 on F.Cu
[solder_mask_bridge]: Front solder mask aperture bridges items with different nets
    Rule: board setup solder mask min width; error
    @(106.0000 mm, 135.7800 mm): PTH pad 3 [/Motor Valve/RLY5_NO] of K5
    @(106.6850 mm, 134.0150 mm): Pad 40 [GND] of U_MCU1 on F.Cu
[solder_mask_bridge]: Front solder mask aperture bridges items with different nets
    Rule: board setup solder mask min width; error
    @(91.1600 mm, 145.0000 mm): PTH pad 3 [/Motor Valve/RLY4_NC] of J_RELAY4
    @(89.1850 mm, 145.4450 mm): Pad 10 [LORA_UART_TX] of U_MCU1 on F.Cu
[solder_mask_bridge]: Front solder mask aperture bridges items with different nets
    Rule: board setup solder mask min width; error
    @(91.1600 mm, 145.0000 mm): PTH pad 3 [/Motor Valve/RLY4_NC] of J_RELAY4
    @(89.1850 mm, 144.1750 mm): Pad 9 [RS485_RX] of U_MCU1 on F.Cu
[solder_mask_bridge]: Front solder mask aperture bridges items with different nets
    Rule: board setup solder mask min width; error
    @(61.3300 mm, 144.3750 mm): Pad 2 [GND] of R_RELAY_PD3 on F.Cu
    @(62.0800 mm, 145.0000 mm): PTH pad 2 [/Motor Valve/RLY3_NO] of J_RELAY3
[solder_mask_bridge]: Front solder mask aperture bridges items with different nets
    Rule: board setup solder mask min width; error
    @(106.0000 mm, 135.7800 mm): Track [/Motor Valve/RLY5_NO] on F.Cu, length 5.7700 mm
    @(106.6850 mm, 137.8250 mm): Pad 37 [/MCU/net_DEBUG_TX] of U_MCU1 on F.Cu
[solder_mask_bridge]: Front solder mask aperture bridges items with different nets
    Rule: board setup solder mask min width; error
    @(106.0000 mm, 135.7800 mm): Track [/Motor Valve/RLY5_NO] on F.Cu, length 5.7700 mm
    @(106.6850 mm, 136.5550 mm): Pad 38 [SENSOR_CH2] of U_MCU1 on F.Cu
[solder_mask_bridge]: Front solder mask aperture bridges items with different nets
    Rule: board setup solder mask min width; error
    @(106.0000 mm, 135.7800 mm): Track [/Motor Valve/RLY5_NO] on F.Cu, length 5.7700 mm
    @(106.6850 mm, 135.2850 mm): Pad 39 [SENSOR_CH1] of U_MCU1 on F.Cu
[solder_mask_bridge]: Front solder mask aperture bridges items with different nets
    Rule: board setup solder mask min width; error
    @(65.3400 mm, 131.8250 mm): Pad 2 [GND] of R_RELAY_PD4 on F.Cu
    @(65.6200 mm, 133.2400 mm): PTH pad 4 [/Motor Valve/RLY3_NC] of K3
[solder_mask_bridge]: Front solder mask aperture bridges items with different nets
    Rule: board setup solder mask min width; error
    @(65.3400 mm, 134.3350 mm): Pad 2 [GND] of R_RELAY_PD5 on F.Cu
    @(65.6200 mm, 133.2400 mm): PTH pad 4 [/Motor Valve/RLY3_NC] of K3
[solder_mask_bridge]: Front solder mask aperture bridges items with different nets
    Rule: board setup solder mask min width; error
    @(106.6850 mm, 146.7150 mm): Pad 30 [unconnected-(U_MCU1-IO37-Pad30)] of U_MCU1 on F.Cu
    @(105.0000 mm, 145.0000 mm): PTH pad 1 [/Motor Valve/RLY5_COM] of J_RELAY5
[solder_mask_bridge]: Front solder mask aperture bridges items with different nets
    Rule: board setup solder mask min width; error
    @(19.1600 mm, 145.0000 mm): PTH pad 3 [/Motor Valve/RLY1_NC] of J_RELAY1
    @(18.9750 mm, 146.1750 mm): PTH pad 1 [/Motor Valve/COIL_LOW3] of K3
[solder_mask_bridge]: Rear solder mask aperture bridges items with different nets
    Rule: board setup solder mask min width; error
    @(19.1600 mm, 145.0000 mm): PTH pad 3 [/Motor Valve/RLY1_NC] of J_RELAY1
    @(18.9750 mm, 146.1750 mm): PTH pad 1 [/Motor Valve/COIL_LOW3] of K3
[solder_mask_bridge]: Front solder mask aperture bridges items with different nets
    Rule: board setup solder mask min width; error
    @(106.6850 mm, 145.4450 mm): Pad 31 [/MCU/LED_PWR] of U_MCU1 on F.Cu
    @(105.0000 mm, 145.0000 mm): PTH pad 1 [/Motor Valve/RLY5_COM] of J_RELAY5
[solder_mask_bridge]: Front solder mask aperture bridges items with different nets
    Rule: board setup solder mask min width; error
    @(106.6850 mm, 144.1750 mm): Pad 32 [/MCU/LED_LINK] of U_MCU1 on F.Cu
    @(105.0000 mm, 145.0000 mm): PTH pad 1 [/Motor Valve/RLY5_COM] of J_RELAY5
[solder_mask_bridge]: Front solder mask aperture bridges items with different nets
    Rule: board setup solder mask min width; error
    @(38.0800 mm, 145.0000 mm): PTH pad 2 [/Motor Valve/RLY2_NO] of J_RELAY2
    @(36.7550 mm, 146.1750 mm): PTH pad 3 [/Motor Valve/RLY3_NO] of K3
[solder_mask_bridge]: Front solder mask aperture bridges items with different nets
    Rule: board setup solder mask min width; error
    @(106.6850 mm, 142.9050 mm): Pad 33 [/MCU/LED_FAULT] of U_MCU1 on F.Cu
    @(105.0000 mm, 145.0000 mm): PTH pad 1 [/Motor Valve/RLY5_COM] of J_RELAY5
[solder_mask_bridge]: Rear solder mask aperture bridges items with different nets
    Rule: board setup solder mask min width; error
    @(38.0800 mm, 145.0000 mm): PTH pad 2 [/Motor Valve/RLY2_NO] of J_RELAY2
    @(36.7550 mm, 146.1750 mm): PTH pad 3 [/Motor Valve/RLY3_NO] of K3
[solder_mask_bridge]: Front solder mask aperture bridges items with different nets
    Rule: board setup solder mask min width; error
    @(43.7650 mm, 117.2700 mm): PTH pad 1 [/Motor Valve/RLY1_COM] of J_RELAY1
    @(41.6200 mm, 118.0000 mm): PTH pad 5 [+12V] of K2
[solder_mask_bridge]: Rear solder mask aperture bridges items with different nets
    Rule: board setup solder mask min width; error
    @(43.7650 mm, 117.2700 mm): PTH pad 1 [/Motor Valve/RLY1_COM] of J_RELAY1
    @(41.6200 mm, 118.0000 mm): PTH pad 5 [+12V] of K2
[solder_mask_bridge]: Front solder mask aperture bridges items with different nets
    Rule: board setup solder mask min width; error
    @(55.0000 mm, 131.1600 mm): Track [/Motor Valve/RLY3_COM] on F.Cu, length 11.8400 mm
    @(53.9250 mm, 139.4600 mm): PTH pad 3 [/Motor Valve/RLY3_NC] of J_RELAY3
[solder_mask_bridge]: Front solder mask aperture bridges items with different nets
    Rule: board setup solder mask min width; error
    @(43.3717 mm, 116.2483 mm): Track [+12V] on F.Cu, length 20.4966 mm
    @(43.7650 mm, 117.2700 mm): PTH pad 1 [/Motor Valve/RLY1_COM] of J_RELAY1
[solder_mask_bridge]: Front solder mask aperture bridges items with different nets
    Rule: board setup solder mask min width; error
    @(43.3717 mm, 116.2483 mm): Track [+12V] on F.Cu, length 20.4966 mm
    @(48.8450 mm, 117.2700 mm): PTH pad 2 [/Motor Valve/RLY1_NO] of J_RELAY1
[solder_mask_bridge]: Front solder mask aperture bridges items with different nets
    Rule: board setup solder mask min width; error
    @(58.0000 mm, 135.7800 mm): Track [/Motor Valve/RLY3_NO] on F.Cu, length 5.7700 mm
    @(59.6800 mm, 136.8450 mm): Pad 1 [+3V3] of R_EXP_RESET1 on F.Cu
[solder_mask_bridge]: Front solder mask aperture bridges items with different nets
    Rule: board setup solder mask min width; error
    @(43.3717 mm, 116.2483 mm): Track [+12V] on F.Cu, length 20.4966 mm
    @(53.9250 mm, 117.2700 mm): PTH pad 3 [/Motor Valve/RLY1_NC] of J_RELAY1
[solder_mask_bridge]: Front solder mask aperture bridges items with different nets
    Rule: board setup solder mask min width; error
    @(58.0000 mm, 135.7800 mm): Track [/Motor Valve/RLY3_NO] on F.Cu, length 5.7700 mm
    @(61.3300 mm, 139.3550 mm): Pad 2 [GND] of R_RELAY_PD1 on F.Cu
[solder_mask_bridge]: Front solder mask aperture bridges items with different nets
    Rule: board setup solder mask min width; error
    @(43.3717 mm, 116.2483 mm): Track [+12V] on F.Cu, length 20.4966 mm
    @(60.3050 mm, 116.4050 mm): Pad 4 [unconnected-(U_VALVEEXP1-GPB3-Pad4)] of U_VALVEEXP1 on F.Cu
[solder_mask_bridge]: Front solder mask aperture bridges items with different nets
    Rule: board setup solder mask min width; error
    @(89.1850 mm, 134.0150 mm): Pad 1 [GND] of U_MCU1 on F.Cu
    @(89.6200 mm, 133.2400 mm): PTH pad 4 [/Motor Valve/RLY4_NC] of K4
[solder_mask_bridge]: Front solder mask aperture bridges items with different nets
    Rule: board setup solder mask min width; error
    @(15.7098 mm, 122.1081 mm): Track [/Motor Valve/COIL_LOW1] on F.Cu, length 78.5746 mm
    @(29.1350 mm, 121.0750 mm): PTH pad 2 [/Motor Valve/RLY1_COM] of K1
[solder_mask_bridge]: Front solder mask aperture bridges items with different nets
    Rule: board setup solder mask min width; error
    @(15.7098 mm, 122.1081 mm): Track [/Motor Valve/COIL_LOW1] on F.Cu, length 78.5746 mm
    @(36.7550 mm, 121.0750 mm): PTH pad 3 [/Motor Valve/RLY1_NO] of K1
[solder_mask_bridge]: Front solder mask aperture bridges items with different nets
    Rule: board setup solder mask min width; error
    @(15.7098 mm, 122.1081 mm): Track [/Motor Valve/COIL_LOW1] on F.Cu, length 78.5746 mm
    @(69.6050 mm, 122.7550 mm): Pad 20 [unconnected-(U_VALVEEXP1-INTA-Pad20)] of U_VALVEEXP1 on F.Cu
[solder_mask_bridge]: Front solder mask aperture bridges items with different nets
    Rule: board setup solder mask min width; error
    @(67.4209 mm, 119.8009 mm): Track [+12V] on F.Cu, length 20.3982 mm
    @(69.6050 mm, 120.2150 mm): Pad 22 [/Motor Valve/RELAY_CMD2] of U_VALVEEXP1 on F.Cu
[solder_mask_bridge]: Front solder mask aperture bridges items with different nets
    Rule: board setup solder mask min width; error
    @(62.0800 mm, 139.8600 mm): Track [/Motor Valve/RLY3_NO] on F.Cu, length 5.1400 mm
    @(61.3300 mm, 139.3550 mm): Pad 2 [GND] of R_RELAY_PD1 on F.Cu
[solder_mask_bridge]: Front solder mask aperture bridges items with different nets
    Rule: board setup solder mask min width; error
    @(15.7098 mm, 122.1081 mm): Track [/Motor Valve/COIL_LOW1] on F.Cu, length 78.5746 mm
    @(69.6050 mm, 121.4850 mm): Pad 21 [/Motor Valve/RELAY_CMD1] of U_VALVEEXP1 on F.Cu
[solder_mask_bridge]: Front solder mask aperture bridges items with different nets
    Rule: board setup solder mask min width; error
    @(62.0800 mm, 139.8600 mm): Track [/Motor Valve/RLY3_NO] on F.Cu, length 5.1400 mm
    @(61.3300 mm, 144.3750 mm): Pad 2 [GND] of R_RELAY_PD3 on F.Cu
[solder_mask_bridge]: Front solder mask aperture bridges items with different nets
    Rule: board setup solder mask min width; error
    @(67.4209 mm, 119.8009 mm): Track [+12V] on F.Cu, length 20.3982 mm
    @(69.6050 mm, 118.9450 mm): Pad 23 [/Motor Valve/RELAY_CMD3] of U_VALVEEXP1 on F.Cu
[solder_mask_bridge]: Front solder mask aperture bridges items with different nets
    Rule: board setup solder mask min width; error
    @(15.7098 mm, 122.1081 mm): Track [/Motor Valve/COIL_LOW1] on F.Cu, length 78.5746 mm
    @(60.3050 mm, 121.4850 mm): Pad 8 [unconnected-(U_VALVEEXP1-GPB7-Pad8)] of U_VALVEEXP1 on F.Cu
[solder_mask_bridge]: Front solder mask aperture bridges items with different nets
    Rule: board setup solder mask min width; error
    @(62.0800 mm, 139.8600 mm): Track [/Motor Valve/RLY3_NO] on F.Cu, length 5.1400 mm
    @(61.3300 mm, 141.8650 mm): Pad 2 [GND] of R_RELAY_PD2 on F.Cu
[solder_mask_bridge]: Front solder mask aperture bridges items with different nets
    Rule: board setup solder mask min width; error
    @(65.6200 mm, 133.2400 mm): Track [/Motor Valve/RLY3_NC] on F.Cu, length 3.5921 mm
    @(65.3400 mm, 134.3350 mm): Pad 2 [GND] of R_RELAY_PD5 on F.Cu
[solder_mask_bridge]: Front solder mask aperture bridges items with different nets
    Rule: board setup solder mask min width; error
    @(15.7098 mm, 122.1081 mm): Track [/Motor Valve/COIL_LOW1] on F.Cu, length 78.5746 mm
    @(60.3050 mm, 122.7550 mm): Pad 9 [+3V3] of U_VALVEEXP1 on F.Cu
[solder_mask_bridge]: Front solder mask aperture bridges items with different nets
    Rule: board setup solder mask min width; error
    @(19.3717 mm, 119.7517 mm): Track [+12V] on F.Cu, length 2.4773 mm
    @(18.9750 mm, 121.0750 mm): PTH pad 1 [/Motor Valve/COIL_LOW1] of K1
[solder_mask_bridge]: Front solder mask aperture bridges items with different nets
    Rule: board setup solder mask min width; error
    @(39.8683 mm, 119.7517 mm): Track [+12V] on F.Cu, length 20.4966 mm
    @(29.1350 mm, 121.0750 mm): PTH pad 2 [/Motor Valve/RLY1_COM] of K1
[solder_mask_bridge]: Front solder mask aperture bridges items with different nets
    Rule: board setup solder mask min width; error
    @(39.8683 mm, 119.7517 mm): Track [+12V] on F.Cu, length 20.4966 mm
    @(36.7550 mm, 121.0750 mm): PTH pad 3 [/Motor Valve/RLY1_NO] of K1
[solder_mask_bridge]: Front solder mask aperture bridges items with different nets
    Rule: board setup solder mask min width; error
    @(171.9654 mm, 113.5671 mm): Track [/Motor Valve/COIL_LOW8] on F.Cu, length 52.2998 mm
    @(123.7525 mm, 112.4750 mm): Pad 1 [+3V3] of R_BOOT1 on F.Cu
[solder_mask_bridge]: Front solder mask aperture bridges items with different nets
    Rule: board setup solder mask min width; error
    @(39.8683 mm, 119.7517 mm): Track [+12V] on F.Cu, length 20.4966 mm
    @(18.9750 mm, 121.0750 mm): PTH pad 1 [/Motor Valve/COIL_LOW1] of K1
[solder_mask_bridge]: Front solder mask aperture bridges items with different nets
    Rule: board setup solder mask min width; error
    @(171.9654 mm, 113.5671 mm): Track [/Motor Valve/COIL_LOW8] on F.Cu, length 52.2998 mm
    @(125.5775 mm, 112.4750 mm): Pad 2 [/MCU/net_BOOT] of R_BOOT1 on F.Cu
[solder_mask_bridge]: Front solder mask aperture bridges items with different nets
    Rule: board setup solder mask min width; error
    @(41.6200 mm, 118.0000 mm): Track [+12V] on F.Cu, length 2.4773 mm
    @(43.7650 mm, 117.2700 mm): PTH pad 1 [/Motor Valve/RLY1_COM] of J_RELAY1
[solder_mask_bridge]: Front solder mask aperture bridges items with different nets
    Rule: board setup solder mask min width; error
    @(17.6200 mm, 133.2400 mm): Track [/Motor Valve/RLY1_NC] on F.Cu, length 3.5921 mm
    @(18.9750 mm, 133.6250 mm): PTH pad 1 [/Motor Valve/COIL_LOW2] of K2
[solder_mask_bridge]: Front solder mask aperture bridges items with different nets
    Rule: board setup solder mask min width; error
    @(20.1600 mm, 135.7800 mm): Track [/Motor Valve/RLY1_NC] on F.Cu, length 8.1200 mm
    @(18.9750 mm, 138.5550 mm): PTH pad 5 [+12V] of K3
[solder_mask_bridge]: Front solder mask aperture bridges items with different nets
    Rule: board setup solder mask min width; error
    @(20.1600 mm, 143.9000 mm): Track [/Motor Valve/RLY1_NC] on F.Cu, length 1.4866 mm
    @(18.9750 mm, 146.1750 mm): PTH pad 1 [/Motor Valve/COIL_LOW3] of K3
[solder_mask_bridge]: Front solder mask aperture bridges items with different nets
    Rule: board setup solder mask min width; error
    @(17.6200 mm, 133.2400 mm): PTH pad 4 [/Motor Valve/RLY1_NC] of K1
    @(18.9750 mm, 133.6250 mm): PTH pad 1 [/Motor Valve/COIL_LOW2] of K2
[solder_mask_bridge]: Rear solder mask aperture bridges items with different nets
    Rule: board setup solder mask min width; error
    @(17.6200 mm, 133.2400 mm): PTH pad 4 [/Motor Valve/RLY1_NC] of K1
    @(18.9750 mm, 133.6250 mm): PTH pad 1 [/Motor Valve/COIL_LOW2] of K2
[solder_mask_bridge]: Front solder mask aperture bridges items with different nets
    Rule: board setup solder mask min width; error
    @(150.0950 mm, 115.6967 mm): Track [/Motor Valve/COIL_LOW7] on F.Cu, length 29.4125 mm
    @(123.7525 mm, 115.4250 mm): Pad 1 [+3V3] of R_ENPU1 on F.Cu
[solder_mask_bridge]: Front solder mask aperture bridges items with different nets
    Rule: board setup solder mask min width; error
    @(150.0950 mm, 115.6967 mm): Track [/Motor Valve/COIL_LOW7] on F.Cu, length 29.4125 mm
    @(125.5775 mm, 115.4250 mm): Pad 2 [/MCU/net_CHIP_EN] of R_ENPU1 on F.Cu
[solder_mask_bridge]: Front solder mask aperture bridges items with different nets
    Rule: board setup solder mask min width; error
    @(89.6200 mm, 133.2400 mm): Track [/Motor Valve/RLY4_NC] on F.Cu, length 3.5921 mm
    @(89.1850 mm, 134.0150 mm): Pad 1 [GND] of U_MCU1 on F.Cu
[solder_mask_bridge]: Front solder mask aperture bridges items with different nets
    Rule: board setup solder mask min width; error
    @(60.3050 mm, 117.6750 mm): Pad 5 [unconnected-(U_VALVEEXP1-GPB4-Pad5)] of U_VALVEEXP1 on F.Cu
    @(58.0000 mm, 118.0000 mm): PTH pad 1 [/Motor Valve/COIL_LOW3] of K3
[solder_mask_bridge]: Front solder mask aperture bridges items with different nets
    Rule: board setup solder mask min width; error
    @(130.0000 mm, 118.0000 mm): Track [/Motor Valve/COIL_LOW6] on F.Cu, length 8.5996 mm
    @(125.5775 mm, 118.3750 mm): Pad 2 [Net-(D_FLT1-A)] of R_LEDFLT1 on F.Cu
[solder_mask_bridge]: Front solder mask aperture bridges items with different nets
    Rule: board setup solder mask min width; error
    @(130.0000 mm, 118.0000 mm): Track [/Motor Valve/COIL_LOW6] on F.Cu, length 8.5996 mm
    @(123.7525 mm, 118.3750 mm): Pad 1 [/MCU/LED_FAULT] of R_LEDFLT1 on F.Cu
[solder_mask_bridge]: Front solder mask aperture bridges items with different nets
    Rule: board setup solder mask min width; error
    @(60.3050 mm, 118.9450 mm): Pad 6 [unconnected-(U_VALVEEXP1-GPB5-Pad6)] of U_VALVEEXP1 on F.Cu
    @(58.0000 mm, 118.0000 mm): PTH pad 1 [/Motor Valve/COIL_LOW3] of K3
[solder_mask_bridge]: Front solder mask aperture bridges items with different nets
    Rule: board setup solder mask min width; error
    @(38.0800 mm, 139.8600 mm): Track [/Motor Valve/RLY2_NO] on F.Cu, length 5.1400 mm
    @(36.7550 mm, 146.1750 mm): PTH pad 3 [/Motor Valve/RLY3_NO] of K3
[solder_mask_bridge]: Front solder mask aperture bridges items with different nets
    Rule: board setup solder mask min width; error
    @(44.1600 mm, 135.7800 mm): Track [/Motor Valve/RLY2_NC] on F.Cu, length 8.1200 mm
    @(43.7650 mm, 139.4600 mm): PTH pad 1 [/Motor Valve/RLY3_COM] of J_RELAY3
[solder_mask_bridge]: Front solder mask aperture bridges items with different nets
    Rule: board setup solder mask min width; error
    @(60.3050 mm, 127.8350 mm): Pad 13 [VALVE_SPI_MOSI] of U_VALVEEXP1 on F.Cu
    @(58.0000 mm, 128.1600 mm): PTH pad 2 [/Motor Valve/RLY3_COM] of K3
[solder_mask_bridge]: Front solder mask aperture bridges items with different nets
    Rule: board setup solder mask min width; error
    @(93.1359 mm, 120.6912 mm): Track [/Motor Valve/COIL_LOW3] on F.Cu, length 30.8430 mm
    @(69.6050 mm, 120.2150 mm): Pad 22 [/Motor Valve/RELAY_CMD2] of U_VALVEEXP1 on F.Cu
[solder_mask_bridge]: Front solder mask aperture bridges items with different nets
    Rule: board setup solder mask min width; error
    @(62.2929 mm, 120.6912 mm): Track [/Motor Valve/COIL_LOW3] on F.Cu, length 3.8059 mm
    @(60.3050 mm, 117.6750 mm): Pad 5 [unconnected-(U_VALVEEXP1-GPB4-Pad5)] of U_VALVEEXP1 on F.Cu
[solder_mask_bridge]: Front solder mask aperture bridges items with different nets
    Rule: board setup solder mask min width; error
    @(34.2150 mm, 126.0050 mm): PTH pad 4 [/Motor Valve/RLY2_NC] of K2
    @(34.0000 mm, 128.1600 mm): PTH pad 2 [/Motor Valve/RLY2_COM] of K2
[solder_mask_bridge]: Front solder mask aperture bridges items with different nets
    Rule: board setup solder mask min width; error
    @(62.2929 mm, 120.6912 mm): Track [/Motor Valve/COIL_LOW3] on F.Cu, length 3.8059 mm
    @(60.3050 mm, 118.9450 mm): Pad 6 [unconnected-(U_VALVEEXP1-GPB5-Pad6)] of U_VALVEEXP1 on F.Cu
[solder_mask_bridge]: Front solder mask aperture bridges items with different nets
    Rule: board setup solder mask min width; error
    @(62.2929 mm, 120.6912 mm): Track [/Motor Valve/COIL_LOW3] on F.Cu, length 3.8059 mm
    @(60.3050 mm, 120.2150 mm): Pad 7 [unconnected-(U_VALVEEXP1-GPB6-Pad7)] of U_VALVEEXP1 on F.Cu
[solder_mask_bridge]: Rear solder mask aperture bridges items with different nets
    Rule: board setup solder mask min width; error
    @(34.2150 mm, 126.0050 mm): PTH pad 4 [/Motor Valve/RLY2_NC] of K2
    @(34.0000 mm, 128.1600 mm): PTH pad 2 [/Motor Valve/RLY2_COM] of K2
[solder_mask_bridge]: Front solder mask aperture bridges items with different nets
    Rule: board setup solder mask min width; error
    @(58.0000 mm, 118.0000 mm): Track [/Motor Valve/COIL_LOW3] on F.Cu, length 1.6017 mm
    @(60.3050 mm, 117.6750 mm): Pad 5 [unconnected-(U_VALVEEXP1-GPB4-Pad5)] of U_VALVEEXP1 on F.Cu
[solder_mask_bridge]: Front solder mask aperture bridges items with different nets
    Rule: board setup solder mask min width; error
    @(93.6837 mm, 121.4064 mm): Track [/Motor Valve/COIL_LOW2] on F.Cu, length 54.6756 mm
    @(69.6050 mm, 121.4850 mm): Pad 21 [/Motor Valve/RELAY_CMD1] of U_VALVEEXP1 on F.Cu
[solder_mask_bridge]: Front solder mask aperture bridges items with different nets
    Rule: board setup solder mask min width; error
    @(93.6837 mm, 121.4064 mm): Track [/Motor Valve/COIL_LOW2] on F.Cu, length 54.6756 mm
    @(60.3050 mm, 121.4850 mm): Pad 8 [unconnected-(U_VALVEEXP1-GPB7-Pad8)] of U_VALVEEXP1 on F.Cu
[solder_mask_bridge]: Rear solder mask aperture bridges items with different nets
    Rule: board setup solder mask min width; error
    @(35.6017 mm, 118.0000 mm): Track [/Motor Valve/COIL_LOW2] on B.Cu, length 4.5514 mm
    @(36.7550 mm, 121.0750 mm): PTH pad 3 [/Motor Valve/RLY1_NO] of K1
[silk_edge_clearance]: Silkscreen clipped by board edge
    Rule: board setup constraints silk; warning
    @(200.0000 mm, 160.0000 mm): Segment on Edge.Cuts
    @(75.4150 mm, 160.6050 mm): Reference field of C_DEC4
[silk_edge_clearance]: Silkscreen clipped by board edge
    Rule: board setup constraints silk; warning
    @(200.0000 mm, 160.0000 mm): Segment on Edge.Cuts
    @(41.0250 mm, 163.8500 mm): Segment of J_RELAY5 on F.Silkscreen
[silk_edge_clearance]: Silkscreen clipped by board edge
    Rule: board setup constraints silk; warning
    @(200.0000 mm, 160.0000 mm): Segment on Edge.Cuts
    @(56.6650 mm, 158.5500 mm): Segment of J_RELAY5 on F.Silkscreen
[silk_edge_clearance]: Silkscreen clipped by board edge
    Rule: board setup constraints silk; warning
    @(200.0000 mm, 160.0000 mm): Segment on Edge.Cuts
    @(40.1150 mm, 156.7400 mm): Rectangle of J_RELAY5 on F.Silkscreen
[silk_edge_clearance]: Silkscreen clipped by board edge
    Rule: board setup constraints silk; warning
    @(200.0000 mm, 160.0000 mm): Segment on Edge.Cuts
    @(93.4900 mm, 159.8600 mm): Segment of D_LINK1 on F.Silkscreen
[silk_edge_clearance]: Silkscreen clipped by board edge
    Rule: board setup constraints silk; warning
    @(200.0000 mm, 160.0000 mm): Segment on Edge.Cuts
    @(79.4250 mm, 160.6050 mm): Reference field of C_DEC9
[silk_edge_clearance]: Silkscreen clipped by board edge
    Rule: board setup constraints silk; warning
    @(200.0000 mm, 160.0000 mm): Segment on Edge.Cuts
    @(62.5602 mm, 159.5450 mm): Segment of C_RELAYBULK1 on F.Silkscreen
[silk_edge_clearance]: Silkscreen clipped by board edge
    Rule: board setup constraints silk; warning
    @(200.0000 mm, 160.0000 mm): Segment on Edge.Cuts
    @(62.6002 mm, 159.5450 mm): Segment of C_RELAYBULK1 on F.Silkscreen
[silk_edge_clearance]: Silkscreen clipped by board edge
    Rule: board setup constraints silk; warning
    @(200.0000 mm, 160.0000 mm): Segment on Edge.Cuts
    @(62.6402 mm, 159.5460 mm): Segment of C_RELAYBULK1 on F.Silkscreen
[silk_edge_clearance]: Silkscreen clipped by board edge
    Rule: board setup constraints silk; warning
    @(200.0000 mm, 160.0000 mm): Segment on Edge.Cuts
    @(62.6802 mm, 159.5470 mm): Segment of C_RELAYBULK1 on F.Silkscreen
[silk_edge_clearance]: Silkscreen clipped by board edge
    Rule: board setup constraints silk; warning
    @(200.0000 mm, 160.0000 mm): Segment on Edge.Cuts
    @(62.7202 mm, 159.5490 mm): Segment of C_RELAYBULK1 on F.Silkscreen
[silk_edge_clearance]: Silkscreen clipped by board edge
    Rule: board setup constraints silk; warning
    @(200.0000 mm, 160.0000 mm): Segment on Edge.Cuts
    @(62.7602 mm, 159.5510 mm): Segment of C_RELAYBULK1 on F.Silkscreen
[silk_edge_clearance]: Silkscreen clipped by board edge
    Rule: board setup constraints silk; warning
    @(200.0000 mm, 160.0000 mm): Segment on Edge.Cuts
    @(62.8002 mm, 159.5540 mm): Segment of C_RELAYBULK1 on F.Silkscreen
[silk_edge_clearance]: Silkscreen clipped by board edge
    Rule: board setup constraints silk; warning
    @(200.0000 mm, 160.0000 mm): Segment on Edge.Cuts
    @(62.8402 mm, 159.5570 mm): Segment of C_RELAYBULK1 on F.Silkscreen
[silk_edge_clearance]: Silkscreen clipped by board edge
    Rule: board setup constraints silk; warning
    @(200.0000 mm, 160.0000 mm): Segment on Edge.Cuts
    @(62.8802 mm, 159.5610 mm): Segment of C_RELAYBULK1 on F.Silkscreen
[silk_edge_clearance]: Silkscreen clipped by board edge
    Rule: board setup constraints silk; warning
    @(200.0000 mm, 160.0000 mm): Segment on Edge.Cuts
    @(62.9202 mm, 159.5650 mm): Segment of C_RELAYBULK1 on F.Silkscreen
[silk_edge_clearance]: Silkscreen clipped by board edge
    Rule: board setup constraints silk; warning
    @(200.0000 mm, 160.0000 mm): Segment on Edge.Cuts
    @(62.9602 mm, 159.5700 mm): Segment of C_RELAYBULK1 on F.Silkscreen
[silk_edge_clearance]: Silkscreen clipped by board edge
    Rule: board setup constraints silk; warning
    @(200.0000 mm, 160.0000 mm): Segment on Edge.Cuts
    @(63.0002 mm, 159.5750 mm): Segment of C_RELAYBULK1 on F.Silkscreen
[silk_edge_clearance]: Silkscreen clipped by board edge
    Rule: board setup constraints silk; warning
    @(200.0000 mm, 160.0000 mm): Segment on Edge.Cuts
    @(63.0402 mm, 159.5800 mm): Segment of C_RELAYBULK1 on F.Silkscreen
[silk_edge_clearance]: Silkscreen clipped by board edge
    Rule: board setup constraints silk; warning
    @(200.0000 mm, 160.0000 mm): Segment on Edge.Cuts
    @(63.0802 mm, 159.5870 mm): Segment of C_RELAYBULK1 on F.Silkscreen
[silk_edge_clearance]: Silkscreen clipped by board edge
    Rule: board setup constraints silk; warning
    @(200.0000 mm, 160.0000 mm): Segment on Edge.Cuts
    @(63.1202 mm, 159.5930 mm): Segment of C_RELAYBULK1 on F.Silkscreen
[silk_edge_clearance]: Silkscreen clipped by board edge
    Rule: board setup constraints silk; warning
    @(200.0000 mm, 160.0000 mm): Segment on Edge.Cuts
    @(63.1602 mm, 159.6010 mm): Segment of C_RELAYBULK1 on F.Silkscreen
[silk_edge_clearance]: Silkscreen clipped by board edge
    Rule: board setup constraints silk; warning
    @(200.0000 mm, 160.0000 mm): Segment on Edge.Cuts
    @(63.2002 mm, 159.6080 mm): Segment of C_RELAYBULK1 on F.Silkscreen
[silk_edge_clearance]: Silkscreen clipped by board edge
    Rule: board setup constraints silk; warning
    @(200.0000 mm, 160.0000 mm): Segment on Edge.Cuts
    @(63.2402 mm, 159.6160 mm): Segment of C_RELAYBULK1 on F.Silkscreen
[silk_edge_clearance]: Silkscreen clipped by board edge
    Rule: board setup constraints silk; warning
    @(200.0000 mm, 160.0000 mm): Segment on Edge.Cuts
    @(63.2802 mm, 159.6250 mm): Segment of C_RELAYBULK1 on F.Silkscreen
[silk_edge_clearance]: Silkscreen clipped by board edge
    Rule: board setup constraints silk; warning
    @(200.0000 mm, 160.0000 mm): Segment on Edge.Cuts
    @(63.3202 mm, 159.6350 mm): Segment of C_RELAYBULK1 on F.Silkscreen
[silk_edge_clearance]: Silkscreen clipped by board edge
    Rule: board setup constraints silk; warning
    @(200.0000 mm, 160.0000 mm): Segment on Edge.Cuts
    @(63.3602 mm, 159.6440 mm): Segment of C_RELAYBULK1 on F.Silkscreen
[silk_edge_clearance]: Silkscreen clipped by board edge
    Rule: board setup constraints silk; warning
    @(200.0000 mm, 160.0000 mm): Segment on Edge.Cuts
    @(63.4002 mm, 159.6550 mm): Segment of C_RELAYBULK1 on F.Silkscreen
[silk_edge_clearance]: Silkscreen clipped by board edge
    Rule: board setup constraints silk; warning
    @(200.0000 mm, 160.0000 mm): Segment on Edge.Cuts
    @(63.4402 mm, 159.6660 mm): Segment of C_RELAYBULK1 on F.Silkscreen
[silk_edge_clearance]: Silkscreen clipped by board edge
    Rule: board setup constraints silk; warning
    @(200.0000 mm, 160.0000 mm): Segment on Edge.Cuts
    @(63.4802 mm, 159.6770 mm): Segment of C_RELAYBULK1 on F.Silkscreen
[silk_edge_clearance]: Silkscreen clipped by board edge
    Rule: board setup constraints silk; warning
    @(200.0000 mm, 160.0000 mm): Segment on Edge.Cuts
    @(63.5202 mm, 159.6890 mm): Segment of C_RELAYBULK1 on F.Silkscreen
[silk_edge_clearance]: Silkscreen clipped by board edge
    Rule: board setup constraints silk; warning
    @(200.0000 mm, 160.0000 mm): Segment on Edge.Cuts
    @(63.5602 mm, 159.7020 mm): Segment of C_RELAYBULK1 on F.Silkscreen
[silk_edge_clearance]: Silkscreen clipped by board edge
    Rule: board setup constraints silk; warning
    @(200.0000 mm, 160.0000 mm): Segment on Edge.Cuts
    @(63.6002 mm, 159.7150 mm): Segment of C_RELAYBULK1 on F.Silkscreen
[silk_edge_clearance]: Silkscreen clipped by board edge
    Rule: board setup constraints silk; warning
    @(200.0000 mm, 160.0000 mm): Segment on Edge.Cuts
    @(63.6402 mm, 159.7280 mm): Segment of C_RELAYBULK1 on F.Silkscreen
[silk_edge_clearance]: Silkscreen clipped by board edge
    Rule: board setup constraints silk; warning
    @(200.0000 mm, 160.0000 mm): Segment on Edge.Cuts
    @(63.6802 mm, 159.7430 mm): Segment of C_RELAYBULK1 on F.Silkscreen
[silk_edge_clearance]: Silkscreen clipped by board edge
    Rule: board setup constraints silk; warning
    @(200.0000 mm, 160.0000 mm): Segment on Edge.Cuts
    @(63.7202 mm, 159.7580 mm): Segment of C_RELAYBULK1 on F.Silkscreen
[silk_edge_clearance]: Silkscreen clipped by board edge
    Rule: board setup constraints silk; warning
    @(200.0000 mm, 160.0000 mm): Segment on Edge.Cuts
    @(63.7602 mm, 159.7730 mm): Segment of C_RELAYBULK1 on F.Silkscreen
[silk_edge_clearance]: Silkscreen clipped by board edge
    Rule: board setup constraints silk; warning
    @(200.0000 mm, 160.0000 mm): Segment on Edge.Cuts
    @(63.8002 mm, 159.7890 mm): Segment of C_RELAYBULK1 on F.Silkscreen
[silk_edge_clearance]: Silkscreen clipped by board edge
    Rule: board setup constraints silk; warning
    @(200.0000 mm, 160.0000 mm): Segment on Edge.Cuts
    @(63.8402 mm, 159.8060 mm): Segment of C_RELAYBULK1 on F.Silkscreen
[silk_edge_clearance]: Silkscreen clipped by board edge
    Rule: board setup constraints silk; warning
    @(200.0000 mm, 160.0000 mm): Segment on Edge.Cuts
    @(63.8802 mm, 159.8230 mm): Segment of C_RELAYBULK1 on F.Silkscreen
[silk_edge_clearance]: Silkscreen clipped by board edge
    Rule: board setup constraints silk; warning
    @(200.0000 mm, 160.0000 mm): Segment on Edge.Cuts
    @(63.9202 mm, 159.8410 mm): Segment of C_RELAYBULK1 on F.Silkscreen
[silk_edge_clearance]: Silkscreen clipped by board edge
    Rule: board setup constraints silk; warning
    @(200.0000 mm, 160.0000 mm): Segment on Edge.Cuts
    @(63.9602 mm, 159.8600 mm): Segment of C_RELAYBULK1 on F.Silkscreen
[silk_edge_clearance]: Silkscreen clipped by board edge
    Rule: board setup constraints silk; warning
    @(200.0000 mm, 160.0000 mm): Segment on Edge.Cuts
    @(64.0002 mm, 159.8790 mm): Segment of C_RELAYBULK1 on F.Silkscreen
[silk_edge_clearance]: Silkscreen clipped by board edge
    Rule: board setup constraints silk; warning
    @(200.0000 mm, 160.0000 mm): Segment on Edge.Cuts
    @(64.0402 mm, 159.8990 mm): Segment of C_RELAYBULK1 on F.Silkscreen
[silk_edge_clearance]: Silkscreen clipped by board edge
    Rule: board setup constraints silk; warning
    @(200.0000 mm, 160.0000 mm): Segment on Edge.Cuts
    @(64.0802 mm, 159.9200 mm): Segment of C_RELAYBULK1 on F.Silkscreen
[silk_edge_clearance]: Silkscreen clipped by board edge
    Rule: board setup constraints silk; warning
    @(200.0000 mm, 160.0000 mm): Segment on Edge.Cuts
    @(64.1202 mm, 159.9410 mm): Segment of C_RELAYBULK1 on F.Silkscreen
[silk_edge_clearance]: Silkscreen clipped by board edge
    Rule: board setup constraints silk; warning
    @(200.0000 mm, 160.0000 mm): Segment on Edge.Cuts
    @(64.1602 mm, 159.9630 mm): Segment of C_RELAYBULK1 on F.Silkscreen
[silk_edge_clearance]: Silkscreen clipped by board edge
    Rule: board setup constraints silk; warning
    @(200.0000 mm, 160.0000 mm): Segment on Edge.Cuts
    @(64.2002 mm, 159.9860 mm): Segment of C_RELAYBULK1 on F.Silkscreen
[silk_edge_clearance]: Silkscreen clipped by board edge
    Rule: board setup constraints silk; warning
    @(200.0000 mm, 160.0000 mm): Segment on Edge.Cuts
    @(64.2402 mm, 160.0100 mm): Segment of C_RELAYBULK1 on F.Silkscreen
[silk_edge_clearance]: Silkscreen clipped by board edge
    Rule: board setup constraints silk; warning
    @(200.0000 mm, 160.0000 mm): Segment on Edge.Cuts
    @(64.2802 mm, 160.0340 mm): Segment of C_RELAYBULK1 on F.Silkscreen
[silk_edge_clearance]: Silkscreen clipped by board edge
    Rule: board setup constraints silk; warning
    @(200.0000 mm, 160.0000 mm): Segment on Edge.Cuts
    @(64.3202 mm, 160.0590 mm): Segment of C_RELAYBULK1 on F.Silkscreen
[silk_edge_clearance]: Silkscreen clipped by board edge
    Rule: board setup constraints silk; warning
    @(200.0000 mm, 160.0000 mm): Segment on Edge.Cuts
    @(62.5602 mm, 162.7750 mm): Circle of C_RELAYBULK1 on F.Silkscreen
[silk_edge_clearance]: Silkscreen clipped by board edge
    Rule: board setup constraints silk; warning
    @(200.0000 mm, 160.0000 mm): Segment on Edge.Cuts
    @(79.2844 mm, 160.0350 mm): Segment of C_DEC8 on F.Silkscreen
[silk_edge_clearance]: Silkscreen clipped by board edge
    Rule: board setup constraints silk; warning
    @(200.0000 mm, 160.0000 mm): Segment on Edge.Cuts
    @(17.2950 mm, 160.4150 mm): Segment of K4 on F.Silkscreen
[silk_edge_clearance]: Silkscreen clipped by board edge
    Rule: board setup constraints silk; warning
    @(200.0000 mm, 160.0000 mm): Segment on Edge.Cuts
    @(38.4350 mm, 160.4150 mm): Segment of K4 on F.Silkscreen
[silk_edge_clearance]: Silkscreen clipped by board edge
    Rule: board setup constraints silk; warning
    @(200.0000 mm, 160.0000 mm): Segment on Edge.Cuts
    @(75.2744 mm, 160.0350 mm): Segment of C_DEC3 on F.Silkscreen
[hole_to_hole]: Drilled hole too close to other hole (board setup constraints min 0.2495 mm; actual 0.1086 mm)
    Rule: board setup constraints; warning
    @(17.6200 mm, 133.2400 mm): PTH pad 4 [/Motor Valve/RLY1_NC] of K1
    @(18.9750 mm, 133.6250 mm): PTH pad 1 [/Motor Valve/COIL_LOW2] of K2
[hole_to_hole]: Drilled hole too close to other hole (board setup constraints min 0.2495 mm; actual 0.0000 mm)
    Rule: board setup constraints; warning
    @(18.9750 mm, 146.1750 mm): PTH pad 1 [/Motor Valve/COIL_LOW3] of K3
    @(19.1600 mm, 145.0000 mm): PTH pad 3 [/Motor Valve/RLY1_NC] of J_RELAY1
[silk_over_copper]: Silkscreen clipped by solder mask
    Local override; warning
    @(19.1600 mm, 150.5000 mm): PCB text 'NC' on B.Silkscreen
[silk_over_copper]: Silkscreen clipped by solder mask
    Local override; warning
    @(33.0000 mm, 150.5000 mm): PCB text 'COM' on B.Silkscreen
[silk_over_copper]: Silkscreen clipped by solder mask
    Local override; warning
    @(43.1600 mm, 150.5000 mm): PCB text 'NC' on B.Silkscreen
[silk_over_copper]: Silkscreen clipped by solder mask
    Local override; warning
    @(100.0000 mm, 158.0000 mm): PCB text 'POC ONLY - NOT SAFETY RATED' on B.Silkscreen
[silk_over_copper]: Silkscreen clipped by solder mask
    Local override; warning
    @(117.1050 mm, 186.7270 mm): Reference field of TP_LORARST1
[silk_over_copper]: Silkscreen clipped by solder mask
    Local override; warning
    @(64.5150 mm, 135.4150 mm): Reference field of R_RELAY_PD6
[silk_over_copper]: Silkscreen clipped by solder mask
    Local override; warning
    @(95.1550 mm, 153.0750 mm): Reference field of C_EN1
[silk_over_copper]: Silkscreen clipped by solder mask
    Local override; warning
    @(112.5550 mm, 174.0250 mm): Reference field of R_LORARST1
[silk_over_copper]: Silkscreen clipped by solder mask
    Local override; warning
    @(146.4150 mm, 191.3450 mm): Reference field of R_OVP2
[silk_over_copper]: Silkscreen clipped by solder mask
    Local override; warning
    @(151.4450 mm, 191.7450 mm): Reference field of C_IN3
[silk_over_copper]: Silkscreen clipped by solder mask
    Local override; warning
    @(17.2950 mm, 122.7650 mm): Segment of K1 on F.Silkscreen
[silk_over_copper]: Silkscreen clipped by solder mask
    Local override; warning
    @(32.3100 mm, 117.2650 mm): Segment of K1 on F.Silkscreen
[silk_over_copper]: Silkscreen clipped by solder mask
    Local override; warning
    @(54.2750 mm, 243.4700 mm): Reference field of CMC_RS485_2
[silk_over_copper]: Silkscreen clipped by solder mask
    Local override; warning
    @(142.0050 mm, 200.1950 mm): Reference field of R_LED2
[silk_over_copper]: Silkscreen clipped by solder mask
    Local override; warning
    @(94.3850 mm, 199.6050 mm): Reference field of JP_VBYP2
[silk_over_copper]: Silkscreen clipped by solder mask
    Local override; warning
    @(8.3100 mm, 137.4600 mm): Segment of K1 on F.Silkscreen
[silk_over_copper]: Silkscreen clipped by solder mask
    Local override; warning
    @(19.3100 mm, 116.3200 mm): Segment of K1 on F.Silkscreen
[silk_over_copper]: Silkscreen clipped by solder mask
    Local override; warning
    @(60.5050 mm, 132.9050 mm): Reference field of C_RELAY1
[silk_over_copper]: Silkscreen clipped by solder mask
    Local override; warning
    @(75.4150 mm, 160.6050 mm): Reference field of C_DEC4
[silk_over_copper]: Silkscreen clipped by solder mask
    Local override; warning
    @(64.5150 mm, 132.9050 mm): Reference field of R_RELAY_PD5
[silk_over_copper]: Silkscreen clipped by solder mask
    Local override; warning
    @(64.2777 mm, 133.8125 mm): Segment of R_RELAY_PD5 on F.Silkscreen
[silk_over_copper]: Silkscreen clipped by solder mask
    Local override; warning
    @(159.1550 mm, 184.6270 mm): Reference field of TP_USBVBUS1
[silk_over_copper]: Silkscreen clipped by solder mask
    Local override; warning
    @(112.5550 mm, 171.0750 mm): Reference field of R_LORABOOT1
[silk_over_copper]: Silkscreen clipped by solder mask
    Local override; warning
    @(51.7350 mm, 224.1770 mm): Reference field of TP_RS485RO1
[silk_over_copper]: Silkscreen clipped by solder mask
    Local override; warning
    @(151.4450 mm, 195.0950 mm): Reference field of C_OUT1
[silk_over_copper]: Silkscreen clipped by solder mask
    Local override; warning
    @(79.4250 mm, 155.5850 mm): Reference field of C_DEC7
[silk_over_copper]: Silkscreen clipped by solder mask
    Local override; warning
    @(105.0000 mm, 150.0000 mm): Reference field of J_RELAY5
[silk_over_copper]: Silkscreen clipped by solder mask
    Local override; warning
    @(102.2600 mm, 141.9000 mm): Segment of J_RELAY5 on F.Silkscreen
[silk_over_copper]: Silkscreen clipped by solder mask
    Local override; warning
    @(106.0000 mm, 140.9000 mm): Segment of J_RELAY5 on F.Silkscreen
[silk_over_copper]: Silkscreen clipped by solder mask
    Local override; warning
    @(107.0000 mm, 147.2000 mm): Segment of J_RELAY5 on F.Silkscreen
[silk_over_copper]: Silkscreen clipped by solder mask
    Local override; warning
    @(101.3500 mm, 140.0900 mm): Rectangle of J_RELAY5 on F.Silkscreen
[silk_over_copper]: Silkscreen clipped by solder mask
    Local override; warning
    @(104.0000 mm, 140.0900 mm): Rectangle of J_RELAY5 on F.Silkscreen
[silk_over_copper]: Silkscreen clipped by solder mask
    Local override; warning
    @(105.0000 mm, 145.5500 mm): Arc of J_RELAY5 on F.Silkscreen
[silk_over_copper]: Silkscreen clipped by solder mask
    Local override; warning
    @(124.6650 mm, 116.7250 mm): Reference field of R_LEDFLT1
[silk_over_copper]: Silkscreen clipped by solder mask
    Local override; warning
    @(42.3150 mm, 249.4550 mm): Reference field of R_BIASB1
[silk_over_copper]: Silkscreen clipped by solder mask
    Local override; warning
    @(60.5050 mm, 135.4150 mm): Reference field of R_EXP_RESET1
[silk_over_copper]: Silkscreen clipped by solder mask
    Local override; warning
    @(124.6650 mm, 113.7750 mm): Reference field of R_ENPU1
[silk_over_copper]: Silkscreen clipped by solder mask
    Local override; warning
    @(121.3750 mm, 174.0250 mm): Reference field of R_VBOT4
[silk_over_copper]: Silkscreen clipped by solder mask
    Local override; warning
    @(60.5050 mm, 137.9250 mm): Reference field of R_RELAY_PD1
[silk_over_copper]: Silkscreen clipped by solder mask
    Local override; warning
    @(121.3750 mm, 171.0750 mm): Reference field of R_VBOT3
[silk_over_copper]: Silkscreen clipped by solder mask
    Local override; warning
    @(116.8250 mm, 202.4150 mm): Reference field of C_FILT5
[silk_over_copper]: Silkscreen clipped by solder mask
    Local override; warning
    @(80.6150 mm, 199.6050 mm): Reference field of JP_IGND5
[silk_over_copper]: Silkscreen clipped by solder mask
    Local override; warning
    @(84.3550 mm, 157.2750 mm): Reference field of SW_RESET1
[silk_over_copper]: Silkscreen clipped by solder mask
    Local override; warning
    @(146.4150 mm, 194.2950 mm): Reference field of R_SHDN1
[silk_over_copper]: Silkscreen clipped by solder mask
    Local override; warning
    @(64.9550 mm, 145.5700 mm): Reference field of U_RELAY1
[silk_over_copper]: Silkscreen clipped by solder mask
    Local override; warning
    @(61.0950 mm, 146.4150 mm): Segment of U_RELAY1 on F.Silkscreen
[silk_over_copper]: Silkscreen clipped by solder mask
    Local override; warning
    @(42.3150 mm, 252.4050 mm): Reference field of R_TERM1
[silk_over_copper]: Silkscreen clipped by solder mask
    Local override; warning
    @(116.9650 mm, 179.9250 mm): Reference field of R_VBOT1
[silk_over_copper]: Silkscreen clipped by solder mask
    Local override; warning
    @(37.6550 mm, 250.9550 mm): Reference field of D_RS485PROT2
[silk_over_copper]: Silkscreen clipped by solder mask
    Local override; warning
    @(47.9550 mm, 220.7550 mm): Reference field of C_RSDEC1
[silk_over_copper]: Silkscreen clipped by solder mask
    Local override; warning
    @(108.1450 mm, 171.0750 mm): Reference field of R_BURDEN2
[silk_over_copper]: Silkscreen clipped by solder mask
    Local override; warning
    @(64.5150 mm, 140.4350 mm): Reference field of R_RELAY_PD8
[silk_over_copper]: Silkscreen clipped by solder mask
    Local override; warning
    @(121.3750 mm, 179.9250 mm): Reference field of R_VBOT6
[silk_over_copper]: Silkscreen clipped by solder mask
    Local override; warning
    @(79.4250 mm, 160.6050 mm): Reference field of C_DEC9
[silk_over_copper]: Silkscreen clipped by solder mask
    Local override; warning
    @(112.5550 mm, 179.9250 mm): Reference field of R_SER2
[silk_over_copper]: Silkscreen clipped by solder mask
    Local override; warning
    @(124.6650 mm, 119.6750 mm): Reference field of R_LINK1
[silk_over_copper]: Silkscreen clipped by solder mask
    Local override; warning
    @(75.4150 mm, 163.1150 mm): Reference field of C_DEC5
[silk_over_copper]: Silkscreen clipped by solder mask
    Local override; warning
    @(151.4450 mm, 198.4450 mm): Reference field of C_OUT2
[silk_over_copper]: Silkscreen clipped by solder mask
    Local override; warning
    @(94.3850 mm, 206.7450 mm): Reference field of JP_VBYP6
[silk_over_copper]: Silkscreen clipped by solder mask
    Local override; warning
    @(57.0000 mm, 150.0000 mm): Reference field of J_RELAY3
[silk_over_copper]: Silkscreen clipped by solder mask
    Local override; warning
    @(53.3500 mm, 140.9000 mm): Segment of J_RELAY3 on F.Silkscreen
[silk_over_copper]: Silkscreen clipped by solder mask
    Local override; warning
    @(54.2600 mm, 141.9000 mm): Segment of J_RELAY3 on F.Silkscreen
[silk_over_copper]: Silkscreen clipped by solder mask
    Local override; warning
    @(59.0000 mm, 147.2000 mm): Segment of J_RELAY3 on F.Silkscreen
[silk_over_copper]: Silkscreen clipped by solder mask
    Local override; warning
    @(69.9000 mm, 141.9000 mm): Segment of J_RELAY3 on F.Silkscreen
[silk_over_copper]: Silkscreen clipped by solder mask
    Local override; warning
    @(69.9000 mm, 147.2000 mm): Segment of J_RELAY3 on F.Silkscreen
[silk_over_copper]: Silkscreen clipped by solder mask
    Local override; warning
    @(53.3500 mm, 140.0900 mm): Rectangle of J_RELAY3 on F.Silkscreen
[silk_over_copper]: Silkscreen clipped by solder mask
    Local override; warning
    @(61.0800 mm, 140.0900 mm): Rectangle of J_RELAY3 on F.Silkscreen
[silk_over_copper]: Silkscreen clipped by solder mask
    Local override; warning
    @(62.0800 mm, 145.5500 mm): Arc of J_RELAY3 on F.Silkscreen
[silk_over_copper]: Silkscreen clipped by solder mask
    Local override; warning
    @(67.1600 mm, 145.5500 mm): Arc of J_RELAY3 on F.Silkscreen
[silk_over_copper]: Silkscreen clipped by solder mask
    Local override; warning
    @(80.3100 mm, 137.4600 mm): Segment of K4 on F.Silkscreen
[silk_over_copper]: Silkscreen clipped by solder mask
    Local override; warning
    @(85.8100 mm, 131.3350 mm): Segment of K4 on F.Silkscreen
[silk_over_copper]: Silkscreen clipped by solder mask
    Local override; warning
    @(17.2950 mm, 135.3150 mm): Segment of K2 on F.Silkscreen
[silk_over_copper]: Silkscreen clipped by solder mask
    Local override; warning
    @(17.2950 mm, 135.3150 mm): Segment of K2 on F.Silkscreen
[silk_over_copper]: Silkscreen clipped by solder mask
    Local override; warning
    @(32.3100 mm, 129.8150 mm): Segment of K2 on F.Silkscreen
[silk_over_copper]: Silkscreen clipped by solder mask
    Local override; warning
    @(34.2150 mm, 127.2750 mm): Segment of K2 on F.Silkscreen
[silk_over_copper]: Silkscreen clipped by solder mask
    Local override; warning
    @(84.3550 mm, 161.6250 mm): Reference field of SW_SETUP1
[silk_over_copper]: Silkscreen clipped by solder mask
    Local override; warning
    @(51.7350 mm, 220.6270 mm): Reference field of TP_RS485DI1
[silk_over_copper]: Silkscreen clipped by solder mask
    Local override; warning
    @(112.5550 mm, 176.9750 mm): Reference field of R_SER1
[silk_over_copper]: Silkscreen clipped by solder mask
    Local override; warning
    @(34.0000 mm, 115.0000 mm): Reference field of K2
[silk_over_copper]: Silkscreen clipped by solder mask
    Local override; warning
    @(32.3100 mm, 116.3200 mm): Segment of K2 on F.Silkscreen
[silk_over_copper]: Silkscreen clipped by solder mask
    Local override; warning
    @(32.3100 mm, 137.4600 mm): Segment of K2 on F.Silkscreen
[silk_over_copper]: Silkscreen clipped by solder mask
    Local override; warning
    @(34.0000 mm, 120.5400 mm): Segment of K2 on F.Silkscreen
[silk_over_copper]: Silkscreen clipped by solder mask
    Local override; warning
    @(36.2900 mm, 120.0300 mm): Segment of K2 on F.Silkscreen
[silk_over_copper]: Silkscreen clipped by solder mask
    Local override; warning
    @(36.2900 mm, 120.5400 mm): Segment of K2 on F.Silkscreen
[silk_over_copper]: Silkscreen clipped by solder mask
    Local override; warning
    @(36.2900 mm, 121.0500 mm): Segment of K2 on F.Silkscreen
[silk_over_copper]: Silkscreen clipped by solder mask
    Local override; warning
    @(37.0500 mm, 120.0300 mm): Segment of K2 on F.Silkscreen
[silk_over_copper]: Silkscreen clipped by solder mask
    Local override; warning
    @(38.8300 mm, 121.0500 mm): Segment of K2 on F.Silkscreen
[silk_over_copper]: Silkscreen clipped by solder mask
    Local override; warning
    @(43.3100 mm, 116.3200 mm): Segment of K2 on F.Silkscreen
[silk_over_copper]: Silkscreen clipped by solder mask
    Local override; warning
    @(47.9550 mm, 218.2450 mm): Reference field of C_ISOOUT1
[silk_over_copper]: Silkscreen clipped by solder mask
    Local override; warning
    @(60.5050 mm, 142.9450 mm): Reference field of R_RELAY_PD3
[silk_over_copper]: Silkscreen clipped by solder mask
    Local override; warning
    @(79.4250 mm, 158.0950 mm): Reference field of C_DEC8
[silk_over_copper]: Silkscreen clipped by solder mask
    Local override; warning
    @(48.7750 mm, 243.5950 mm): Reference field of C_ISOBULK2
[silk_over_copper]: Silkscreen clipped by solder mask
    Local override; warning
    @(116.9650 mm, 176.9750 mm): Reference field of R_SER6
[silk_over_copper]: Silkscreen clipped by solder mask
    Local override; warning
    @(41.0250 mm, 119.4700 mm): Segment of J_RELAY1 on F.Silkscreen
[silk_over_copper]: Silkscreen clipped by solder mask
    Local override; warning
    @(40.1150 mm, 112.3600 mm): Rectangle of J_RELAY1 on F.Silkscreen
[silk_over_copper]: Silkscreen clipped by solder mask
    Local override; warning
    @(51.7350 mm, 217.0770 mm): Reference field of TP_ISOGND1
[silk_over_copper]: Silkscreen clipped by solder mask
    Local override; warning
    @(116.8250 mm, 204.9250 mm): Reference field of C_FILT6
[silk_over_copper]: Silkscreen clipped by solder mask
    Local override; warning
    @(57.5750 mm, 135.3600 mm): Segment of J_RELAY3 on F.Silkscreen
[silk_over_copper]: Silkscreen clipped by solder mask
    Local override; warning
    @(40.1150 mm, 134.5500 mm): Rectangle of J_RELAY3 on F.Silkscreen
[silk_over_copper]: Silkscreen clipped by solder mask
    Local override; warning
    @(88.7350 mm, 126.3750 mm): Segment of U_MCU1 on F.Silkscreen
[silk_over_copper]: Silkscreen clipped by solder mask
    Local override; warning
    @(107.1350 mm, 126.3750 mm): Segment of U_MCU1 on F.Silkscreen
[silk_over_copper]: Silkscreen clipped by solder mask
    Local override; warning
    @(88.7350 mm, 133.2500 mm): Polygon of U_MCU1 on F.Silkscreen
[silk_over_copper]: Silkscreen clipped by solder mask
    Local override; warning
    @(95.1750 mm, 156.1300 mm): Reference field of D_FLT1
[silk_over_copper]: Silkscreen clipped by solder mask
    Local override; warning
    @(124.6650 mm, 125.5750 mm): Reference field of R_SETUP1
[silk_over_copper]: Silkscreen clipped by solder mask
    Local override; warning
    @(40.1150 mm, 123.4550 mm): Rectangle of J_RELAY2 on F.Silkscreen
[silk_over_copper]: Silkscreen clipped by solder mask
    Local override; warning
    @(116.8250 mm, 199.9050 mm): Reference field of C_FILT4
[silk_over_copper]: Silkscreen clipped by solder mask
    Local override; warning
    @(146.4150 mm, 200.1950 mm): Reference field of R_UVLO2
[silk_over_copper]: Silkscreen clipped by solder mask
    Local override; warning
    @(104.3100 mm, 137.4600 mm): Segment of K5 on F.Silkscreen
[silk_over_copper]: Silkscreen clipped by solder mask
    Local override; warning
    @(107.2700 mm, 135.7800 mm): Segment of K5 on F.Silkscreen
[silk_over_copper]: Silkscreen clipped by solder mask
    Local override; warning
    @(108.1450 mm, 176.9750 mm): Reference field of R_BURDEN4
[silk_over_copper]: Silkscreen clipped by solder mask
    Local override; warning
    @(64.5150 mm, 137.9250 mm): Reference field of R_RELAY_PD7
[silk_over_copper]: Silkscreen clipped by solder mask
    Local override; warning
    @(108.1450 mm, 174.0250 mm): Reference field of R_BURDEN3
[silk_over_copper]: Silkscreen clipped by solder mask
    Local override; warning
    @(75.4150 mm, 155.5850 mm): Reference field of C_DEC2
[silk_over_copper]: Silkscreen clipped by solder mask
    Local override; warning
    @(40.1150 mm, 146.4550 mm): Segment of J_RELAY4 on F.Silkscreen
[silk_over_copper]: Silkscreen clipped by solder mask
    Local override; warning
    @(43.4650 mm, 144.8450 mm): Segment of J_RELAY4 on F.Silkscreen
[silk_over_copper]: Silkscreen clipped by solder mask
    Local override; warning
    @(43.7650 mm, 145.4450 mm): Segment of J_RELAY4 on F.Silkscreen
[silk_over_copper]: Silkscreen clipped by solder mask
    Local override; warning
    @(44.0650 mm, 144.8450 mm): Segment of J_RELAY4 on F.Silkscreen
[silk_over_copper]: Silkscreen clipped by solder mask
    Local override; warning
    @(57.5750 mm, 146.4550 mm): Segment of J_RELAY4 on F.Silkscreen
[silk_over_copper]: Silkscreen clipped by solder mask
    Local override; warning
    @(40.1150 mm, 145.6450 mm): Rectangle of J_RELAY4 on F.Silkscreen
[silk_over_copper]: Silkscreen clipped by solder mask
    Local override; warning
    @(42.7650 mm, 145.6450 mm): Rectangle of J_RELAY4 on F.Silkscreen
[silk_over_copper]: Silkscreen clipped by solder mask
    Local override; warning
    @(124.6650 mm, 122.6250 mm): Reference field of R_PWR1
[silk_over_copper]: Silkscreen clipped by solder mask
    Local override; warning
    @(151.4450 mm, 201.7950 mm): Reference field of C_OUT3
[silk_over_copper]: Silkscreen clipped by solder mask
    Local override; warning
    @(108.1450 mm, 179.9250 mm): Reference field of R_BURDEN5
[silk_over_copper]: Silkscreen clipped by solder mask
    Local override; warning
    @(47.9550 mm, 225.7750 mm): Reference field of R_RSDE1
[silk_over_copper]: Silkscreen clipped by solder mask
    Local override; warning
    @(60.5050 mm, 140.4350 mm): Reference field of R_RELAY_PD2
[silk_over_copper]: Silkscreen clipped by solder mask
    Local override; warning
    @(17.2950 mm, 136.8650 mm): Segment of K3 on F.Silkscreen
[silk_over_copper]: Silkscreen clipped by solder mask
    Local override; warning
    @(38.4350 mm, 147.8650 mm): Segment of K3 on F.Silkscreen
[silk_over_copper]: Silkscreen clipped by solder mask
    Local override; warning
    @(56.3100 mm, 116.3200 mm): Segment of K3 on F.Silkscreen
[silk_over_copper]: Silkscreen clipped by solder mask
    Local override; warning
    @(58.0000 mm, 120.5400 mm): Segment of K3 on F.Silkscreen
[silk_over_copper]: Silkscreen clipped by solder mask
    Local override; warning
    @(59.2700 mm, 128.1600 mm): Segment of K3 on F.Silkscreen
[silk_over_copper]: Silkscreen clipped by solder mask
    Local override; warning
    @(60.2900 mm, 120.0300 mm): Segment of K3 on F.Silkscreen
[silk_over_copper]: Silkscreen clipped by solder mask
    Local override; warning
    @(60.2900 mm, 120.5400 mm): Segment of K3 on F.Silkscreen
[silk_over_copper]: Silkscreen clipped by solder mask
    Local override; warning
    @(60.2900 mm, 121.0500 mm): Segment of K3 on F.Silkscreen
[silk_over_copper]: Silkscreen clipped by solder mask
    Local override; warning
    @(61.0500 mm, 120.0300 mm): Segment of K3 on F.Silkscreen
[silk_over_copper]: Silkscreen clipped by solder mask
    Local override; warning
    @(61.8100 mm, 131.3350 mm): Segment of K3 on F.Silkscreen
[silk_over_copper]: Silkscreen clipped by solder mask
    Local override; warning
    @(61.8100 mm, 131.3350 mm): Circle of K3 on F.Silkscreen
[silk_over_copper]: Silkscreen clipped by solder mask
    Local override; warning
    @(78.2600 mm, 141.9000 mm): Segment of J_RELAY4 on F.Silkscreen
[silk_over_copper]: Silkscreen clipped by solder mask
    Local override; warning
    @(87.0800 mm, 140.9000 mm): Segment of J_RELAY4 on F.Silkscreen
[silk_over_copper]: Silkscreen clipped by solder mask
    Local override; warning
    @(88.0800 mm, 147.2000 mm): Segment of J_RELAY4 on F.Silkscreen
[silk_over_copper]: Silkscreen clipped by solder mask
    Local override; warning
    @(94.8100 mm, 140.9000 mm): Segment of J_RELAY4 on F.Silkscreen
[silk_over_copper]: Silkscreen clipped by solder mask
    Local override; warning
    @(77.3500 mm, 140.0900 mm): Rectangle of J_RELAY4 on F.Silkscreen
[silk_over_copper]: Silkscreen clipped by solder mask
    Local override; warning
    @(91.1600 mm, 145.5500 mm): Arc of J_RELAY4 on F.Silkscreen
[silk_over_copper]: Silkscreen clipped by solder mask
    Local override; warning
    @(142.0050 mm, 194.2950 mm): Reference field of R_FLT1
[silk_over_copper]: Silkscreen clipped by solder mask
    Local override; warning
    @(116.9650 mm, 171.0750 mm): Reference field of R_SER4
[silk_over_copper]: Silkscreen clipped by solder mask
    Local override; warning
    @(47.9550 mm, 223.2650 mm): Reference field of R_ISODE1
[silk_over_copper]: Silkscreen clipped by solder mask
    Local override; warning
    @(146.2550 mm, 203.1450 mm): Reference field of R_ILIM1
[silk_over_copper]: Silkscreen clipped by solder mask
    Local override; warning
    @(116.8250 mm, 194.8850 mm): Reference field of C_FILT2
[silk_over_copper]: Silkscreen clipped by solder mask
    Local override; warning
    @(121.3750 mm, 176.9750 mm): Reference field of R_VBOT5
[silk_over_copper]: Silkscreen clipped by solder mask
    Local override; warning
    @(142.0450 mm, 203.1900 mm): Reference field of D_LED2
[silk_over_copper]: Silkscreen clipped by solder mask
    Local override; warning
    @(64.2777 mm, 132.3475 mm): Segment of R_RELAY_PD4 on F.Silkscreen
[silk_over_copper]: Silkscreen clipped by solder mask
    Local override; warning
    @(75.4150 mm, 158.0950 mm): Reference field of C_DEC3
[silk_over_copper]: Silkscreen clipped by solder mask
    Local override; warning
    @(33.0000 mm, 150.0000 mm): Reference field of J_RELAY2
[silk_over_copper]: Silkscreen clipped by solder mask
    Local override; warning
    @(30.2600 mm, 147.2000 mm): Segment of J_RELAY2 on F.Silkscreen
[silk_over_copper]: Silkscreen clipped by solder mask
    Local override; warning
    @(32.7000 mm, 139.2900 mm): Segment of J_RELAY2 on F.Silkscreen
[silk_over_copper]: Silkscreen clipped by solder mask
    Local override; warning
    @(33.3000 mm, 139.2900 mm): Segment of J_RELAY2 on F.Silkscreen
[silk_over_copper]: Silkscreen clipped by solder mask
    Local override; warning
    @(35.0000 mm, 147.2000 mm): Segment of J_RELAY2 on F.Silkscreen
[silk_over_copper]: Silkscreen clipped by solder mask
    Local override; warning
    @(46.8100 mm, 140.9000 mm): Segment of J_RELAY2 on F.Silkscreen
[silk_over_copper]: Silkscreen clipped by solder mask
    Local override; warning
    @(29.3500 mm, 140.0900 mm): Rectangle of J_RELAY2 on F.Silkscreen
[silk_over_copper]: Silkscreen clipped by solder mask
    Local override; warning
    @(42.1600 mm, 140.0900 mm): Rectangle of J_RELAY2 on F.Silkscreen
[silk_over_copper]: Silkscreen clipped by solder mask
    Local override; warning
    @(38.0800 mm, 145.5500 mm): Arc of J_RELAY2 on F.Silkscreen
[silk_over_copper]: Silkscreen clipped by solder mask
    Local override; warning
    @(79.4250 mm, 163.1150 mm): Reference field of C_DEC10
[silk_over_copper]: Silkscreen clipped by solder mask
    Local override; warning
    @(47.9550 mm, 215.7350 mm): Reference field of C_ISOIN1
[silk_over_copper]: Silkscreen clipped by solder mask
    Local override; warning
    @(142.0050 mm, 197.2450 mm): Reference field of R_IMON1
[silk_over_copper]: Silkscreen clipped by solder mask
    Local override; warning
    @(142.0050 mm, 191.3450 mm): Reference field of R_CC2_1
[silk_over_copper]: Silkscreen clipped by solder mask
    Local override; warning
    @(116.9650 mm, 174.0250 mm): Reference field of R_SER5
[silk_over_copper]: Silkscreen clipped by solder mask
    Local override; warning
    @(90.1050 mm, 153.0750 mm): Reference field of C_BULK2
[silk_over_copper]: Silkscreen clipped by solder mask
    Local override; warning
    @(146.4150 mm, 197.2450 mm): Reference field of R_UVLO1
[silk_over_copper]: Silkscreen clipped by solder mask
    Local override; warning
    @(116.8250 mm, 197.3950 mm): Reference field of C_FILT3
[silk_overlap]: Silkscreen clearance
    Rule: board setup constraints silk; warning
    @(8.3100 mm, 116.3200 mm): Segment of K1 on F.Silkscreen
    @(17.2950 mm, 122.7650 mm): Segment of K1 on F.Silkscreen
[silk_overlap]: Silkscreen clearance
    Rule: board setup constraints silk; warning
    @(14.8300 mm, 120.5400 mm): Segment of K1 on F.Silkscreen
    @(17.2950 mm, 122.7650 mm): Segment of K1 on F.Silkscreen
[silk_overlap]: Silkscreen clearance
    Rule: board setup constraints silk; warning
    @(28.4750 mm, 123.1250 mm): Reference field of K2
    @(17.2950 mm, 122.7650 mm): Segment of K1 on F.Silkscreen
[silk_overlap]: Silkscreen clearance
    Rule: board setup constraints silk; warning
    @(34.0000 mm, 115.0000 mm): Reference field of K2
    @(34.2150 mm, 114.7250 mm): Segment of K1 on F.Silkscreen
[silk_overlap]: Silkscreen clearance
    Rule: board setup constraints silk; warning
    @(38.4350 mm, 122.7650 mm): Segment of K1 on F.Silkscreen
    @(36.2900 mm, 120.0300 mm): Segment of K2 on F.Silkscreen
[silk_overlap]: Silkscreen clearance
    Rule: board setup constraints silk; warning
    @(38.4350 mm, 122.7650 mm): Segment of K1 on F.Silkscreen
    @(38.8300 mm, 121.0500 mm): Segment of K2 on F.Silkscreen
[silk_overlap]: Silkscreen clearance
    Rule: board setup constraints silk; warning
    @(32.3100 mm, 116.3200 mm): Segment of K2 on F.Silkscreen
    @(38.4350 mm, 122.7650 mm): Segment of K1 on F.Silkscreen
[silk_overlap]: Silkscreen clearance
    Rule: board setup constraints silk; warning
    @(17.2950 mm, 147.8650 mm): Segment of K3 on F.Silkscreen
    @(8.3100 mm, 137.4600 mm): Segment of K1 on F.Silkscreen
[silk_overlap]: Silkscreen clearance
    Rule: board setup constraints silk; warning
    @(17.2950 mm, 122.7650 mm): Segment of K1 on F.Silkscreen
    @(19.3100 mm, 116.3200 mm): Segment of K1 on F.Silkscreen
[silk_overlap]: Silkscreen clearance
    Rule: board setup constraints silk; warning
    @(19.3100 mm, 116.3200 mm): Segment of K1 on F.Silkscreen
    @(17.2950 mm, 124.3150 mm): Segment of K2 on F.Silkscreen
[silk_overlap]: Silkscreen clearance
    Rule: board setup constraints silk; warning
    @(19.3100 mm, 116.3200 mm): Segment of K1 on F.Silkscreen
    @(17.2950 mm, 135.3150 mm): Segment of K2 on F.Silkscreen
[silk_overlap]: Silkscreen clearance
    Rule: board setup constraints silk; warning
    @(17.2950 mm, 136.8650 mm): Segment of K3 on F.Silkscreen
    @(19.3100 mm, 116.3200 mm): Segment of K1 on F.Silkscreen
[silk_overlap]: Silkscreen clearance
    Rule: board setup constraints silk; warning
    @(32.3100 mm, 116.3200 mm): Segment of K2 on F.Silkscreen
    @(29.1350 mm, 117.2650 mm): Segment of K1 on F.Silkscreen
[silk_overlap]: Silkscreen clearance
    Rule: board setup constraints silk; warning
    @(32.3100 mm, 117.2650 mm): Circle of K1 on F.Silkscreen
    @(32.3100 mm, 116.3200 mm): Segment of K2 on F.Silkscreen
[silk_overlap]: Silkscreen clearance
    Rule: board setup constraints silk; warning
    @(32.3100 mm, 116.3200 mm): Segment of K2 on F.Silkscreen
    @(17.2950 mm, 122.7650 mm): Segment of K1 on F.Silkscreen
[silk_overlap]: Silkscreen clearance
    Rule: board setup constraints silk; warning
    @(32.3100 mm, 116.3200 mm): Segment of K2 on F.Silkscreen
    @(17.2950 mm, 124.3150 mm): Segment of K2 on F.Silkscreen
[silk_overlap]: Silkscreen clearance
    Rule: board setup constraints silk; warning
    @(32.3100 mm, 116.3200 mm): Segment of K2 on F.Silkscreen
    @(17.2950 mm, 135.3150 mm): Segment of K2 on F.Silkscreen
[silk_overlap]: Silkscreen clearance
    Rule: board setup constraints silk; warning
    @(28.4750 mm, 135.6750 mm): Reference field of K3
    @(17.2950 mm, 135.3150 mm): Segment of K2 on F.Silkscreen
[silk_overlap]: Silkscreen clearance
    Rule: board setup constraints silk; warning
    @(29.1350 mm, 129.8150 mm): Segment of K2 on F.Silkscreen
    @(32.3100 mm, 116.3200 mm): Segment of K2 on F.Silkscreen
[silk_overlap]: Silkscreen clearance
    Rule: board setup constraints silk; warning
    @(37.8100 mm, 131.3350 mm): Segment of K2 on F.Silkscreen
    @(38.4350 mm, 135.3150 mm): Segment of K2 on F.Silkscreen
[silk_overlap]: Silkscreen clearance
    Rule: board setup constraints silk; warning
    @(32.3100 mm, 116.3200 mm): Segment of K2 on F.Silkscreen
    @(32.3100 mm, 117.2650 mm): Segment of K1 on F.Silkscreen
[silk_overlap]: Silkscreen clearance
    Rule: board setup constraints silk; warning
    @(32.3100 mm, 129.8150 mm): Segment of K2 on F.Silkscreen
    @(32.3100 mm, 116.3200 mm): Segment of K2 on F.Silkscreen
[silk_overlap]: Silkscreen clearance
    Rule: board setup constraints silk; warning
    @(32.3100 mm, 116.3200 mm): Segment of K2 on F.Silkscreen
    @(32.3100 mm, 129.8150 mm): Circle of K2 on F.Silkscreen
[silk_overlap]: Silkscreen clearance
    Rule: board setup constraints silk; warning
    @(17.2950 mm, 136.8650 mm): Segment of K3 on F.Silkscreen
    @(32.3100 mm, 116.3200 mm): Segment of K2 on F.Silkscreen
[silk_overlap]: Silkscreen clearance
    Rule: board setup constraints silk; warning
    @(43.7650 mm, 117.8200 mm): Arc of J_RELAY1 on F.Silkscreen
    @(43.3100 mm, 116.3200 mm): Segment of K2 on F.Silkscreen
[silk_overlap]: Silkscreen clearance
    Rule: board setup constraints silk; warning
    @(43.3100 mm, 116.3200 mm): Segment of K2 on F.Silkscreen
    @(40.1150 mm, 112.3600 mm): Rectangle of J_RELAY1 on F.Silkscreen
[silk_overlap]: Silkscreen clearance
    Rule: board setup constraints silk; warning
    @(41.0250 mm, 125.2650 mm): Segment of J_RELAY2 on F.Silkscreen
    @(43.3100 mm, 116.3200 mm): Segment of K2 on F.Silkscreen
[silk_overlap]: Silkscreen clearance
    Rule: board setup constraints silk; warning
    @(43.3100 mm, 116.3200 mm): Segment of K2 on F.Silkscreen
    @(40.1150 mm, 123.4550 mm): Rectangle of J_RELAY2 on F.Silkscreen
[silk_overlap]: Silkscreen clearance
    Rule: board setup constraints silk; warning
    @(42.7650 mm, 123.4550 mm): Rectangle of J_RELAY2 on F.Silkscreen
    @(43.3100 mm, 116.3200 mm): Segment of K2 on F.Silkscreen
[silk_overlap]: Silkscreen clearance
    Rule: board setup constraints silk; warning
    @(43.7650 mm, 128.9150 mm): Arc of J_RELAY2 on F.Silkscreen
    @(43.3100 mm, 116.3200 mm): Segment of K2 on F.Silkscreen
[silk_overlap]: Silkscreen clearance
    Rule: board setup constraints silk; warning
    @(42.7650 mm, 134.5500 mm): Rectangle of J_RELAY3 on F.Silkscreen
    @(43.3100 mm, 116.3200 mm): Segment of K2 on F.Silkscreen
[silk_overlap]: Silkscreen clearance
    Rule: board setup constraints silk; warning
    @(41.0250 mm, 136.3600 mm): Segment of J_RELAY3 on F.Silkscreen
    @(43.3100 mm, 116.3200 mm): Segment of K2 on F.Silkscreen
[silk_overlap]: Silkscreen clearance
    Rule: board setup constraints silk; warning
    @(43.3100 mm, 116.3200 mm): Segment of K2 on F.Silkscreen
    @(40.1150 mm, 134.5500 mm): Rectangle of J_RELAY3 on F.Silkscreen
[silk_overlap]: Silkscreen clearance
    Rule: board setup constraints silk; warning
    @(32.3100 mm, 116.3200 mm): Segment of K2 on F.Silkscreen
    @(32.3100 mm, 117.2650 mm): Segment of K1 on F.Silkscreen
[silk_overlap]: Silkscreen clearance
    Rule: board setup constraints silk; warning
    @(37.8100 mm, 131.3350 mm): Segment of K2 on F.Silkscreen
    @(40.1150 mm, 134.5500 mm): Rectangle of J_RELAY3 on F.Silkscreen
[silk_overlap]: Silkscreen clearance
    Rule: board setup constraints silk; warning
    @(41.0250 mm, 119.4700 mm): Segment of J_RELAY1 on F.Silkscreen
    @(32.3100 mm, 116.3200 mm): Segment of K2 on F.Silkscreen
[silk_overlap]: Silkscreen clearance
    Rule: board setup constraints silk; warning
    @(32.3100 mm, 116.3200 mm): Segment of K2 on F.Silkscreen
    @(40.1150 mm, 112.3600 mm): Rectangle of J_RELAY1 on F.Silkscreen
[silk_overlap]: Silkscreen clearance
    Rule: board setup constraints silk; warning
    @(38.8300 mm, 120.5400 mm): Segment of K2 on F.Silkscreen
    @(40.1150 mm, 112.3600 mm): Rectangle of J_RELAY1 on F.Silkscreen
[silk_overlap]: Silkscreen clearance
    Rule: board setup constraints silk; warning
    @(41.6200 mm, 120.5400 mm): Segment of K2 on F.Silkscreen
    @(41.7650 mm, 119.4700 mm): Segment of J_RELAY1 on F.Silkscreen
[silk_overlap]: Silkscreen clearance
    Rule: board setup constraints silk; warning
    @(57.0000 mm, 150.0000 mm): Reference field of J_RELAY3
    @(40.1150 mm, 145.6450 mm): Rectangle of J_RELAY4 on F.Silkscreen
[silk_overlap]: Silkscreen clearance
    Rule: board setup constraints silk; warning
    @(56.6650 mm, 147.4550 mm): Segment of J_RELAY4 on F.Silkscreen
    @(57.0000 mm, 150.0000 mm): Reference field of J_RELAY3
[silk_overlap]: Silkscreen clearance
    Rule: board setup constraints silk; warning
    @(57.0000 mm, 145.5500 mm): Arc of J_RELAY3 on F.Silkscreen
    @(52.9250 mm, 145.6450 mm): Rectangle of J_RELAY4 on F.Silkscreen
[silk_overlap]: Silkscreen clearance
    Rule: board setup constraints silk; warning
    @(41.0250 mm, 147.4550 mm): Segment of J_RELAY4 on F.Silkscreen
    @(57.0000 mm, 145.5500 mm): Arc of J_RELAY3 on F.Silkscreen
[silk_overlap]: Silkscreen clearance
    Rule: board setup constraints silk; warning
    @(56.6650 mm, 147.4550 mm): Segment of J_RELAY4 on F.Silkscreen
    @(57.0000 mm, 145.5500 mm): Arc of J_RELAY3 on F.Silkscreen
[silk_overlap]: Silkscreen clearance
    Rule: board setup constraints silk; warning
    @(57.0000 mm, 145.5500 mm): Arc of J_RELAY3 on F.Silkscreen
    @(40.1150 mm, 145.6450 mm): Rectangle of J_RELAY4 on F.Silkscreen
[silk_overlap]: Silkscreen clearance
    Rule: board setup constraints silk; warning
    @(60.5050 mm, 140.4350 mm): Reference field of R_RELAY_PD2
    @(53.3500 mm, 140.9000 mm): Segment of J_RELAY3 on F.Silkscreen
[silk_overlap]: Silkscreen clearance
    Rule: board setup constraints silk; warning
    @(56.0000 mm, 140.0900 mm): Rectangle of J_RELAY3 on F.Silkscreen
    @(40.1150 mm, 134.5500 mm): Rectangle of J_RELAY3 on F.Silkscreen
[silk_overlap]: Silkscreen clearance
    Rule: board setup constraints silk; warning
    @(60.5050 mm, 142.9450 mm): Reference field of R_RELAY_PD3
    @(40.1150 mm, 134.5500 mm): Rectangle of J_RELAY3 on F.Silkscreen
[silk_overlap]: Silkscreen clearance
    Rule: board setup constraints silk; warning
    @(56.6650 mm, 141.6600 mm): Segment of J_RELAY3 on F.Silkscreen
    @(56.0000 mm, 140.0900 mm): Rectangle of J_RELAY3 on F.Silkscreen
[silk_overlap]: Silkscreen clearance
    Rule: board setup constraints silk; warning
    @(60.5050 mm, 140.4350 mm): Reference field of R_RELAY_PD2
    @(56.6650 mm, 136.3600 mm): Segment of J_RELAY3 on F.Silkscreen
[silk_overlap]: Silkscreen clearance
    Rule: board setup constraints silk; warning
    @(54.2600 mm, 147.2000 mm): Segment of J_RELAY3 on F.Silkscreen
    @(53.9250 mm, 140.0100 mm): Arc of J_RELAY3 on F.Silkscreen
[silk_overlap]: Silkscreen clearance
    Rule: board setup constraints silk; warning
    @(54.2600 mm, 147.2000 mm): Segment of J_RELAY3 on F.Silkscreen
    @(52.9250 mm, 145.6450 mm): Rectangle of J_RELAY4 on F.Silkscreen
[silk_overlap]: Silkscreen clearance
    Rule: board setup constraints silk; warning
    @(54.2600 mm, 147.2000 mm): Segment of J_RELAY3 on F.Silkscreen
    @(40.1150 mm, 134.5500 mm): Rectangle of J_RELAY3 on F.Silkscreen
[silk_overlap]: Silkscreen clearance
    Rule: board setup constraints silk; warning
    @(54.2600 mm, 147.2000 mm): Segment of J_RELAY3 on F.Silkscreen
    @(40.1150 mm, 145.6450 mm): Rectangle of J_RELAY4 on F.Silkscreen
[silk_overlap]: Silkscreen clearance
    Rule: board setup constraints silk; warning
    @(53.3500 mm, 140.0900 mm): Rectangle of J_RELAY3 on F.Silkscreen
    @(53.9250 mm, 140.0100 mm): Arc of J_RELAY3 on F.Silkscreen
[silk_overlap]: Silkscreen clearance
    Rule: board setup constraints silk; warning
    @(56.0000 mm, 140.0900 mm): Rectangle of J_RELAY3 on F.Silkscreen
    @(53.9250 mm, 140.0100 mm): Arc of J_RELAY3 on F.Silkscreen
[silk_overlap]: Silkscreen clearance
    Rule: board setup constraints silk; warning
    @(54.2600 mm, 141.9000 mm): Segment of J_RELAY3 on F.Silkscreen
    @(53.9250 mm, 140.0100 mm): Arc of J_RELAY3 on F.Silkscreen
[silk_overlap]: Silkscreen clearance
    Rule: board setup constraints silk; warning
    @(55.0000 mm, 147.2000 mm): Segment of J_RELAY3 on F.Silkscreen
    @(52.9250 mm, 145.6450 mm): Rectangle of J_RELAY4 on F.Silkscreen
[silk_overlap]: Silkscreen clearance
    Rule: board setup constraints silk; warning
    @(53.3500 mm, 140.0900 mm): Rectangle of J_RELAY3 on F.Silkscreen
    @(52.9250 mm, 145.6450 mm): Rectangle of J_RELAY4 on F.Silkscreen
[silk_overlap]: Silkscreen clearance
    Rule: board setup constraints silk; warning
    @(60.5050 mm, 140.4350 mm): Reference field of R_RELAY_PD2
    @(53.3500 mm, 140.0900 mm): Rectangle of J_RELAY3 on F.Silkscreen
[silk_overlap]: Silkscreen clearance
    Rule: board setup constraints silk; warning
    @(53.3500 mm, 140.0900 mm): Rectangle of J_RELAY3 on F.Silkscreen
    @(64.5150 mm, 140.4350 mm): Reference field of R_RELAY_PD8
[silk_overlap]: Silkscreen clearance
    Rule: board setup constraints silk; warning
    @(56.6650 mm, 136.3600 mm): Segment of J_RELAY3 on F.Silkscreen
    @(53.3500 mm, 140.0900 mm): Rectangle of J_RELAY3 on F.Silkscreen
[silk_overlap]: Silkscreen clearance
    Rule: board setup constraints silk; warning
    @(53.3500 mm, 140.0900 mm): Rectangle of J_RELAY3 on F.Silkscreen
    @(40.1150 mm, 134.5500 mm): Rectangle of J_RELAY3 on F.Silkscreen
[silk_overlap]: Silkscreen clearance
    Rule: board setup constraints silk; warning
    @(56.6650 mm, 147.4550 mm): Segment of J_RELAY4 on F.Silkscreen
    @(53.3500 mm, 140.0900 mm): Rectangle of J_RELAY3 on F.Silkscreen
[silk_overlap]: Silkscreen clearance
    Rule: board setup constraints silk; warning
    @(53.3500 mm, 140.0900 mm): Rectangle of J_RELAY3 on F.Silkscreen
    @(40.1150 mm, 145.6450 mm): Rectangle of J_RELAY4 on F.Silkscreen
[silk_overlap]: Silkscreen clearance
    Rule: board setup constraints silk; warning
    @(41.0250 mm, 147.4550 mm): Segment of J_RELAY4 on F.Silkscreen
    @(53.3500 mm, 140.0900 mm): Rectangle of J_RELAY3 on F.Silkscreen
[silk_overlap]: Silkscreen clearance
    Rule: board setup constraints silk; warning
    @(60.5050 mm, 140.4350 mm): Reference field of R_RELAY_PD2
    @(56.0000 mm, 140.0900 mm): Rectangle of J_RELAY3 on F.Silkscreen
[silk_overlap]: Silkscreen clearance
    Rule: board setup constraints silk; warning
    @(56.6650 mm, 136.3600 mm): Segment of J_RELAY3 on F.Silkscreen
    @(56.0000 mm, 140.0900 mm): Rectangle of J_RELAY3 on F.Silkscreen
[silk_overlap]: Silkscreen clearance
    Rule: board setup constraints silk; warning
    @(60.5050 mm, 140.4350 mm): Reference field of R_RELAY_PD2
    @(58.0000 mm, 140.9000 mm): Segment of J_RELAY3 on F.Silkscreen
[silk_overlap]: Silkscreen clearance
    Rule: board setup constraints silk; warning
    @(58.0000 mm, 140.9000 mm): Segment of J_RELAY3 on F.Silkscreen
    @(64.5150 mm, 140.4350 mm): Reference field of R_RELAY_PD8
[silk_overlap]: Silkscreen clearance
    Rule: board setup constraints silk; warning
    @(60.5050 mm, 140.4350 mm): Reference field of R_RELAY_PD2
    @(61.0800 mm, 140.0900 mm): Rectangle of J_RELAY3 on F.Silkscreen
[silk_overlap]: Silkscreen clearance
    Rule: board setup constraints silk; warning
    @(61.0800 mm, 140.0900 mm): Rectangle of J_RELAY3 on F.Silkscreen
    @(64.5150 mm, 140.4350 mm): Reference field of R_RELAY_PD8
[silk_overlap]: Silkscreen clearance
    Rule: board setup constraints silk; warning
    @(63.0800 mm, 140.9000 mm): Segment of J_RELAY3 on F.Silkscreen
    @(64.5150 mm, 140.4350 mm): Reference field of R_RELAY_PD8
[silk_overlap]: Silkscreen clearance
    Rule: board setup constraints silk; warning
    @(64.2777 mm, 139.8775 mm): Segment of R_RELAY_PD7 on F.Silkscreen
    @(64.5150 mm, 140.4350 mm): Reference field of R_RELAY_PD8
[silk_overlap]: Silkscreen clearance
    Rule: board setup constraints silk; warning
    @(60.5050 mm, 140.4350 mm): Reference field of R_RELAY_PD2
    @(64.5150 mm, 140.4350 mm): Reference field of R_RELAY_PD8
[silk_overlap]: Silkscreen clearance
    Rule: board setup constraints silk; warning
    @(64.2777 mm, 142.3875 mm): Segment of R_RELAY_PD8 on F.Silkscreen
    @(60.5050 mm, 142.9450 mm): Reference field of R_RELAY_PD3
[silk_overlap]: Silkscreen clearance
    Rule: board setup constraints silk; warning
    @(60.5050 mm, 140.4350 mm): Reference field of R_RELAY_PD2
    @(63.0800 mm, 140.9000 mm): Segment of J_RELAY3 on F.Silkscreen
[silk_overlap]: Silkscreen clearance
    Rule: board setup constraints silk; warning
    @(66.1600 mm, 140.0900 mm): Rectangle of J_RELAY3 on F.Silkscreen
    @(64.5150 mm, 140.4350 mm): Reference field of R_RELAY_PD8
[silk_overlap]: Silkscreen clearance
    Rule: board setup constraints silk; warning
    @(54.2600 mm, 141.9000 mm): Segment of J_RELAY3 on F.Silkscreen
    @(40.1150 mm, 134.5500 mm): Rectangle of J_RELAY3 on F.Silkscreen
[silk_overlap]: Silkscreen clearance
    Rule: board setup constraints silk; warning
    @(56.3100 mm, 137.4600 mm): Segment of K3 on F.Silkscreen
    @(56.6650 mm, 136.3600 mm): Segment of J_RELAY3 on F.Silkscreen
[silk_overlap]: Silkscreen clearance
    Rule: board setup constraints silk; warning
    @(56.3100 mm, 137.4600 mm): Segment of K3 on F.Silkscreen
    @(60.5050 mm, 137.9250 mm): Reference field of R_RELAY_PD1
[silk_overlap]: Silkscreen clearance
    Rule: board setup constraints silk; warning
    @(56.3100 mm, 137.4600 mm): Segment of K3 on F.Silkscreen
    @(64.2777 mm, 137.3675 mm): Segment of R_RELAY_PD6 on F.Silkscreen
[silk_overlap]: Silkscreen clearance
    Rule: board setup constraints silk; warning
    @(56.3100 mm, 137.4600 mm): Segment of K3 on F.Silkscreen
    @(64.5150 mm, 137.9250 mm): Reference field of R_RELAY_PD7
[silk_overlap]: Silkscreen clearance
    Rule: board setup constraints silk; warning
    @(56.3100 mm, 137.4600 mm): Segment of K3 on F.Silkscreen
    @(40.1150 mm, 134.5500 mm): Rectangle of J_RELAY3 on F.Silkscreen
[silk_overlap]: Silkscreen clearance
    Rule: board setup constraints silk; warning
    @(56.3100 mm, 137.4600 mm): Segment of K3 on F.Silkscreen
    @(60.2677 mm, 137.3675 mm): Segment of R_EXP_RESET1 on F.Silkscreen
[silk_overlap]: Silkscreen clearance
    Rule: board setup constraints silk; warning
    @(60.5050 mm, 142.9450 mm): Reference field of R_RELAY_PD3
    @(60.2677 mm, 142.3875 mm): Segment of R_RELAY_PD2 on F.Silkscreen
[silk_overlap]: Silkscreen clearance
    Rule: board setup constraints silk; warning
    @(56.6650 mm, 136.3600 mm): Segment of J_RELAY3 on F.Silkscreen
    @(60.5050 mm, 137.9250 mm): Reference field of R_RELAY_PD1
[silk_overlap]: Silkscreen clearance
    Rule: board setup constraints silk; warning
    @(56.7000 mm, 139.2900 mm): Segment of J_RELAY3 on F.Silkscreen
    @(56.6650 mm, 136.3600 mm): Segment of J_RELAY3 on F.Silkscreen
[silk_overlap]: Silkscreen clearance
    Rule: board setup constraints silk; warning
    @(56.6650 mm, 136.3600 mm): Segment of J_RELAY3 on F.Silkscreen
    @(57.0000 mm, 139.8900 mm): Segment of J_RELAY3 on F.Silkscreen
[silk_overlap]: Silkscreen clearance
    Rule: board setup constraints silk; warning
    @(40.1150 mm, 156.7400 mm): Rectangle of J_RELAY5 on F.Silkscreen
    @(62.5602 mm, 158.3750 mm): Reference field of C_RELAYBULK1
[silk_overlap]: Silkscreen clearance
    Rule: board setup constraints silk; warning
    @(61.0950 mm, 158.1850 mm): Segment of U_RELAY1 on F.Silkscreen
    @(62.5602 mm, 158.3750 mm): Reference field of C_RELAYBULK1
[silk_overlap]: Silkscreen clearance
    Rule: board setup constraints silk; warning
    @(62.5602 mm, 158.3750 mm): Reference field of C_RELAYBULK1
    @(68.8150 mm, 158.1850 mm): Segment of U_RELAY1 on F.Silkscreen
[silk_overlap]: Silkscreen clearance
    Rule: board setup constraints silk; warning
    @(60.5050 mm, 135.4150 mm): Reference field of R_EXP_RESET1
    @(57.5750 mm, 135.3600 mm): Segment of J_RELAY3 on F.Silkscreen
[silk_overlap]: Silkscreen clearance
    Rule: board setup constraints silk; warning
    @(56.3100 mm, 116.3200 mm): Segment of K3 on F.Silkscreen
    @(60.5050 mm, 135.4150 mm): Reference field of R_EXP_RESET1
[silk_overlap]: Silkscreen clearance
    Rule: board setup constraints silk; warning
    @(60.5050 mm, 135.4150 mm): Reference field of R_EXP_RESET1
    @(40.1150 mm, 134.5500 mm): Rectangle of J_RELAY3 on F.Silkscreen
[silk_overlap]: Silkscreen clearance
    Rule: board setup constraints silk; warning
    @(56.6650 mm, 130.5650 mm): Segment of J_RELAY2 on F.Silkscreen
    @(56.3100 mm, 116.3200 mm): Segment of K3 on F.Silkscreen
[silk_overlap]: Silkscreen clearance
    Rule: board setup constraints silk; warning
    @(56.3100 mm, 116.3200 mm): Segment of K3 on F.Silkscreen
    @(57.5750 mm, 135.3600 mm): Segment of J_RELAY3 on F.Silkscreen
[silk_overlap]: Silkscreen clearance
    Rule: board setup constraints silk; warning
    @(56.3100 mm, 116.3200 mm): Segment of K3 on F.Silkscreen
    @(60.5050 mm, 137.9250 mm): Reference field of R_RELAY_PD1
[silk_overlap]: Silkscreen clearance
    Rule: board setup constraints silk; warning
    @(56.3100 mm, 116.3200 mm): Segment of K3 on F.Silkscreen
    @(56.6650 mm, 119.4700 mm): Segment of J_RELAY1 on F.Silkscreen
[silk_overlap]: Silkscreen clearance
    Rule: board setup constraints silk; warning
    @(56.3100 mm, 116.3200 mm): Segment of K3 on F.Silkscreen
    @(40.1150 mm, 112.3600 mm): Rectangle of J_RELAY1 on F.Silkscreen
[silk_overlap]: Silkscreen clearance
    Rule: board setup constraints silk; warning
    @(41.0250 mm, 125.2650 mm): Segment of J_RELAY2 on F.Silkscreen
    @(56.3100 mm, 116.3200 mm): Segment of K3 on F.Silkscreen
[silk_overlap]: Silkscreen clearance
    Rule: board setup constraints silk; warning
    @(56.3100 mm, 116.3200 mm): Segment of K3 on F.Silkscreen
    @(40.1150 mm, 123.4550 mm): Rectangle of J_RELAY2 on F.Silkscreen
[silk_overlap]: Silkscreen clearance
    Rule: board setup constraints silk; warning
    @(57.5750 mm, 124.2650 mm): Segment of J_RELAY2 on F.Silkscreen
    @(56.3100 mm, 116.3200 mm): Segment of K3 on F.Silkscreen
[silk_overlap]: Silkscreen clearance
    Rule: board setup constraints silk; warning
    @(41.0250 mm, 136.3600 mm): Segment of J_RELAY3 on F.Silkscreen
    @(56.3100 mm, 116.3200 mm): Segment of K3 on F.Silkscreen
[silk_overlap]: Silkscreen clearance
    Rule: board setup constraints silk; warning
    @(56.3100 mm, 116.3200 mm): Segment of K3 on F.Silkscreen
    @(40.1150 mm, 134.5500 mm): Rectangle of J_RELAY3 on F.Silkscreen
[silk_overlap]: Silkscreen clearance
    Rule: board setup constraints silk; warning
    @(56.3100 mm, 116.3200 mm): Segment of K3 on F.Silkscreen
    @(56.6650 mm, 114.1700 mm): Segment of J_RELAY1 on F.Silkscreen
[silk_overlap]: Silkscreen clearance
    Rule: board setup constraints silk; warning
    @(56.3100 mm, 116.3200 mm): Segment of K3 on F.Silkscreen
    @(40.1150 mm, 112.3600 mm): Rectangle of J_RELAY1 on F.Silkscreen
[silk_overlap]: Silkscreen clearance
    Rule: board setup constraints silk; warning
    @(60.5050 mm, 137.9250 mm): Reference field of R_RELAY_PD1
    @(40.1150 mm, 134.5500 mm): Rectangle of J_RELAY3 on F.Silkscreen
[silk_overlap]: Silkscreen clearance
    Rule: board setup constraints silk; warning
    @(58.0000 mm, 115.0000 mm): Reference field of K3
    @(40.1150 mm, 112.3600 mm): Rectangle of J_RELAY1 on F.Silkscreen
[silk_overlap]: Silkscreen clearance
    Rule: board setup constraints silk; warning
    @(39.0800 mm, 140.9000 mm): Segment of J_RELAY2 on F.Silkscreen
    @(40.1150 mm, 134.5500 mm): Rectangle of J_RELAY3 on F.Silkscreen
[silk_overlap]: Silkscreen clearance
    Rule: board setup constraints silk; warning
    @(32.3100 mm, 137.4600 mm): Segment of K2 on F.Silkscreen
    @(40.1150 mm, 134.5500 mm): Rectangle of J_RELAY3 on F.Silkscreen
[silk_overlap]: Silkscreen clearance
    Rule: board setup constraints silk; warning
    @(30.2600 mm, 141.9000 mm): Segment of J_RELAY2 on F.Silkscreen
    @(40.1150 mm, 134.5500 mm): Rectangle of J_RELAY3 on F.Silkscreen
[silk_overlap]: Silkscreen clearance
    Rule: board setup constraints silk; warning
    @(29.3500 mm, 140.0900 mm): Rectangle of J_RELAY2 on F.Silkscreen
    @(40.1150 mm, 134.5500 mm): Rectangle of J_RELAY3 on F.Silkscreen
[silk_overlap]: Silkscreen clearance
    Rule: board setup constraints silk; warning
    @(43.7650 mm, 140.0100 mm): Arc of J_RELAY3 on F.Silkscreen
    @(42.1600 mm, 140.0900 mm): Rectangle of J_RELAY2 on F.Silkscreen
[silk_overlap]: Silkscreen clearance
    Rule: board setup constraints silk; warning
    @(43.7650 mm, 140.0100 mm): Arc of J_RELAY3 on F.Silkscreen
    @(30.2600 mm, 141.9000 mm): Segment of J_RELAY2 on F.Silkscreen
[silk_overlap]: Silkscreen clearance
    Rule: board setup constraints silk; warning
    @(45.9000 mm, 141.9000 mm): Segment of J_RELAY2 on F.Silkscreen
    @(40.1150 mm, 134.5500 mm): Rectangle of J_RELAY3 on F.Silkscreen
[silk_overlap]: Silkscreen clearance
    Rule: board setup constraints silk; warning
    @(29.3500 mm, 140.0900 mm): Rectangle of J_RELAY2 on F.Silkscreen
    @(48.8450 mm, 140.0100 mm): Arc of J_RELAY3 on F.Silkscreen
[silk_overlap]: Silkscreen clearance
    Rule: board setup constraints silk; warning
    @(60.5050 mm, 132.9050 mm): Reference field of C_RELAY1
    @(40.1150 mm, 123.4550 mm): Rectangle of J_RELAY2 on F.Silkscreen
[silk_overlap]: Silkscreen clearance
    Rule: board setup constraints silk; warning
    @(45.9000 mm, 141.9000 mm): Segment of J_RELAY2 on F.Silkscreen
    @(40.1150 mm, 145.6450 mm): Rectangle of J_RELAY4 on F.Silkscreen
[silk_overlap]: Silkscreen clearance
    Rule: board setup constraints silk; warning
    @(29.3500 mm, 140.0900 mm): Rectangle of J_RELAY2 on F.Silkscreen
    @(40.1150 mm, 145.6450 mm): Rectangle of J_RELAY4 on F.Silkscreen
[silk_overlap]: Silkscreen clearance
    Rule: board setup constraints silk; warning
    @(28.4750 mm, 148.2250 mm): Reference field of K4
    @(17.2950 mm, 147.8650 mm): Segment of K3 on F.Silkscreen
[silk_overlap]: Silkscreen clearance
    Rule: board setup constraints silk; warning
    @(21.0050 mm, 143.1250 mm): Segment of K3 on F.Silkscreen
    @(21.9000 mm, 141.9000 mm): Segment of J_RELAY1 on F.Silkscreen
[silk_overlap]: Silkscreen clearance
    Rule: board setup constraints silk; warning
    @(22.0250 mm, 143.8850 mm): Segment of K3 on F.Silkscreen
    @(21.9000 mm, 141.9000 mm): Segment of J_RELAY1 on F.Silkscreen
[silk_overlap]: Silkscreen clearance
    Rule: board setup constraints silk; warning
    @(22.8100 mm, 140.9000 mm): Segment of J_RELAY1 on F.Silkscreen
    @(21.5150 mm, 141.3450 mm): Segment of K3 on F.Silkscreen
[silk_overlap]: Silkscreen clearance
    Rule: board setup constraints silk; warning
    @(17.2950 mm, 147.8650 mm): Segment of K3 on F.Silkscreen
    @(15.0800 mm, 140.9000 mm): Segment of J_RELAY1 on F.Silkscreen
[silk_overlap]: Silkscreen clearance
    Rule: board setup constraints silk; warning
    @(17.2950 mm, 147.8650 mm): Segment of K3 on F.Silkscreen
    @(6.2600 mm, 141.9000 mm): Segment of J_RELAY1 on F.Silkscreen
[silk_overlap]: Silkscreen clearance
    Rule: board setup constraints silk; warning
    @(21.0050 mm, 143.8850 mm): Segment of K3 on F.Silkscreen
    @(6.2600 mm, 141.9000 mm): Segment of J_RELAY1 on F.Silkscreen
[silk_overlap]: Silkscreen clearance
    Rule: board setup constraints silk; warning
    @(5.3500 mm, 140.0900 mm): Rectangle of J_RELAY1 on F.Silkscreen
    @(17.2950 mm, 147.8650 mm): Segment of K3 on F.Silkscreen
[silk_overlap]: Silkscreen clearance
    Rule: board setup constraints silk; warning
    @(5.3500 mm, 140.0900 mm): Rectangle of J_RELAY1 on F.Silkscreen
    @(21.5150 mm, 141.3450 mm): Segment of K3 on F.Silkscreen
[silk_overlap]: Silkscreen clearance
    Rule: board setup constraints silk; warning
    @(17.2950 mm, 147.8650 mm): Segment of K3 on F.Silkscreen
    @(19.1600 mm, 145.5500 mm): Arc of J_RELAY1 on F.Silkscreen
[silk_overlap]: Silkscreen clearance
    Rule: board setup constraints silk; warning
    @(17.2950 mm, 147.8650 mm): Segment of K3 on F.Silkscreen
    @(19.1600 mm, 145.5500 mm): Arc of J_RELAY1 on F.Silkscreen
[silk_overlap]: Silkscreen clearance
    Rule: board setup constraints silk; warning
    @(29.3500 mm, 140.0900 mm): Rectangle of J_RELAY2 on F.Silkscreen
    @(45.7650 mm, 141.6600 mm): Segment of J_RELAY3 on F.Silkscreen
[silk_overlap]: Silkscreen clearance
    Rule: board setup constraints silk; warning
    @(45.9000 mm, 141.9000 mm): Segment of J_RELAY2 on F.Silkscreen
    @(48.8450 mm, 144.5550 mm): Reference field of J_RELAY4
[silk_overlap]: Silkscreen clearance
    Rule: board setup constraints silk; warning
    @(29.3500 mm, 140.0900 mm): Rectangle of J_RELAY2 on F.Silkscreen
    @(48.8450 mm, 144.5550 mm): Reference field of J_RELAY4
[silk_overlap]: Silkscreen clearance
    Rule: board setup constraints silk; warning
    @(45.9000 mm, 141.9000 mm): Segment of J_RELAY2 on F.Silkscreen
    @(44.7650 mm, 146.4550 mm): Segment of J_RELAY4 on F.Silkscreen
[silk_overlap]: Silkscreen clearance
    Rule: board setup constraints silk; warning
    @(29.3500 mm, 140.0900 mm): Rectangle of J_RELAY2 on F.Silkscreen
    @(44.7650 mm, 146.4550 mm): Segment of J_RELAY4 on F.Silkscreen
[silk_overlap]: Silkscreen clearance
    Rule: board setup constraints silk; warning
    @(43.1600 mm, 145.5500 mm): Arc of J_RELAY2 on F.Silkscreen
    @(42.7650 mm, 145.6450 mm): Rectangle of J_RELAY4 on F.Silkscreen
[silk_overlap]: Silkscreen clearance
    Rule: board setup constraints silk; warning
    @(40.0800 mm, 147.2000 mm): Segment of J_RELAY2 on F.Silkscreen
    @(40.1150 mm, 145.6450 mm): Rectangle of J_RELAY4 on F.Silkscreen
[silk_overlap]: Silkscreen clearance
    Rule: board setup constraints silk; warning
    @(38.0800 mm, 145.5500 mm): Arc of J_RELAY2 on F.Silkscreen
    @(40.1150 mm, 145.6450 mm): Rectangle of J_RELAY4 on F.Silkscreen
[silk_overlap]: Silkscreen clearance
    Rule: board setup constraints silk; warning
    @(43.1600 mm, 145.5500 mm): Arc of J_RELAY2 on F.Silkscreen
    @(41.0250 mm, 147.4550 mm): Segment of J_RELAY4 on F.Silkscreen
[silk_overlap]: Silkscreen clearance
    Rule: board setup constraints silk; warning
    @(5.3500 mm, 140.0900 mm): Rectangle of J_RELAY1 on F.Silkscreen
    @(17.2950 mm, 147.8650 mm): Segment of K3 on F.Silkscreen
[silk_overlap]: Silkscreen clearance
    Rule: board setup constraints silk; warning
    @(29.3500 mm, 140.0900 mm): Rectangle of J_RELAY2 on F.Silkscreen
    @(17.2950 mm, 147.8650 mm): Segment of K3 on F.Silkscreen
[silk_overlap]: Silkscreen clearance
    Rule: board setup constraints silk; warning
    @(17.2950 mm, 147.8650 mm): Segment of K3 on F.Silkscreen
    @(33.0000 mm, 145.5500 mm): Arc of J_RELAY2 on F.Silkscreen
[silk_overlap]: Silkscreen clearance
    Rule: board setup constraints silk; warning
    @(17.2950 mm, 147.8650 mm): Segment of K3 on F.Silkscreen
    @(38.0800 mm, 145.5500 mm): Arc of J_RELAY2 on F.Silkscreen
[silk_overlap]: Silkscreen clearance
    Rule: board setup constraints silk; warning
    @(17.2950 mm, 149.4150 mm): Segment of K4 on F.Silkscreen
    @(33.0000 mm, 150.0000 mm): Reference field of J_RELAY2
[silk_overlap]: Silkscreen clearance
    Rule: board setup constraints silk; warning
    @(29.1350 mm, 142.3650 mm): Segment of K3 on F.Silkscreen
    @(30.2600 mm, 147.2000 mm): Segment of J_RELAY2 on F.Silkscreen
[silk_overlap]: Silkscreen clearance
    Rule: board setup constraints silk; warning
    @(29.1350 mm, 142.3650 mm): Segment of K3 on F.Silkscreen
    @(29.3500 mm, 140.0900 mm): Rectangle of J_RELAY2 on F.Silkscreen
[silk_overlap]: Silkscreen clearance
    Rule: board setup constraints silk; warning
    @(28.4750 mm, 148.2250 mm): Reference field of K4
    @(29.3500 mm, 140.0900 mm): Rectangle of J_RELAY2 on F.Silkscreen
[silk_overlap]: Silkscreen clearance
    Rule: board setup constraints silk; warning
    @(32.0000 mm, 140.0900 mm): Rectangle of J_RELAY2 on F.Silkscreen
    @(32.3100 mm, 142.3650 mm): Segment of K3 on F.Silkscreen
[silk_overlap]: Silkscreen clearance
    Rule: board setup constraints silk; warning
    @(34.0000 mm, 140.9000 mm): Segment of J_RELAY2 on F.Silkscreen
    @(32.3100 mm, 142.3650 mm): Segment of K3 on F.Silkscreen
[silk_overlap]: Silkscreen clearance
    Rule: board setup constraints silk; warning
    @(30.2600 mm, 141.9000 mm): Segment of J_RELAY2 on F.Silkscreen
    @(32.3100 mm, 142.3650 mm): Segment of K3 on F.Silkscreen
[silk_overlap]: Silkscreen clearance
    Rule: board setup constraints silk; warning
    @(29.3500 mm, 140.0900 mm): Rectangle of J_RELAY2 on F.Silkscreen
    @(32.3100 mm, 142.3650 mm): Segment of K3 on F.Silkscreen
[silk_overlap]: Silkscreen clearance
    Rule: board setup constraints silk; warning
    @(37.0800 mm, 140.0900 mm): Rectangle of J_RELAY2 on F.Silkscreen
    @(38.4350 mm, 147.8650 mm): Segment of K3 on F.Silkscreen
[silk_overlap]: Silkscreen clearance
    Rule: board setup constraints silk; warning
    @(32.3100 mm, 137.4600 mm): Segment of K2 on F.Silkscreen
    @(38.4350 mm, 147.8650 mm): Segment of K3 on F.Silkscreen
[silk_overlap]: Silkscreen clearance
    Rule: board setup constraints silk; warning
    @(30.2600 mm, 141.9000 mm): Segment of J_RELAY2 on F.Silkscreen
    @(38.4350 mm, 147.8650 mm): Segment of K3 on F.Silkscreen
[silk_overlap]: Silkscreen clearance
    Rule: board setup constraints silk; warning
    @(29.3500 mm, 140.0900 mm): Rectangle of J_RELAY2 on F.Silkscreen
    @(38.4350 mm, 147.8650 mm): Segment of K3 on F.Silkscreen
[silk_overlap]: Silkscreen clearance
    Rule: board setup constraints silk; warning
    @(34.0000 mm, 140.9000 mm): Segment of J_RELAY2 on F.Silkscreen
    @(34.2150 mm, 139.8250 mm): Segment of K3 on F.Silkscreen
[silk_overlap]: Silkscreen clearance
    Rule: board setup constraints silk; warning
    @(29.3500 mm, 140.0900 mm): Rectangle of J_RELAY2 on F.Silkscreen
    @(34.2150 mm, 139.8250 mm): Segment of K3 on F.Silkscreen
[silk_overlap]: Silkscreen clearance
    Rule: board setup constraints silk; warning
    @(41.0250 mm, 141.6600 mm): Segment of J_RELAY3 on F.Silkscreen
    @(39.0800 mm, 140.9000 mm): Segment of J_RELAY2 on F.Silkscreen
[silk_overlap]: Silkscreen clearance
    Rule: board setup constraints silk; warning
    @(32.3100 mm, 137.4600 mm): Segment of K2 on F.Silkscreen
    @(41.0250 mm, 141.6600 mm): Segment of J_RELAY3 on F.Silkscreen
[silk_overlap]: Silkscreen clearance
    Rule: board setup constraints silk; warning
    @(29.3500 mm, 140.0900 mm): Rectangle of J_RELAY2 on F.Silkscreen
    @(41.0250 mm, 141.6600 mm): Segment of J_RELAY3 on F.Silkscreen
[silk_overlap]: Silkscreen clearance
    Rule: board setup constraints silk; warning
    @(29.3500 mm, 140.0900 mm): Rectangle of J_RELAY2 on F.Silkscreen
    @(41.0250 mm, 147.4550 mm): Segment of J_RELAY4 on F.Silkscreen
[silk_overlap]: Silkscreen clearance
    Rule: board setup constraints silk; warning
    @(29.3500 mm, 140.0900 mm): Rectangle of J_RELAY2 on F.Silkscreen
    @(41.0250 mm, 152.7550 mm): Segment of J_RELAY4 on F.Silkscreen
[silk_overlap]: Silkscreen clearance
    Rule: board setup constraints silk; warning
    @(124.4379 mm, 113.2100 mm): Segment of R_BOOT1 on F.Silkscreen
    @(124.6650 mm, 113.7750 mm): Reference field of R_ENPU1
[silk_overlap]: Silkscreen clearance
    Rule: board setup constraints silk; warning
    @(124.4379 mm, 116.1600 mm): Segment of R_ENPU1 on F.Silkscreen
    @(124.6650 mm, 116.7250 mm): Reference field of R_LEDFLT1
[silk_overlap]: Silkscreen clearance
    Rule: board setup constraints silk; warning
    @(124.4379 mm, 119.1100 mm): Segment of R_LEDFLT1 on F.Silkscreen
    @(124.6650 mm, 119.6750 mm): Reference field of R_LINK1
[silk_overlap]: Silkscreen clearance
    Rule: board setup constraints silk; warning
    @(128.3100 mm, 116.3200 mm): Segment of K6 on F.Silkscreen
    @(124.6650 mm, 116.7250 mm): Reference field of R_LEDFLT1
[silk_overlap]: Silkscreen clearance
    Rule: board setup constraints silk; warning
    @(67.3100 mm, 116.3200 mm): Segment of K3 on F.Silkscreen
    @(64.5150 mm, 135.4150 mm): Reference field of R_RELAY_PD6
[silk_overlap]: Silkscreen clearance
    Rule: board setup constraints silk; warning
    @(67.3100 mm, 116.3200 mm): Segment of K3 on F.Silkscreen
    @(64.5150 mm, 132.9050 mm): Reference field of R_RELAY_PD5
[silk_overlap]: Silkscreen clearance
    Rule: board setup constraints silk; warning
    @(70.8100 mm, 140.9000 mm): Segment of J_RELAY3 on F.Silkscreen
    @(64.5150 mm, 140.4350 mm): Reference field of R_RELAY_PD8
[silk_overlap]: Silkscreen clearance
    Rule: board setup constraints silk; warning
    @(84.3550 mm, 157.2750 mm): Reference field of SW_RESET1
    @(89.5750 mm, 156.5150 mm): Reference field of J_PROG1
[silk_overlap]: Silkscreen clearance
    Rule: board setup constraints silk; warning
    @(88.1950 mm, 158.8950 mm): Segment of J_PROG1 on F.Silkscreen
    @(84.3550 mm, 157.2750 mm): Reference field of SW_RESET1
[silk_overlap]: Silkscreen clearance
    Rule: board setup constraints silk; warning
    @(95.1750 mm, 159.1700 mm): Reference field of D_LINK1
    @(93.4900 mm, 158.7400 mm): Segment of D_FLT1 on F.Silkscreen
[silk_overlap]: Silkscreen clearance
    Rule: board setup constraints silk; warning
    @(87.4350 mm, 150.6750 mm): Reference field of U_MCU1
    @(84.3550 mm, 152.9250 mm): Reference field of SW_BOOT1
[silk_overlap]: Silkscreen clearance
    Rule: board setup constraints silk; warning
    @(90.1050 mm, 153.0750 mm): Reference field of C_BULK2
    @(84.3550 mm, 152.9250 mm): Reference field of SW_BOOT1
[silk_overlap]: Silkscreen clearance
    Rule: board setup constraints silk; warning
    @(88.7350 mm, 133.2500 mm): Polygon of U_MCU1 on F.Silkscreen
    @(88.3500 mm, 133.2400 mm): Segment of K4 on F.Silkscreen
[silk_overlap]: Silkscreen clearance
    Rule: board setup constraints silk; warning
    @(88.7350 mm, 126.3750 mm): Segment of U_MCU1 on F.Silkscreen
    @(104.3100 mm, 116.3200 mm): Segment of K5 on F.Silkscreen
[silk_overlap]: Silkscreen clearance
    Rule: board setup constraints silk; warning
    @(88.7350 mm, 126.3750 mm): Segment of U_MCU1 on F.Silkscreen
    @(91.3100 mm, 116.3200 mm): Segment of K4 on F.Silkscreen
[silk_overlap]: Silkscreen clearance
    Rule: board setup constraints silk; warning
    @(79.4250 mm, 155.5850 mm): Reference field of C_DEC7
    @(75.4150 mm, 155.5850 mm): Reference field of C_DEC2
[silk_overlap]: Silkscreen clearance
    Rule: board setup constraints silk; warning
    @(79.2844 mm, 155.0150 mm): Segment of C_DEC6 on F.Silkscreen
    @(79.4250 mm, 155.5850 mm): Reference field of C_DEC7
[silk_overlap]: Silkscreen clearance
    Rule: board setup constraints silk; warning
    @(79.4250 mm, 153.0750 mm): Reference field of C_DEC6
    @(84.3550 mm, 152.9250 mm): Reference field of SW_BOOT1
[silk_overlap]: Silkscreen clearance
    Rule: board setup constraints silk; warning
    @(79.2844 mm, 157.5250 mm): Segment of C_DEC7 on F.Silkscreen
    @(79.4250 mm, 158.0950 mm): Reference field of C_DEC8
[silk_overlap]: Silkscreen clearance
    Rule: board setup constraints silk; warning
    @(84.3550 mm, 157.2750 mm): Reference field of SW_RESET1
    @(79.4250 mm, 158.0950 mm): Reference field of C_DEC8
[silk_overlap]: Silkscreen clearance
    Rule: board setup constraints silk; warning
    @(79.4250 mm, 160.6050 mm): Reference field of C_DEC9
    @(75.4150 mm, 160.6050 mm): Reference field of C_DEC4
[silk_overlap]: Silkscreen clearance
    Rule: board setup constraints silk; warning
    @(79.2844 mm, 160.0350 mm): Segment of C_DEC8 on F.Silkscreen
    @(79.4250 mm, 160.6050 mm): Reference field of C_DEC9
[silk_overlap]: Silkscreen clearance
    Rule: board setup constraints silk; warning
    @(82.7050 mm, 156.8250 mm): Segment of SW_BOOT1 on F.Silkscreen
    @(84.3550 mm, 157.2750 mm): Reference field of SW_RESET1
[silk_overlap]: Silkscreen clearance
    Rule: board setup constraints silk; warning
    @(124.6650 mm, 122.6250 mm): Reference field of R_PWR1
    @(124.4379 mm, 122.0600 mm): Segment of R_LINK1 on F.Silkscreen
[silk_overlap]: Silkscreen clearance
    Rule: board setup constraints silk; warning
    @(124.6650 mm, 125.5750 mm): Reference field of R_SETUP1
    @(124.4379 mm, 125.0100 mm): Segment of R_PWR1 on F.Silkscreen
[silk_overlap]: Silkscreen clearance
    Rule: board setup constraints silk; warning
    @(75.2744 mm, 160.0350 mm): Segment of C_DEC3 on F.Silkscreen
    @(75.4150 mm, 160.6050 mm): Reference field of C_DEC4
[silk_overlap]: Silkscreen clearance
    Rule: board setup constraints silk; warning
    @(75.2744 mm, 157.5250 mm): Segment of C_DEC2 on F.Silkscreen
    @(75.4150 mm, 158.0950 mm): Reference field of C_DEC3
[silk_overlap]: Silkscreen clearance
    Rule: board setup constraints silk; warning
    @(75.4150 mm, 158.0950 mm): Reference field of C_DEC3
    @(79.4250 mm, 158.0950 mm): Reference field of C_DEC8
[silk_overlap]: Silkscreen clearance
    Rule: board setup constraints silk; warning
    @(95.1750 mm, 156.1300 mm): Reference field of D_FLT1
    @(94.8937 mm, 155.4900 mm): Segment of C_EN1 on F.Silkscreen
[silk_overlap]: Silkscreen clearance
    Rule: board setup constraints silk; warning
    @(90.1050 mm, 153.0750 mm): Reference field of C_BULK2
    @(95.1550 mm, 153.0750 mm): Reference field of C_EN1
[silk_overlap]: Silkscreen clearance
    Rule: board setup constraints silk; warning
    @(89.3937 mm, 155.8350 mm): Segment of C_BULK2 on F.Silkscreen
    @(89.5750 mm, 156.5150 mm): Reference field of J_PROG1
[silk_overlap]: Silkscreen clearance
    Rule: board setup constraints silk; warning
    @(87.4350 mm, 150.6750 mm): Reference field of U_MCU1
    @(90.1050 mm, 153.0750 mm): Reference field of C_BULK2
[silk_overlap]: Silkscreen clearance
    Rule: board setup constraints silk; warning
    @(87.4350 mm, 150.6750 mm): Reference field of U_MCU1
    @(77.3500 mm, 140.0900 mm): Rectangle of J_RELAY4 on F.Silkscreen
[silk_overlap]: Silkscreen clearance
    Rule: board setup constraints silk; warning
    @(79.4250 mm, 153.0750 mm): Reference field of C_DEC6
    @(75.4150 mm, 153.0750 mm): Reference field of C_DEC1
[silk_overlap]: Silkscreen clearance
    Rule: board setup constraints silk; warning
    @(75.4150 mm, 155.5850 mm): Reference field of C_DEC2
    @(75.2744 mm, 155.0150 mm): Segment of C_DEC1 on F.Silkscreen
[silk_overlap]: Silkscreen clearance
    Rule: board setup constraints silk; warning
    @(60.5050 mm, 135.4150 mm): Reference field of R_EXP_RESET1
    @(64.5150 mm, 135.4150 mm): Reference field of R_RELAY_PD6

** Found 499 unconnected pads **
[unconnected_items]: Missing connection between items
    Local override; error
    @(104.0000 mm, 59.0000 mm): Pad 1 [/Sensors & LORA/net_LORA_RST] of TP_LORARST1 on F.Cu
    @(113.4675 mm, 175.6750 mm): Pad 2 [/Sensors & LORA/net_LORA_RST] of R_LORARST1 on F.Cu
[unconnected_items]: Missing connection between items
    Local override; error
    @(113.1550 mm, 197.8650 mm): Pad 22 [/Sensors & LORA/net_LORA_RST] of U_LORA1 on F.Cu
    @(117.1050 mm, 188.3750 mm): Pad 1 [/Sensors & LORA/net_LORA_RST] of TP_LORARST1 on F.Cu
[unconnected_items]: Missing connection between items
    Local override; error
    @(117.1050 mm, 188.3750 mm): Pad 1 [/Sensors & LORA/net_LORA_RST] of TP_LORARST1 on F.Cu
    @(113.4675 mm, 175.6750 mm): Pad 2 [/Sensors & LORA/net_LORA_RST] of R_LORARST1 on F.Cu
[unconnected_items]: Missing connection between items
    Local override; error
    @(43.7650 mm, 183.8400 mm): PTH pad 1 [/Motor Valve/RLY7_COM] of J_RELAY7
    @(29.1350 mm, 196.3750 mm): PTH pad 2 [/Motor Valve/RLY7_COM] of K7
[unconnected_items]: Missing connection between items
    Local override; error
    @(151.0000 mm, 131.1600 mm): Track [/Motor Valve/RLY7_COM] on F.Cu, length 11.8400 mm
    @(43.7650 mm, 183.8400 mm): PTH pad 1 [/Motor Valve/RLY7_COM] of J_RELAY7
[unconnected_items]: Missing connection between items
    Local override; error
    @(48.8450 mm, 183.8400 mm): PTH pad 2 [/Motor Valve/RLY7_NO] of J_RELAY7
    @(36.7550 mm, 196.3750 mm): PTH pad 3 [/Motor Valve/RLY7_NO] of K7
[unconnected_items]: Missing connection between items
    Local override; error
    @(154.0000 mm, 135.7800 mm): Track [/Motor Valve/RLY7_NO] on F.Cu, length 5.7700 mm
    @(48.8450 mm, 183.8400 mm): PTH pad 2 [/Motor Valve/RLY7_NO] of J_RELAY7
[unconnected_items]: Missing connection between items
    Local override; error
    @(34.2150 mm, 188.7550 mm): PTH pad 4 [/Motor Valve/RLY7_NC] of K7
    @(53.9250 mm, 183.8400 mm): PTH pad 3 [/Motor Valve/RLY7_NC] of J_RELAY7
[unconnected_items]: Missing connection between items
    Local override; error
    @(53.9250 mm, 183.8400 mm): PTH pad 3 [/Motor Valve/RLY7_NC] of J_RELAY7
    @(164.1600 mm, 143.9000 mm): Track [/Motor Valve/RLY7_NC] on F.Cu, length 1.4866 mm
[unconnected_items]: Missing connection between items
    Local override; error
    @(22.2700 mm, 249.9550 mm): PTH pad 2 [+5V] of U_ISODCDC1
    @(47.3000 mm, 242.0950 mm): Pad 1 [+5V] of C_ISOBULK1 on F.Cu
[unconnected_items]: Missing connection between items
    Local override; error
    @(47.1800 mm, 217.1650 mm): Pad 1 [+5V] of C_ISOIN1 on F.Cu
    @(47.3000 mm, 242.0950 mm): Pad 1 [+5V] of C_ISOBULK1 on F.Cu
[unconnected_items]: Missing connection between items
    Local override; error
    @(47.1800 mm, 217.1650 mm): Pad 1 [+5V] of C_ISOIN1 on F.Cu
    @(149.9700 mm, 200.2950 mm): Pad 1 [+5V] of C_OUT2 on F.Cu
[unconnected_items]: Missing connection between items
    Local override; error
    @(143.0000 mm, 87.4750 mm): Track [+5V] on F.Cu, length 1.5250 mm
    @(148.9500 mm, 171.1600 mm): PTH pad 3 [+5V] of U2
[unconnected_items]: Missing connection between items
    Local override; error
    @(149.9700 mm, 200.2950 mm): Pad 1 [+5V] of C_OUT2 on F.Cu
    @(154.9550 mm, 178.4250 mm): Pad 1 [+5V] of TP_5V1 on F.Cu
[unconnected_items]: Missing connection between items
    Local override; error
    @(154.9550 mm, 178.4250 mm): Pad 1 [+5V] of TP_5V1 on F.Cu
    @(148.9500 mm, 171.1600 mm): PTH pad 3 [+5V] of U2
[unconnected_items]: Missing connection between items
    Local override; error
    @(19.7300 mm, 249.9550 mm): PTH pad 1 [GND] of U_ISODCDC1
    @(47.7550 mm, 238.9450 mm): Pad 8 [GND] of U_ISO1 on F.Cu
[unconnected_items]: Missing connection between items
    Local override; error
    @(47.7550 mm, 233.8650 mm): Pad 4 [GND] of U_ISO1 on F.Cu
    @(47.7550 mm, 235.1350 mm): Pad 5 [GND] of U_ISO1 on F.Cu
[unconnected_items]: Missing connection between items
    Local override; error
    @(47.7550 mm, 235.1350 mm): Pad 5 [GND] of U_ISO1 on F.Cu
    @(47.7550 mm, 236.4050 mm): Pad 6 [GND] of U_ISO1 on F.Cu
[unconnected_items]: Missing connection between items
    Local override; error
    @(47.7550 mm, 236.4050 mm): Pad 6 [GND] of U_ISO1 on F.Cu
    @(47.7550 mm, 238.9450 mm): Pad 8 [GND] of U_ISO1 on F.Cu
[unconnected_items]: Missing connection between items
    Local override; error
    @(48.7300 mm, 217.1650 mm): Pad 2 [GND] of C_ISOIN1 on F.Cu
    @(48.7300 mm, 214.6550 mm): Pad 2 [GND] of C_ISODEC1 on F.Cu
[unconnected_items]: Missing connection between items
    Local override; error
    @(48.7300 mm, 217.1650 mm): Pad 2 [GND] of C_ISOIN1 on F.Cu
    @(48.7800 mm, 227.2050 mm): Pad 2 [GND] of R_RSDE1 on F.Cu
[unconnected_items]: Missing connection between items
    Local override; error
    @(48.7800 mm, 227.2050 mm): Pad 2 [GND] of R_RSDE1 on F.Cu
    @(47.7550 mm, 233.8650 mm): Pad 4 [GND] of U_ISO1 on F.Cu
[unconnected_items]: Missing connection between items
    Local override; error
    @(50.2500 mm, 242.0950 mm): Pad 2 [GND] of C_ISOBULK1 on F.Cu
    @(47.7550 mm, 238.9450 mm): Pad 8 [GND] of U_ISO1 on F.Cu
[unconnected_items]: Missing connection between items
    Local override; error
    @(60.3050 mm, 124.0250 mm): Pad 10 [GND] of U_VALVEEXP1 on F.Cu
    @(61.2800 mm, 131.8250 mm): Pad 2 [GND] of C_EXP1 on F.Cu
[unconnected_items]: Missing connection between items
    Local override; error
    @(60.3050 mm, 124.0250 mm): Pad 10 [GND] of U_VALVEEXP1 on F.Cu
    @(52.5400 mm, 108.0000 mm): PTH pad 2 [GND] of JP_IGND5
[unconnected_items]: Missing connection between items
    Local override; error
    @(60.3050 mm, 157.3800 mm): Pad 9 [GND] of U_RELAY1 on F.Cu
    @(63.8102 mm, 162.7750 mm): PTH pad 2 [GND] of C_RELAYBULK1
[unconnected_items]: Missing connection between items
    Local override; error
    @(61.2800 mm, 131.8250 mm): Pad 2 [GND] of C_EXP1 on F.Cu
    @(61.2800 mm, 134.3350 mm): Pad 2 [GND] of C_RELAY1 on F.Cu
[unconnected_items]: Missing connection between items
    Local override; error
    @(61.3300 mm, 141.8650 mm): Pad 2 [GND] of R_RELAY_PD2 on F.Cu
    @(61.3300 mm, 139.3550 mm): Pad 2 [GND] of R_RELAY_PD1 on F.Cu
[unconnected_items]: Missing connection between items
    Local override; error
    @(61.3300 mm, 144.3750 mm): Pad 2 [GND] of R_RELAY_PD3 on F.Cu
    @(61.3300 mm, 141.8650 mm): Pad 2 [GND] of R_RELAY_PD2 on F.Cu
[unconnected_items]: Missing connection between items
    Local override; error
    @(61.3300 mm, 144.3750 mm): Pad 2 [GND] of R_RELAY_PD3 on F.Cu
    @(60.3050 mm, 157.3800 mm): Pad 9 [GND] of U_RELAY1 on F.Cu
[unconnected_items]: Missing connection between items
    Local override; error
    @(65.3400 mm, 131.8250 mm): Pad 2 [GND] of R_RELAY_PD4 on F.Cu
    @(65.3400 mm, 134.3350 mm): Pad 2 [GND] of R_RELAY_PD5 on F.Cu
[unconnected_items]: Missing connection between items
    Local override; error
    @(65.3400 mm, 134.3350 mm): Pad 2 [GND] of R_RELAY_PD5 on F.Cu
    @(65.3400 mm, 136.8450 mm): Pad 2 [GND] of R_RELAY_PD6 on F.Cu
[unconnected_items]: Missing connection between items
    Local override; error
    @(65.3400 mm, 134.3350 mm): Pad 2 [GND] of R_RELAY_PD5 on F.Cu
    @(61.2800 mm, 134.3350 mm): Pad 2 [GND] of C_RELAY1 on F.Cu
[unconnected_items]: Missing connection between items
    Local override; error
    @(65.3400 mm, 136.8450 mm): Pad 2 [GND] of R_RELAY_PD6 on F.Cu
    @(65.3400 mm, 139.3550 mm): Pad 2 [GND] of R_RELAY_PD7 on F.Cu
[unconnected_items]: Missing connection between items
    Local override; error
    @(65.3400 mm, 139.3550 mm): Pad 2 [GND] of R_RELAY_PD7 on F.Cu
    @(65.3400 mm, 141.8650 mm): Pad 2 [GND] of R_RELAY_PD8 on F.Cu
[unconnected_items]: Missing connection between items
    Local override; error
    @(65.3400 mm, 139.3550 mm): Pad 2 [GND] of R_RELAY_PD7 on F.Cu
    @(61.3300 mm, 139.3550 mm): Pad 2 [GND] of R_RELAY_PD1 on F.Cu
[unconnected_items]: Missing connection between items
    Local override; error
    @(69.6050 mm, 127.8350 mm): Pad 16 [GND] of U_VALVEEXP1 on F.Cu
    @(69.6050 mm, 126.5650 mm): Pad 17 [GND] of U_VALVEEXP1 on F.Cu
[unconnected_items]: Missing connection between items
    Local override; error
    @(69.6050 mm, 129.1050 mm): Pad 15 [GND] of U_VALVEEXP1 on F.Cu
    @(69.6050 mm, 127.8350 mm): Pad 16 [GND] of U_VALVEEXP1 on F.Cu
[unconnected_items]: Missing connection between items
    Local override; error
    @(69.6050 mm, 129.1050 mm): Pad 15 [GND] of U_VALVEEXP1 on F.Cu
    @(65.3400 mm, 131.8250 mm): Pad 2 [GND] of R_RELAY_PD4 on F.Cu
[unconnected_items]: Missing connection between items
    Local override; error
    @(74.9275 mm, 193.8250 mm): Pad 1 [GND] of D_CLHI1 on F.Cu
    @(74.9275 mm, 198.2750 mm): Pad 1 [GND] of D_CLHI2 on F.Cu
[unconnected_items]: Missing connection between items
    Local override; error
    @(74.9275 mm, 202.7250 mm): Pad 1 [GND] of D_CLHI3 on F.Cu
    @(74.9275 mm, 207.1750 mm): Pad 1 [GND] of D_CLHI4 on F.Cu
[unconnected_items]: Missing connection between items
    Local override; error
    @(74.9275 mm, 202.7250 mm): Pad 1 [GND] of D_CLHI3 on F.Cu
    @(74.9275 mm, 198.2750 mm): Pad 1 [GND] of D_CLHI2 on F.Cu
[unconnected_items]: Missing connection between items
    Local override; error
    @(74.9275 mm, 211.6250 mm): Pad 1 [GND] of D_CLHI5 on F.Cu
    @(74.9275 mm, 207.1750 mm): Pad 1 [GND] of D_CLHI4 on F.Cu
[unconnected_items]: Missing connection between items
    Local override; error
    @(74.9275 mm, 211.6250 mm): Pad 1 [GND] of D_CLHI5 on F.Cu
    @(74.9275 mm, 216.0750 mm): Pad 1 [GND] of D_CLHI6 on F.Cu
[unconnected_items]: Missing connection between items
    Local override; error
    @(74.9275 mm, 216.0750 mm): Pad 1 [GND] of D_CLHI6 on F.Cu
    @(48.7300 mm, 217.1650 mm): Pad 2 [GND] of C_ISOIN1 on F.Cu
[unconnected_items]: Missing connection between items
    Local override; error
    @(76.1900 mm, 154.5050 mm): Pad 2 [GND] of C_DEC1 on F.Cu
    @(76.1900 mm, 157.0150 mm): Pad 2 [GND] of C_DEC2 on F.Cu
[unconnected_items]: Missing connection between items
    Local override; error
    @(76.1900 mm, 159.5250 mm): Pad 2 [GND] of C_DEC3 on F.Cu
    @(76.1900 mm, 157.0150 mm): Pad 2 [GND] of C_DEC2 on F.Cu
[unconnected_items]: Missing connection between items
    Local override; error
    @(76.1900 mm, 162.0350 mm): Pad 2 [GND] of C_DEC4 on F.Cu
    @(76.1900 mm, 159.5250 mm): Pad 2 [GND] of C_DEC3 on F.Cu
[unconnected_items]: Missing connection between items
    Local override; error
    @(76.1900 mm, 162.0350 mm): Pad 2 [GND] of C_DEC4 on F.Cu
    @(63.8102 mm, 162.7750 mm): PTH pad 2 [GND] of C_RELAYBULK1
[unconnected_items]: Missing connection between items
    Local override; error
    @(76.1900 mm, 164.5450 mm): Pad 2 [GND] of C_DEC5 on F.Cu
    @(76.1900 mm, 162.0350 mm): Pad 2 [GND] of C_DEC4 on F.Cu
[unconnected_items]: Missing connection between items
    Local override; error
    @(76.1900 mm, 164.5450 mm): Pad 2 [GND] of C_DEC5 on F.Cu
    @(80.2000 mm, 164.5450 mm): Pad 2 [GND] of C_DEC10 on F.Cu
[unconnected_items]: Missing connection between items
    Local override; error
    @(76.1900 mm, 164.5450 mm): Pad 2 [GND] of C_DEC5 on F.Cu
    @(76.9750 mm, 174.5350 mm): PTH pad 1 [GND] of J_SENSOR_RET1
[unconnected_items]: Missing connection between items
    Local override; error
    @(80.2000 mm, 154.5050 mm): Pad 2 [GND] of C_DEC6 on F.Cu
    @(80.2000 mm, 157.0150 mm): Pad 2 [GND] of C_DEC7 on F.Cu
[unconnected_items]: Missing connection between items
    Local override; error
    @(80.2000 mm, 157.0150 mm): Pad 2 [GND] of C_DEC7 on F.Cu
    @(80.2000 mm, 159.5250 mm): Pad 2 [GND] of C_DEC8 on F.Cu
[unconnected_items]: Missing connection between items
    Local override; error
    @(80.2000 mm, 159.5250 mm): Pad 2 [GND] of C_DEC8 on F.Cu
    @(80.2000 mm, 162.0350 mm): Pad 2 [GND] of C_DEC9 on F.Cu
[unconnected_items]: Missing connection between items
    Local override; error
    @(80.2000 mm, 164.5450 mm): Pad 2 [GND] of C_DEC10 on F.Cu
    @(80.2000 mm, 162.0350 mm): Pad 2 [GND] of C_DEC9 on F.Cu
[unconnected_items]: Missing connection between items
    Local override; error
    @(80.6150 mm, 197.3850 mm): PTH pad 2 [GND] of JP_IGND1
    @(74.9275 mm, 198.2750 mm): Pad 1 [GND] of D_CLHI2 on F.Cu
[unconnected_items]: Missing connection between items
    Local override; error
    @(80.6150 mm, 204.5250 mm): PTH pad 2 [GND] of JP_IGND5
    @(85.2050 mm, 204.5250 mm): PTH pad 2 [GND] of JP_IGND6
[unconnected_items]: Missing connection between items
    Local override; error
    @(80.6150 mm, 204.5250 mm): PTH pad 2 [GND] of JP_IGND5
    @(74.9275 mm, 202.7250 mm): Pad 1 [GND] of D_CLHI3 on F.Cu
[unconnected_items]: Missing connection between items
    Local override; error
    @(82.0550 mm, 174.5350 mm): PTH pad 2 [GND] of J_SENSOR_RET1
    @(76.9750 mm, 174.5350 mm): PTH pad 1 [GND] of J_SENSOR_RET1
[unconnected_items]: Missing connection between items
    Local override; error
    @(85.2050 mm, 197.3850 mm): PTH pad 2 [GND] of JP_IGND2
    @(80.6150 mm, 197.3850 mm): PTH pad 2 [GND] of JP_IGND1
[unconnected_items]: Missing connection between items
    Local override; error
    @(86.0550 mm, 155.4250 mm): Pad 2 [GND] of SW_BOOT1 on F.Cu
    @(86.0550 mm, 159.7750 mm): Pad 2 [GND] of SW_RESET1 on F.Cu
[unconnected_items]: Missing connection between items
    Local override; error
    @(86.0550 mm, 159.7750 mm): Pad 2 [GND] of SW_RESET1 on F.Cu
    @(80.2000 mm, 159.5250 mm): Pad 2 [GND] of C_DEC8 on F.Cu
[unconnected_items]: Missing connection between items
    Local override; error
    @(86.0550 mm, 164.1250 mm): Pad 2 [GND] of SW_SETUP1 on F.Cu
    @(86.0550 mm, 159.7750 mm): Pad 2 [GND] of SW_RESET1 on F.Cu
[unconnected_items]: Missing connection between items
    Local override; error
    @(87.1350 mm, 174.5350 mm): PTH pad 3 [GND] of J_SENSOR_RET1
    @(82.0550 mm, 174.5350 mm): PTH pad 2 [GND] of J_SENSOR_RET1
[unconnected_items]: Missing connection between items
    Local override; error
    @(89.5750 mm, 163.9750 mm): PTH pad 3 [GND] of J_PROG1
    @(86.0550 mm, 164.1250 mm): Pad 2 [GND] of SW_SETUP1 on F.Cu
[unconnected_items]: Missing connection between items
    Local override; error
    @(89.7950 mm, 197.3850 mm): PTH pad 2 [GND] of JP_IGND3
    @(85.2050 mm, 197.3850 mm): PTH pad 2 [GND] of JP_IGND2
[unconnected_items]: Missing connection between items
    Local override; error
    @(92.2150 mm, 174.5350 mm): PTH pad 4 [GND] of J_SENSOR_RET1
    @(87.1350 mm, 174.5350 mm): PTH pad 3 [GND] of J_SENSOR_RET1
[unconnected_items]: Missing connection between items
    Local override; error
    @(94.2375 mm, 157.7800 mm): Pad 1 [GND] of D_FLT1 on F.Cu
    @(96.1050 mm, 154.7550 mm): Pad 2 [GND] of C_EN1 on F.Cu
[unconnected_items]: Missing connection between items
    Local override; error
    @(94.2375 mm, 157.7800 mm): Pad 1 [GND] of D_FLT1 on F.Cu
    @(91.5800 mm, 154.9250 mm): Pad 2 [GND] of C_BULK2 on F.Cu
[unconnected_items]: Missing connection between items
    Local override; error
    @(94.2375 mm, 160.8200 mm): Pad 1 [GND] of D_LINK1 on F.Cu
    @(94.2375 mm, 157.7800 mm): Pad 1 [GND] of D_FLT1 on F.Cu
[unconnected_items]: Missing connection between items
    Local override; error
    @(94.2375 mm, 163.8600 mm): Pad 1 [GND] of D_PWR1 on F.Cu
    @(94.2375 mm, 160.8200 mm): Pad 1 [GND] of D_LINK1 on F.Cu
[unconnected_items]: Missing connection between items
    Local override; error
    @(94.2375 mm, 163.8600 mm): Pad 1 [GND] of D_PWR1 on F.Cu
    @(89.5750 mm, 163.9750 mm): PTH pad 3 [GND] of J_PROG1
[unconnected_items]: Missing connection between items
    Local override; error
    @(94.3850 mm, 197.3850 mm): PTH pad 2 [GND] of JP_IGND4
    @(89.7950 mm, 197.3850 mm): PTH pad 2 [GND] of JP_IGND3
[unconnected_items]: Missing connection between items
    Local override; error
    @(94.3850 mm, 197.3850 mm): PTH pad 2 [GND] of JP_IGND4
    @(98.3550 mm, 205.8650 mm): Pad 11 [GND] of U_LORA1 on F.Cu
[unconnected_items]: Missing connection between items
    Local override; error
    @(95.7350 mm, 140.3350 mm): PTH pad 41 [GND] of U_MCU1
    @(89.1850 mm, 134.0150 mm): Pad 1 [GND] of U_MCU1 on F.Cu
[unconnected_items]: Missing connection between items
    Local override; error
    @(96.1050 mm, 154.7550 mm): Pad 2 [GND] of C_EN1 on F.Cu
    @(95.7350 mm, 143.1350 mm): PTH pad 41 [GND] of U_MCU1
[unconnected_items]: Missing connection between items
    Local override; error
    @(97.2950 mm, 174.5350 mm): PTH pad 5 [GND] of J_SENSOR_RET1
    @(102.3750 mm, 174.5350 mm): PTH pad 6 [GND] of J_SENSOR_RET1
[unconnected_items]: Missing connection between items
    Local override; error
    @(97.2950 mm, 174.5350 mm): PTH pad 5 [GND] of J_SENSOR_RET1
    @(92.2150 mm, 174.5350 mm): PTH pad 4 [GND] of J_SENSOR_RET1
[unconnected_items]: Missing connection between items
    Local override; error
    @(97.8350 mm, 141.0350 mm): PTH pad 41 [GND] of U_MCU1
    @(106.6850 mm, 134.0150 mm): Pad 40 [GND] of U_MCU1 on F.Cu
[unconnected_items]: Missing connection between items
    Local override; error
    @(102.3750 mm, 174.5350 mm): PTH pad 6 [GND] of J_SENSOR_RET1
    @(113.4675 mm, 172.7250 mm): Pad 2 [GND] of R_LORABOOT1 on F.Cu
[unconnected_items]: Missing connection between items
    Local override; error
    @(106.2550 mm, 194.2150 mm): Pad 28 [GND] of U_LORA1 on F.Cu
    @(94.3850 mm, 197.3850 mm): PTH pad 2 [GND] of JP_IGND4
[unconnected_items]: Missing connection between items
    Local override; error
    @(108.0950 mm, 190.2850 mm): PTH pad 2 [GND] of J_LORASMA1
    @(106.2550 mm, 194.2150 mm): Pad 28 [GND] of U_LORA1 on F.Cu
[unconnected_items]: Missing connection between items
    Local override; error
    @(108.0950 mm, 190.2850 mm): PTH pad 2 [GND] of J_LORASMA1
    @(108.0950 mm, 185.2050 mm): PTH pad 2 [GND] of J_LORASMA1
[unconnected_items]: Missing connection between items
    Local override; error
    @(113.1550 mm, 205.8650 mm): Pad 18 [GND] of U_LORA1 on F.Cu
    @(113.1550 mm, 206.8650 mm): Pad 17 [GND] of U_LORA1 on F.Cu
[unconnected_items]: Missing connection between items
    Local override; error
    @(113.1750 mm, 185.2050 mm): PTH pad 2 [GND] of J_LORASMA1
    @(113.1750 mm, 190.2850 mm): PTH pad 2 [GND] of J_LORASMA1
[unconnected_items]: Missing connection between items
    Local override; error
    @(113.1750 mm, 190.2850 mm): PTH pad 2 [GND] of J_LORASMA1
    @(108.0950 mm, 190.2850 mm): PTH pad 2 [GND] of J_LORASMA1
[unconnected_items]: Missing connection between items
    Local override; error
    @(113.1750 mm, 190.2850 mm): PTH pad 2 [GND] of J_LORASMA1
    @(117.6000 mm, 193.8050 mm): Pad 2 [GND] of C_FILT1 on F.Cu
[unconnected_items]: Missing connection between items
    Local override; error
    @(113.4675 mm, 172.7250 mm): Pad 2 [GND] of R_LORABOOT1 on F.Cu
    @(122.2875 mm, 172.7250 mm): Pad 2 [GND] of R_VBOT3 on F.Cu
[unconnected_items]: Missing connection between items
    Local override; error
    @(117.6000 mm, 196.3150 mm): Pad 2 [GND] of C_FILT2 on F.Cu
    @(117.6000 mm, 193.8050 mm): Pad 2 [GND] of C_FILT1 on F.Cu
[unconnected_items]: Missing connection between items
    Local override; error
    @(117.6000 mm, 196.3150 mm): Pad 2 [GND] of C_FILT2 on F.Cu
    @(113.1550 mm, 196.8650 mm): Pad 23 [GND] of U_LORA1 on F.Cu
[unconnected_items]: Missing connection between items
    Local override; error
    @(117.6000 mm, 198.8250 mm): Pad 2 [GND] of C_FILT3 on F.Cu
    @(117.6000 mm, 196.3150 mm): Pad 2 [GND] of C_FILT2 on F.Cu
[unconnected_items]: Missing connection between items
    Local override; error
    @(117.6000 mm, 201.3350 mm): Pad 2 [GND] of C_FILT4 on F.Cu
    @(117.6000 mm, 203.8450 mm): Pad 2 [GND] of C_FILT5 on F.Cu
[unconnected_items]: Missing connection between items
    Local override; error
    @(117.6000 mm, 201.3350 mm): Pad 2 [GND] of C_FILT4 on F.Cu
    @(117.6000 mm, 198.8250 mm): Pad 2 [GND] of C_FILT3 on F.Cu
[unconnected_items]: Missing connection between items
    Local override; error
    @(117.6000 mm, 203.8450 mm): Pad 2 [GND] of C_FILT5 on F.Cu
    @(117.6000 mm, 206.3550 mm): Pad 2 [GND] of C_FILT6 on F.Cu
[unconnected_items]: Missing connection between items
    Local override; error
    @(117.6000 mm, 206.3550 mm): Pad 2 [GND] of C_FILT6 on F.Cu
    @(113.1550 mm, 205.8650 mm): Pad 18 [GND] of U_LORA1 on F.Cu
[unconnected_items]: Missing connection between items
    Local override; error
    @(117.8775 mm, 181.5750 mm): Pad 2 [GND] of R_VBOT1 on F.Cu
    @(113.1750 mm, 185.2050 mm): PTH pad 2 [GND] of J_LORASMA1
[unconnected_items]: Missing connection between items
    Local override; error
    @(122.2875 mm, 172.7250 mm): Pad 2 [GND] of R_VBOT3 on F.Cu
    @(122.2875 mm, 169.7750 mm): Pad 2 [GND] of R_VBOT2 on F.Cu
[unconnected_items]: Missing connection between items
    Local override; error
    @(122.2875 mm, 172.7250 mm): Pad 2 [GND] of R_VBOT3 on F.Cu
    @(122.2875 mm, 175.6750 mm): Pad 2 [GND] of R_VBOT4 on F.Cu
[unconnected_items]: Missing connection between items
    Local override; error
    @(122.2875 mm, 175.6750 mm): Pad 2 [GND] of R_VBOT4 on F.Cu
    @(122.2875 mm, 178.6250 mm): Pad 2 [GND] of R_VBOT5 on F.Cu
[unconnected_items]: Missing connection between items
    Local override; error
    @(122.2875 mm, 181.5750 mm): Pad 2 [GND] of R_VBOT6 on F.Cu
    @(122.2875 mm, 178.6250 mm): Pad 2 [GND] of R_VBOT5 on F.Cu
[unconnected_items]: Missing connection between items
    Local override; error
    @(122.2875 mm, 181.5750 mm): Pad 2 [GND] of R_VBOT6 on F.Cu
    @(117.8775 mm, 181.5750 mm): Pad 2 [GND] of R_VBOT1 on F.Cu
[unconnected_items]: Missing connection between items
    Local override; error
    @(127.1050 mm, 192.6700 mm): PTH pad SH [GND] of J_USB1
    @(128.2250 mm, 191.9950 mm): Pad B12 [GND] of J_USB1 on F.Cu
[unconnected_items]: Missing connection between items
    Local override; error
    @(127.1050 mm, 192.6700 mm): PTH pad SH [GND] of J_USB1
    @(127.1050 mm, 196.8500 mm): PTH pad SH [GND] of J_USB1
[unconnected_items]: Missing connection between items
    Local override; error
    @(127.1050 mm, 196.8500 mm): PTH pad SH [GND] of J_USB1
    @(117.6000 mm, 196.3150 mm): Pad 2 [GND] of C_FILT2 on F.Cu
[unconnected_items]: Missing connection between items
    Local override; error
    @(134.6250 mm, 191.9950 mm): Pad A12 [GND] of J_USB1 on F.Cu
    @(135.2250 mm, 185.6650 mm): PTH pad 2 [GND] of J_OUT1
[unconnected_items]: Missing connection between items
    Local override; error
    @(134.6250 mm, 191.9950 mm): Pad A12 [GND] of J_USB1 on F.Cu
    @(128.2250 mm, 191.9950 mm): Pad B12 [GND] of J_USB1 on F.Cu
[unconnected_items]: Missing connection between items
    Local override; error
    @(135.2250 mm, 185.6650 mm): PTH pad 2 [GND] of J_OUT1
    @(135.2250 mm, 174.5700 mm): PTH pad 2 [GND] of J1
[unconnected_items]: Missing connection between items
    Local override; error
    @(135.7450 mm, 192.6700 mm): PTH pad SH [GND] of J_USB1
    @(134.6250 mm, 191.9950 mm): Pad A12 [GND] of J_USB1 on F.Cu
[unconnected_items]: Missing connection between items
    Local override; error
    @(135.7450 mm, 196.8500 mm): PTH pad SH [GND] of J_USB1
    @(135.7450 mm, 192.6700 mm): PTH pad SH [GND] of J_USB1
[unconnected_items]: Missing connection between items
    Local override; error
    @(135.7450 mm, 196.8500 mm): PTH pad SH [GND] of J_USB1
    @(138.2700 mm, 202.6050 mm): Pad 2 [GND] of C_IN1 on F.Cu
[unconnected_items]: Missing connection between items
    Local override; error
    @(138.2700 mm, 202.6050 mm): Pad 2 [GND] of C_IN1 on F.Cu
    @(131.9500 mm, 203.2550 mm): Pad 2 [GND] of D1 on F.Cu
[unconnected_items]: Missing connection between items
    Local override; error
    @(142.9175 mm, 190.0450 mm): Pad 2 [GND] of R_CC1_1 on F.Cu
    @(146.4100 mm, 181.2950 mm): PTH pad 2 [GND] of U3
[unconnected_items]: Missing connection between items
    Local override; error
    @(142.9175 mm, 192.9950 mm): Pad 2 [GND] of R_CC2_1 on F.Cu
    @(142.9175 mm, 190.0450 mm): Pad 2 [GND] of R_CC1_1 on F.Cu
[unconnected_items]: Missing connection between items
    Local override; error
    @(142.9175 mm, 192.9950 mm): Pad 2 [GND] of R_CC2_1 on F.Cu
    @(135.7450 mm, 192.6700 mm): PTH pad SH [GND] of J_USB1
[unconnected_items]: Missing connection between items
    Local override; error
    @(142.9175 mm, 201.8450 mm): Pad 2 [GND] of R_LED2 on F.Cu
    @(138.2700 mm, 202.6050 mm): Pad 2 [GND] of C_IN1 on F.Cu
[unconnected_items]: Missing connection between items
    Local override; error
    @(146.4100 mm, 171.1600 mm): PTH pad 2 [GND] of U2
    @(146.4100 mm, 181.2950 mm): PTH pad 2 [GND] of U3
[unconnected_items]: Missing connection between items
    Local override; error
    @(146.4100 mm, 171.1600 mm): PTH pad 2 [GND] of U2
    @(159.0050 mm, 170.3250 mm): Pad 1 [GND] of TP_GND1 on F.Cu
[unconnected_items]: Missing connection between items
    Local override; error
    @(152.9200 mm, 190.2450 mm): Pad 2 [GND] of C_IN2 on F.Cu
    @(152.9200 mm, 193.5950 mm): Pad 2 [GND] of C_IN3 on F.Cu
[unconnected_items]: Missing connection between items
    Local override; error
    @(152.9200 mm, 190.2450 mm): Pad 2 [GND] of C_IN2 on F.Cu
    @(142.9175 mm, 190.0450 mm): Pad 2 [GND] of R_CC1_1 on F.Cu
[unconnected_items]: Missing connection between items
    Local override; error
    @(152.9200 mm, 196.9450 mm): Pad 2 [GND] of C_OUT1 on F.Cu
    @(152.9200 mm, 193.5950 mm): Pad 2 [GND] of C_IN3 on F.Cu
[unconnected_items]: Missing connection between items
    Local override; error
    @(152.9200 mm, 200.2950 mm): Pad 2 [GND] of C_OUT2 on F.Cu
    @(152.9200 mm, 196.9450 mm): Pad 2 [GND] of C_OUT1 on F.Cu
[unconnected_items]: Missing connection between items
    Local override; error
    @(152.9200 mm, 203.6450 mm): Pad 2 [GND] of C_OUT3 on F.Cu
    @(152.9200 mm, 200.2950 mm): Pad 2 [GND] of C_OUT2 on F.Cu
[unconnected_items]: Missing connection between items
    Local override; error
    @(152.9200 mm, 203.6450 mm): Pad 2 [GND] of C_OUT3 on F.Cu
    @(161.9325 mm, 203.5600 mm): Pad 9 [GND] of U1 on F.Cu
[unconnected_items]: Missing connection between items
    Local override; error
    @(44.0000 mm, 75.0000 mm): Track [/Sensors & LORA/net_CH2_SIG] on F.Cu, length 1.1767 mm
    @(82.0550 mm, 186.6600 mm): PTH pad 2 [/Sensors & LORA/net_CH2_SIG] of J_SENSOR_SIG1
[unconnected_items]: Missing connection between items
    Local override; error
    @(82.0550 mm, 186.6600 mm): PTH pad 2 [/Sensors & LORA/net_CH2_SIG] of J_SENSOR_SIG1
    @(94.3850 mm, 201.9850 mm): PTH pad 1 [/Sensors & LORA/net_CH2_SIG] of JP_VBYP2
[unconnected_items]: Missing connection between items
    Local override; error
    @(94.3850 mm, 201.9850 mm): PTH pad 1 [/Sensors & LORA/net_CH2_SIG] of JP_VBYP2
    @(111.6425 mm, 181.5750 mm): Pad 1 [/Sensors & LORA/net_CH2_SIG] of R_SER2 on F.Cu
[unconnected_items]: Missing connection between items
    Local override; error
    @(52.0875 mm, 78.0000 mm): Track [SENSOR_CH2] on F.Cu, length 5.8500 mm
    @(106.6850 mm, 136.5550 mm): Pad 38 [SENSOR_CH2] of U_MCU1 on F.Cu
[unconnected_items]: Missing connection between items
    Local override; error
    @(76.8025 mm, 199.2250 mm): Pad 3 [SENSOR_CH2] of D_CLHI2 on F.Cu
    @(94.3850 mm, 204.5250 mm): PTH pad 2 [SENSOR_CH2] of JP_VBYP2
[unconnected_items]: Missing connection between items
    Local override; error
    @(94.3850 mm, 204.5250 mm): PTH pad 2 [SENSOR_CH2] of JP_VBYP2
    @(116.0500 mm, 196.3150 mm): Pad 1 [SENSOR_CH2] of C_FILT2 on F.Cu
[unconnected_items]: Missing connection between items
    Local override; error
    @(106.6850 mm, 136.5550 mm): Pad 38 [SENSOR_CH2] of U_MCU1 on F.Cu
    @(120.4625 mm, 169.7750 mm): Pad 1 [SENSOR_CH2] of R_VBOT2 on F.Cu
[unconnected_items]: Missing connection between items
    Local override; error
    @(113.4675 mm, 181.5750 mm): Pad 2 [SENSOR_CH2] of R_SER2 on F.Cu
    @(107.2325 mm, 172.7250 mm): Pad 1 [SENSOR_CH2] of R_BURDEN2 on F.Cu
[unconnected_items]: Missing connection between items
    Local override; error
    @(113.4675 mm, 181.5750 mm): Pad 2 [SENSOR_CH2] of R_SER2 on F.Cu
    @(116.0500 mm, 196.3150 mm): Pad 1 [SENSOR_CH2] of C_FILT2 on F.Cu
[unconnected_items]: Missing connection between items
    Local override; error
    @(120.4625 mm, 169.7750 mm): Pad 1 [SENSOR_CH2] of R_VBOT2 on F.Cu
    @(107.2325 mm, 172.7250 mm): Pad 1 [SENSOR_CH2] of R_BURDEN2 on F.Cu
[unconnected_items]: Missing connection between items
    Local override; error
    @(63.6900 mm, 136.8450 mm): Pad 1 [/Motor Valve/RELAY_CMD6] of R_RELAY_PD6 on F.Cu
    @(60.3050 mm, 153.5700 mm): Pad 6 [/Motor Valve/RELAY_CMD6] of U_RELAY1 on F.Cu
[unconnected_items]: Missing connection between items
    Local override; error
    @(69.6050 mm, 115.1350 mm): Pad 26 [/Motor Valve/RELAY_CMD6] of U_VALVEEXP1 on F.Cu
    @(63.6900 mm, 136.8450 mm): Pad 1 [/Motor Valve/RELAY_CMD6] of R_RELAY_PD6 on F.Cu
[unconnected_items]: Missing connection between items
    Local override; error
    @(69.6050 mm, 115.1350 mm): Pad 26 [/Motor Valve/RELAY_CMD6] of U_VALVEEXP1 on F.Cu
    @(95.9813 mm, 98.8294 mm): Track [/Motor Valve/RELAY_CMD6] on F.Cu, length 0.7433 mm
[unconnected_items]: Missing connection between items
    Local override; error
    @(47.1800 mm, 214.6550 mm): Pad 1 [+3V3] of C_ISODEC1 on F.Cu
    @(47.7550 mm, 230.0550 mm): Pad 1 [+3V3] of U_ISO1 on F.Cu
[unconnected_items]: Missing connection between items
    Local override; error
    @(59.6800 mm, 136.8450 mm): Pad 1 [+3V3] of R_EXP_RESET1 on F.Cu
    @(74.6400 mm, 154.5050 mm): Pad 1 [+3V3] of C_DEC1 on F.Cu
[unconnected_items]: Missing connection between items
    Local override; error
    @(59.7300 mm, 131.8250 mm): Pad 1 [+3V3] of C_EXP1 on F.Cu
    @(59.6800 mm, 136.8450 mm): Pad 1 [+3V3] of R_EXP_RESET1 on F.Cu
[unconnected_items]: Missing connection between items
    Local override; error
    @(60.3050 mm, 122.7550 mm): Pad 9 [+3V3] of U_VALVEEXP1 on F.Cu
    @(59.7300 mm, 131.8250 mm): Pad 1 [+3V3] of C_EXP1 on F.Cu
[unconnected_items]: Missing connection between items
    Local override; error
    @(60.3050 mm, 122.7550 mm): Pad 9 [+3V3] of U_VALVEEXP1 on F.Cu
    @(61.5841 mm, 109.4716 mm): Track [+3V3] on F.Cu, length 5.9304 mm
[unconnected_items]: Missing connection between items
    Local override; error
    @(74.6400 mm, 154.5050 mm): Pad 1 [+3V3] of C_DEC1 on F.Cu
    @(74.6400 mm, 157.0150 mm): Pad 1 [+3V3] of C_DEC2 on F.Cu
[unconnected_items]: Missing connection between items
    Local override; error
    @(74.6400 mm, 159.5250 mm): Pad 1 [+3V3] of C_DEC3 on F.Cu
    @(74.6400 mm, 162.0350 mm): Pad 1 [+3V3] of C_DEC4 on F.Cu
[unconnected_items]: Missing connection between items
    Local override; error
    @(74.6400 mm, 159.5250 mm): Pad 1 [+3V3] of C_DEC3 on F.Cu
    @(74.6400 mm, 157.0150 mm): Pad 1 [+3V3] of C_DEC2 on F.Cu
[unconnected_items]: Missing connection between items
    Local override; error
    @(74.6400 mm, 162.0350 mm): Pad 1 [+3V3] of C_DEC4 on F.Cu
    @(74.6400 mm, 164.5450 mm): Pad 1 [+3V3] of C_DEC5 on F.Cu
[unconnected_items]: Missing connection between items
    Local override; error
    @(74.6400 mm, 164.5450 mm): Pad 1 [+3V3] of C_DEC5 on F.Cu
    @(78.6500 mm, 164.5450 mm): Pad 1 [+3V3] of C_DEC10 on F.Cu
[unconnected_items]: Missing connection between items
    Local override; error
    @(74.6400 mm, 164.5450 mm): Pad 1 [+3V3] of C_DEC5 on F.Cu
    @(74.9275 mm, 195.7250 mm): Pad 2 [+3V3] of D_CLHI1 on F.Cu
[unconnected_items]: Missing connection between items
    Local override; error
    @(74.9275 mm, 200.1750 mm): Pad 2 [+3V3] of D_CLHI2 on F.Cu
    @(74.9275 mm, 204.6250 mm): Pad 2 [+3V3] of D_CLHI3 on F.Cu
[unconnected_items]: Missing connection between items
    Local override; error
    @(74.9275 mm, 200.1750 mm): Pad 2 [+3V3] of D_CLHI2 on F.Cu
    @(74.9275 mm, 195.7250 mm): Pad 2 [+3V3] of D_CLHI1 on F.Cu
[unconnected_items]: Missing connection between items
    Local override; error
    @(74.9275 mm, 209.0750 mm): Pad 2 [+3V3] of D_CLHI4 on F.Cu
    @(74.9275 mm, 204.6250 mm): Pad 2 [+3V3] of D_CLHI3 on F.Cu
[unconnected_items]: Missing connection between items
    Local override; error
    @(74.9275 mm, 213.5250 mm): Pad 2 [+3V3] of D_CLHI5 on F.Cu
    @(74.9275 mm, 209.0750 mm): Pad 2 [+3V3] of D_CLHI4 on F.Cu
[unconnected_items]: Missing connection between items
    Local override; error
    @(74.9275 mm, 213.5250 mm): Pad 2 [+3V3] of D_CLHI5 on F.Cu
    @(47.1800 mm, 214.6550 mm): Pad 1 [+3V3] of C_ISODEC1 on F.Cu
[unconnected_items]: Missing connection between items
    Local override; error
    @(74.9275 mm, 217.9750 mm): Pad 2 [+3V3] of D_CLHI6 on F.Cu
    @(74.9275 mm, 213.5250 mm): Pad 2 [+3V3] of D_CLHI5 on F.Cu
[unconnected_items]: Missing connection between items
    Local override; error
    @(78.6500 mm, 154.5050 mm): Pad 1 [+3V3] of C_DEC6 on F.Cu
    @(78.6500 mm, 157.0150 mm): Pad 1 [+3V3] of C_DEC7 on F.Cu
[unconnected_items]: Missing connection between items
    Local override; error
    @(78.6500 mm, 157.0150 mm): Pad 1 [+3V3] of C_DEC7 on F.Cu
    @(78.6500 mm, 159.5250 mm): Pad 1 [+3V3] of C_DEC8 on F.Cu
[unconnected_items]: Missing connection between items
    Local override; error
    @(78.6500 mm, 159.5250 mm): Pad 1 [+3V3] of C_DEC8 on F.Cu
    @(78.6500 mm, 162.0350 mm): Pad 1 [+3V3] of C_DEC9 on F.Cu
[unconnected_items]: Missing connection between items
    Local override; error
    @(78.6500 mm, 164.5450 mm): Pad 1 [+3V3] of C_DEC10 on F.Cu
    @(78.6500 mm, 162.0350 mm): Pad 1 [+3V3] of C_DEC9 on F.Cu
[unconnected_items]: Missing connection between items
    Local override; error
    @(88.6300 mm, 154.9250 mm): Pad 1 [+3V3] of C_BULK2 on F.Cu
    @(78.6500 mm, 154.5050 mm): Pad 1 [+3V3] of C_DEC6 on F.Cu
[unconnected_items]: Missing connection between items
    Local override; error
    @(88.6300 mm, 154.9250 mm): Pad 1 [+3V3] of C_BULK2 on F.Cu
    @(89.1850 mm, 135.2850 mm): Pad 2 [+3V3] of U_MCU1 on F.Cu
[unconnected_items]: Missing connection between items
    Local override; error
    @(111.6425 mm, 175.6750 mm): Pad 1 [+3V3] of R_LORARST1 on F.Cu
    @(113.1550 mm, 195.8650 mm): Pad 24 [+3V3] of U_LORA1 on F.Cu
[unconnected_items]: Missing connection between items
    Local override; error
    @(111.6425 mm, 175.6750 mm): Pad 1 [+3V3] of R_LORARST1 on F.Cu
    @(88.6300 mm, 154.9250 mm): Pad 1 [+3V3] of C_BULK2 on F.Cu
[unconnected_items]: Missing connection between items
    Local override; error
    @(113.1550 mm, 195.8650 mm): Pad 24 [+3V3] of U_LORA1 on F.Cu
    @(142.9825 mm, 204.8400 mm): Pad 2 [+3V3] of D_LED2 on F.Cu
[unconnected_items]: Missing connection between items
    Local override; error
    @(123.7525 mm, 112.4750 mm): Pad 1 [+3V3] of R_BOOT1 on F.Cu
    @(123.7525 mm, 115.4250 mm): Pad 1 [+3V3] of R_ENPU1 on F.Cu
[unconnected_items]: Missing connection between items
    Local override; error
    @(123.7525 mm, 115.4250 mm): Pad 1 [+3V3] of R_ENPU1 on F.Cu
    @(123.7525 mm, 127.2250 mm): Pad 1 [+3V3] of R_SETUP1 on F.Cu
[unconnected_items]: Missing connection between items
    Local override; error
    @(146.3326 mm, 109.0000 mm): Track [+3V3] on F.Cu, length 1.3326 mm
    @(123.7525 mm, 112.4750 mm): Pad 1 [+3V3] of R_BOOT1 on F.Cu
[unconnected_items]: Missing connection between items
    Local override; error
    @(148.9500 mm, 181.2950 mm): PTH pad 3 [+3V3] of U3
    @(154.9550 mm, 174.3750 mm): Pad 1 [+3V3] of TP_3V3 on F.Cu
[unconnected_items]: Missing connection between items
    Local override; error
    @(149.9700 mm, 203.6450 mm): Pad 1 [+3V3] of C_OUT3 on F.Cu
    @(142.9825 mm, 204.8400 mm): Pad 2 [+3V3] of D_LED2 on F.Cu
[unconnected_items]: Missing connection between items
    Local override; error
    @(149.9700 mm, 203.6450 mm): Pad 1 [+3V3] of C_OUT3 on F.Cu
    @(148.9500 mm, 181.2950 mm): PTH pad 3 [+3V3] of U3
[unconnected_items]: Missing connection between items
    Local override; error
    @(41.3000 mm, 25.0000 mm): Track [/MCU/net_CHIP_EN] on F.Cu, length 1.1767 mm
    @(89.1850 mm, 136.5550 mm): Pad 3 [/MCU/net_CHIP_EN] of U_MCU1 on F.Cu
[unconnected_items]: Missing connection between items
    Local override; error
    @(82.6550 mm, 159.7750 mm): Pad 1 [/MCU/net_CHIP_EN] of SW_RESET1 on F.Cu
    @(94.2050 mm, 154.7550 mm): Pad 1 [/MCU/net_CHIP_EN] of C_EN1 on F.Cu
[unconnected_items]: Missing connection between items
    Local override; error
    @(94.2050 mm, 154.7550 mm): Pad 1 [/MCU/net_CHIP_EN] of C_EN1 on F.Cu
    @(89.1850 mm, 136.5550 mm): Pad 3 [/MCU/net_CHIP_EN] of U_MCU1 on F.Cu
[unconnected_items]: Missing connection between items
    Local override; error
    @(125.5775 mm, 115.4250 mm): Pad 2 [/MCU/net_CHIP_EN] of R_ENPU1 on F.Cu
    @(89.1850 mm, 136.5550 mm): Pad 3 [/MCU/net_CHIP_EN] of U_MCU1 on F.Cu
[unconnected_items]: Missing connection between items
    Local override; error
    @(111.6425 mm, 172.7250 mm): Pad 1 [/Sensors & LORA/net_LORA_BOOT0] of R_LORABOOT1 on F.Cu
    @(104.0000 mm, 55.0000 mm): Track [/Sensors & LORA/net_LORA_BOOT0] on F.Cu, length 0.9125 mm
[unconnected_items]: Missing connection between items
    Local override; error
    @(113.1550 mm, 198.8650 mm): Pad 21 [/Sensors & LORA/net_LORA_BOOT0] of U_LORA1 on F.Cu
    @(117.1050 mm, 184.8250 mm): Pad 1 [/Sensors & LORA/net_LORA_BOOT0] of TP_LORABOOT1 on F.Cu
[unconnected_items]: Missing connection between items
    Local override; error
    @(117.1050 mm, 184.8250 mm): Pad 1 [/Sensors & LORA/net_LORA_BOOT0] of TP_LORABOOT1 on F.Cu
    @(111.6425 mm, 172.7250 mm): Pad 1 [/Sensors & LORA/net_LORA_BOOT0] of R_LORABOOT1 on F.Cu
[unconnected_items]: Missing connection between items
    Local override; error
    @(141.0925 mm, 198.8950 mm): Pad 1 [/Power/EF_IMON] of R_IMON1 on F.Cu
    @(161.9325 mm, 202.9100 mm): Pad 10 [/Power/EF_IMON] of U1 on F.Cu
[unconnected_items]: Missing connection between items
    Local override; error
    @(159.0050 mm, 174.3750 mm): Pad 1 [/Power/EF_IMON] of TP_IMON1 on F.Cu
    @(161.9325 mm, 202.9100 mm): Pad 10 [/Power/EF_IMON] of U1 on F.Cu
[unconnected_items]: Missing connection between items
    Local override; error
    @(162.0000 mm, 94.8564 mm): Track [/Power/EF_IMON] on F.Cu, length 1.1436 mm
    @(159.0050 mm, 174.3750 mm): Pad 1 [/Power/EF_IMON] of TP_IMON1 on F.Cu
[unconnected_items]: Missing connection between items
    Local override; error
    @(143.8700 mm, 171.1600 mm): PTH pad 1 [12V_SW] of U2
    @(154.9550 mm, 170.3250 mm): Pad 1 [12V_SW] of TP_12V_SW1 on F.Cu
[unconnected_items]: Missing connection between items
    Local override; error
    @(143.8700 mm, 181.2950 mm): PTH pad 1 [12V_SW] of U3
    @(143.8700 mm, 171.1600 mm): PTH pad 1 [12V_SW] of U2
[unconnected_items]: Missing connection between items
    Local override; error
    @(143.8700 mm, 181.2950 mm): PTH pad 1 [12V_SW] of U3
    @(130.1450 mm, 185.6650 mm): PTH pad 1 [12V_SW] of J_OUT1
[unconnected_items]: Missing connection between items
    Local override; error
    @(149.9700 mm, 190.2450 mm): Pad 1 [12V_SW] of C_IN2 on F.Cu
    @(149.9700 mm, 193.5950 mm): Pad 1 [12V_SW] of C_IN3 on F.Cu
[unconnected_items]: Missing connection between items
    Local override; error
    @(149.9700 mm, 190.2450 mm): Pad 1 [12V_SW] of C_IN2 on F.Cu
    @(143.8700 mm, 181.2950 mm): PTH pad 1 [12V_SW] of U3
[unconnected_items]: Missing connection between items
    Local override; error
    @(149.9700 mm, 196.9450 mm): Pad 1 [12V_SW] of C_OUT1 on F.Cu
    @(149.9700 mm, 193.5950 mm): Pad 1 [12V_SW] of C_IN3 on F.Cu
[unconnected_items]: Missing connection between items
    Local override; error
    @(149.9700 mm, 196.9450 mm): Pad 1 [12V_SW] of C_OUT1 on F.Cu
    @(156.0300 mm, 195.6350 mm): Pad 1 [12V_SW] of F2 on F.Cu
[unconnected_items]: Missing connection between items
    Local override; error
    @(149.9700 mm, 196.9450 mm): Pad 1 [12V_SW] of C_OUT1 on F.Cu
    @(141.0925 mm, 195.9450 mm): Pad 1 [12V_SW] of R_FLT1 on F.Cu
[unconnected_items]: Missing connection between items
    Local override; error
    @(156.0300 mm, 195.6350 mm): Pad 1 [12V_SW] of F2 on F.Cu
    @(161.9325 mm, 199.0100 mm): Pad 16 [12V_SW] of U1 on F.Cu
[unconnected_items]: Missing connection between items
    Local override; error
    @(161.9325 mm, 199.0100 mm): Pad 16 [12V_SW] of U1 on F.Cu
    @(161.9325 mm, 199.6600 mm): Pad 15 [12V_SW] of U1 on F.Cu
[unconnected_items]: Missing connection between items
    Local override; error
    @(162.9633 mm, 104.0000 mm): Track [12V_SW] on F.Cu, length 13.9673 mm
    @(154.9550 mm, 170.3250 mm): Pad 1 [12V_SW] of TP_12V_SW1 on F.Cu
[unconnected_items]: Missing connection between items
    Local override; error
    @(133.1750 mm, 192.0950 mm): Pad B5 [/Power/net_CC2] of J_USB1 on F.Cu
    @(141.0925 mm, 192.9950 mm): Pad 1 [/Power/net_CC2] of R_CC2_1 on F.Cu
[unconnected_items]: Missing connection between items
    Local override; error
    @(133.1750 mm, 192.0950 mm): Pad B5 [/Power/net_CC2] of J_USB1 on F.Cu
    @(36.7754 mm, 12.7653 mm): Track [/Power/net_CC2] on F.Cu, length 0.3718 mm
[unconnected_items]: Missing connection between items
    Local override; error
    @(145.5025 mm, 192.9950 mm): Pad 1 [/Power/EF_OVP] of R_OVP2 on F.Cu
    @(156.2075 mm, 201.6100 mm): Pad 5 [/Power/EF_OVP] of U1 on F.Cu
[unconnected_items]: Missing connection between items
    Local override; error
    @(147.3275 mm, 190.0450 mm): Pad 2 [/Power/EF_OVP] of R_OVP1 on F.Cu
    @(145.5025 mm, 192.9950 mm): Pad 1 [/Power/EF_OVP] of R_OVP2 on F.Cu
[unconnected_items]: Missing connection between items
    Local override; error
    @(147.3275 mm, 190.0450 mm): Pad 2 [/Power/EF_OVP] of R_OVP1 on F.Cu
    @(155.0875 mm, 86.1750 mm): Track [/Power/EF_OVP] on F.Cu, length 1.8250 mm
[unconnected_items]: Missing connection between items
    Local override; error
    @(142.9175 mm, 198.8950 mm): Pad 2 [/Power/EF_RTN] of R_IMON1 on F.Cu
    @(147.3275 mm, 201.8450 mm): Pad 2 [/Power/EF_RTN] of R_UVLO2 on F.Cu
[unconnected_items]: Missing connection between items
    Local override; error
    @(147.3275 mm, 192.9950 mm): Pad 2 [/Power/EF_RTN] of R_OVP2 on F.Cu
    @(142.9175 mm, 198.8950 mm): Pad 2 [/Power/EF_RTN] of R_IMON1 on F.Cu
[unconnected_items]: Missing connection between items
    Local override; error
    @(147.3275 mm, 201.8450 mm): Pad 2 [/Power/EF_RTN] of R_UVLO2 on F.Cu
    @(147.0800 mm, 204.5750 mm): Pad 2 [/Power/EF_RTN] of R_ILIM1 on F.Cu
[unconnected_items]: Missing connection between items
    Local override; error
    @(156.1050 mm, 186.0050 mm): Pad 2 [/Power/EF_RTN] of C_DVDT1 on F.Cu
    @(147.3275 mm, 192.9950 mm): Pad 2 [/Power/EF_RTN] of R_OVP2 on F.Cu
[unconnected_items]: Missing connection between items
    Local override; error
    @(156.1050 mm, 186.0050 mm): Pad 2 [/Power/EF_RTN] of C_DVDT1 on F.Cu
    @(162.8717 mm, 97.3283 mm): Track [/Power/EF_RTN] on F.Cu, length 1.4656 mm
[unconnected_items]: Missing connection between items
    Local override; error
    @(156.2075 mm, 202.2600 mm): Pad 6 [/Power/EF_RTN] of U1 on F.Cu
    @(147.3275 mm, 201.8450 mm): Pad 2 [/Power/EF_RTN] of R_UVLO2 on F.Cu
[unconnected_items]: Missing connection between items
    Local override; error
    @(156.2075 mm, 203.5600 mm): Pad 8 [/Power/EF_RTN] of U1 on F.Cu
    @(156.2075 mm, 202.2600 mm): Pad 6 [/Power/EF_RTN] of U1 on F.Cu
[unconnected_items]: Missing connection between items
    Local override; error
    @(157.8700 mm, 201.8850 mm): PTH pad 17 [/Power/EF_RTN] of U1
    @(156.2075 mm, 202.2600 mm): Pad 6 [/Power/EF_RTN] of U1 on F.Cu
[unconnected_items]: Missing connection between items
    Local override; error
    @(18.9750 mm, 113.4550 mm): PTH pad 5 [+12V] of K1
    @(19.3717 mm, 119.7517 mm): Track [+12V] on F.Cu, length 2.4773 mm
[unconnected_items]: Missing connection between items
    Local override; error
    @(18.9750 mm, 126.0050 mm): PTH pad 5 [+12V] of K2
    @(39.8683 mm, 119.7517 mm): Track [+12V] on F.Cu, length 20.4966 mm
[unconnected_items]: Missing connection between items
    Local override; error
    @(18.9750 mm, 138.5550 mm): PTH pad 5 [+12V] of K3
    @(18.9750 mm, 126.0050 mm): PTH pad 5 [+12V] of K2
[unconnected_items]: Missing connection between items
    Local override; error
    @(18.9750 mm, 151.1050 mm): PTH pad 5 [+12V] of K4
    @(18.9750 mm, 138.5550 mm): PTH pad 5 [+12V] of K3
[unconnected_items]: Missing connection between items
    Local override; error
    @(18.9750 mm, 163.6550 mm): PTH pad 5 [+12V] of K5
    @(18.9750 mm, 176.2050 mm): PTH pad 5 [+12V] of K6
[unconnected_items]: Missing connection between items
    Local override; error
    @(18.9750 mm, 163.6550 mm): PTH pad 5 [+12V] of K5
    @(18.9750 mm, 151.1050 mm): PTH pad 5 [+12V] of K4
[unconnected_items]: Missing connection between items
    Local override; error
    @(18.9750 mm, 188.7550 mm): PTH pad 5 [+12V] of K7
    @(18.9750 mm, 176.2050 mm): PTH pad 5 [+12V] of K6
[unconnected_items]: Missing connection between items
    Local override; error
    @(18.9750 mm, 201.3050 mm): PTH pad 5 [+12V] of K8
    @(18.9750 mm, 188.7550 mm): PTH pad 5 [+12V] of K7
[unconnected_items]: Missing connection between items
    Local override; error
    @(59.7300 mm, 134.3350 mm): Pad 1 [+12V] of C_RELAY1 on F.Cu
    @(69.6050 mm, 157.3800 mm): Pad 10 [+12V] of U_RELAY1 on F.Cu
[unconnected_items]: Missing connection between items
    Local override; error
    @(61.3102 mm, 162.7750 mm): PTH pad 1 [+12V] of C_RELAYBULK1
    @(69.6050 mm, 157.3800 mm): Pad 10 [+12V] of U_RELAY1 on F.Cu
[unconnected_items]: Missing connection between items
    Local override; error
    @(67.4209 mm, 119.8009 mm): Track [+12V] on F.Cu, length 20.3982 mm
    @(59.7300 mm, 134.3350 mm): Pad 1 [+12V] of C_RELAY1 on F.Cu
[unconnected_items]: Missing connection between items
    Local override; error
    @(139.3717 mm, 119.7517 mm): Track [+12V] on F.Cu, length 20.4966 mm
    @(159.0050 mm, 178.4250 mm): Pad 1 [+12V] of TP_VALVE_PWR1 on F.Cu
[unconnected_items]: Missing connection between items
    Local override; error
    @(160.9400 mm, 195.6350 mm): Pad 2 [+12V] of F2 on F.Cu
    @(159.0050 mm, 178.4250 mm): Pad 1 [+12V] of TP_VALVE_PWR1 on F.Cu
[unconnected_items]: Missing connection between items
    Local override; error
    @(31.0000 mm, 83.0000 mm): Track [Net-(JP_IGND1-Pin_1)] on F.Cu, length 1.1767 mm
    @(109.0575 mm, 169.7750 mm): Pad 2 [Net-(JP_IGND1-Pin_1)] of R_BURDEN1 on F.Cu
[unconnected_items]: Missing connection between items
    Local override; error
    @(80.6150 mm, 194.8450 mm): PTH pad 1 [Net-(JP_IGND1-Pin_1)] of JP_IGND1
    @(109.0575 mm, 169.7750 mm): Pad 2 [Net-(JP_IGND1-Pin_1)] of R_BURDEN1 on F.Cu
[unconnected_items]: Missing connection between items
    Local override; error
    @(21.0650 mm, 219.6700 mm): PTH pad 1 [ISO_GND] of J_RS485_IN1
    @(21.0650 mm, 230.7650 mm): PTH pad 1 [ISO_GND] of J_RS485_LOC1
[unconnected_items]: Missing connection between items
    Local override; error
    @(21.0650 mm, 230.7650 mm): PTH pad 1 [ISO_GND] of J_RS485_LOC1
    @(21.0650 mm, 241.8600 mm): PTH pad 1 [ISO_GND] of J_RS485_OUT1
[unconnected_items]: Missing connection between items
    Local override; error
    @(21.0650 mm, 241.8600 mm): PTH pad 1 [ISO_GND] of J_RS485_OUT1
    @(32.4300 mm, 249.9550 mm): PTH pad 6 [ISO_GND] of U_ISODCDC1
[unconnected_items]: Missing connection between items
    Local override; error
    @(38.5925 mm, 248.9050 mm): Pad 3 [ISO_GND] of D_RS485PROT1 on F.Cu
    @(32.4300 mm, 249.9550 mm): PTH pad 6 [ISO_GND] of U_ISODCDC1
[unconnected_items]: Missing connection between items
    Local override; error
    @(38.5925 mm, 253.3550 mm): Pad 3 [ISO_GND] of D_RS485PROT2 on F.Cu
    @(38.5925 mm, 248.9050 mm): Pad 3 [ISO_GND] of D_RS485PROT1 on F.Cu
[unconnected_items]: Missing connection between items
    Local override; error
    @(41.3850 mm, 230.7650 mm): PTH pad 5 [ISO_GND] of J_RS485_LOC1
    @(48.7800 mm, 224.6950 mm): Pad 2 [ISO_GND] of R_ISODE1 on F.Cu
[unconnected_items]: Missing connection between items
    Local override; error
    @(41.3850 mm, 230.7650 mm): PTH pad 5 [ISO_GND] of J_RS485_LOC1
    @(41.3850 mm, 241.8600 mm): PTH pad 5 [ISO_GND] of J_RS485_OUT1
[unconnected_items]: Missing connection between items
    Local override; error
    @(41.3850 mm, 241.8600 mm): PTH pad 5 [ISO_GND] of J_RS485_OUT1
    @(38.5925 mm, 248.9050 mm): Pad 3 [ISO_GND] of D_RS485PROT1 on F.Cu
[unconnected_items]: Missing connection between items
    Local override; error
    @(43.2275 mm, 251.1050 mm): Pad 2 [ISO_GND] of R_BIASB1 on F.Cu
    @(38.5925 mm, 248.9050 mm): Pad 3 [ISO_GND] of D_RS485PROT1 on F.Cu
[unconnected_items]: Missing connection between items
    Local override; error
    @(43.2275 mm, 251.1050 mm): Pad 2 [ISO_GND] of R_BIASB1 on F.Cu
    @(50.2500 mm, 245.4450 mm): Pad 2 [ISO_GND] of C_ISOBULK2 on F.Cu
[unconnected_items]: Missing connection between items
    Local override; error
    @(48.7300 mm, 219.6750 mm): Pad 2 [ISO_GND] of C_ISOOUT1 on F.Cu
    @(48.7300 mm, 222.1850 mm): Pad 2 [ISO_GND] of C_RSDEC1 on F.Cu
[unconnected_items]: Missing connection between items
    Local override; error
    @(48.7300 mm, 219.6750 mm): Pad 2 [ISO_GND] of C_ISOOUT1 on F.Cu
    @(51.7350 mm, 218.7250 mm): Pad 1 [ISO_GND] of TP_ISOGND1 on F.Cu
[unconnected_items]: Missing connection between items
    Local override; error
    @(48.7300 mm, 219.6750 mm): Pad 2 [ISO_GND] of C_ISOOUT1 on F.Cu
    @(41.3850 mm, 219.6700 mm): PTH pad 5 [ISO_GND] of J_RS485_IN1
[unconnected_items]: Missing connection between items
    Local override; error
    @(48.7800 mm, 224.6950 mm): Pad 2 [ISO_GND] of R_ISODE1 on F.Cu
    @(48.7300 mm, 222.1850 mm): Pad 2 [ISO_GND] of C_RSDEC1 on F.Cu
[unconnected_items]: Missing connection between items
    Local override; error
    @(50.2500 mm, 245.4450 mm): Pad 2 [ISO_GND] of C_ISOBULK2 on F.Cu
    @(52.6500 mm, 252.3850 mm): Pad 5 [ISO_GND] of U_RS485_TX1 on F.Cu
[unconnected_items]: Missing connection between items
    Local override; error
    @(51.7350 mm, 218.7250 mm): Pad 1 [ISO_GND] of TP_ISOGND1 on F.Cu
    @(115.6500 mm, 50.3450 mm): Via [ISO_GND] on F.Cu - B.Cu
[unconnected_items]: Missing connection between items
    Local override; error
    @(57.0550 mm, 238.9450 mm): Pad 9 [ISO_GND] of U_ISO1 on F.Cu
    @(50.2500 mm, 245.4450 mm): Pad 2 [ISO_GND] of C_ISOBULK2 on F.Cu
[unconnected_items]: Missing connection between items
    Local override; error
    @(26.1450 mm, 230.7650 mm): PTH pad 2 [/RS-485/net_LOC_A_RAW] of J_RS485_LOC1
    @(36.7175 mm, 252.4050 mm): Pad 1 [/RS-485/net_LOC_A_RAW] of D_RS485PROT2 on F.Cu
[unconnected_items]: Missing connection between items
    Local override; error
    @(36.7175 mm, 252.4050 mm): Pad 1 [/RS-485/net_LOC_A_RAW] of D_RS485PROT2 on F.Cu
    @(52.9250 mm, 244.7200 mm): Pad 1 [/RS-485/net_LOC_A_RAW] of CMC_RS485_2 on F.Cu
[unconnected_items]: Missing connection between items
    Local override; error
    @(148.0500 mm, 21.9375 mm): Pad 1 [/RS-485/net_LOC_A_RAW] of D_RS485PROT2 on F.Cu
    @(26.1450 mm, 230.7650 mm): PTH pad 2 [/RS-485/net_LOC_A_RAW] of J_RS485_LOC1
[unconnected_items]: Missing connection between items
    Local override; error
    @(31.2250 mm, 230.7650 mm): PTH pad 3 [/RS-485/net_LOC_B_RAW] of J_RS485_LOC1
    @(36.7175 mm, 254.3050 mm): Pad 2 [/RS-485/net_LOC_B_RAW] of D_RS485PROT2 on F.Cu
[unconnected_items]: Missing connection between items
    Local override; error
    @(36.7175 mm, 254.3050 mm): Pad 2 [/RS-485/net_LOC_B_RAW] of D_RS485PROT2 on F.Cu
    @(52.9250 mm, 245.7200 mm): Pad 4 [/RS-485/net_LOC_B_RAW] of CMC_RS485_2 on F.Cu
[unconnected_items]: Missing connection between items
    Local override; error
    @(149.9500 mm, 21.9375 mm): Pad 2 [/RS-485/net_LOC_B_RAW] of D_RS485PROT2 on F.Cu
    @(31.2250 mm, 230.7650 mm): PTH pad 3 [/RS-485/net_LOC_B_RAW] of J_RS485_LOC1
[unconnected_items]: Missing connection between items
    Local override; error
    @(36.3050 mm, 230.7650 mm): PTH pad 4 [unconnected-(J_RS485_LOC1-Pin_4-Pad4)] of J_RS485_LOC1
    @(155.2400 mm, 12.0000 mm): PTH pad 4 [unconnected-(J_RS485_LOC1-Pin_4-Pad4)] of J_RS485_LOC1
[unconnected_items]: Missing connection between items
    Local override; error
    @(76.8025 mm, 217.0250 mm): Pad 3 [SENSOR_CH6] of D_CLHI6 on F.Cu
    @(94.3850 mm, 211.6650 mm): PTH pad 2 [SENSOR_CH6] of JP_VBYP6
[unconnected_items]: Missing connection between items
    Local override; error
    @(89.1850 mm, 141.6350 mm): Pad 7 [SENSOR_CH6] of U_MCU1 on F.Cu
    @(111.6425 mm, 169.7750 mm): Pad 1 [SENSOR_CH6] of R_BURDEN6 on F.Cu
[unconnected_items]: Missing connection between items
    Local override; error
    @(89.1850 mm, 141.6350 mm): Pad 7 [SENSOR_CH6] of U_MCU1 on F.Cu
    @(71.0875 mm, 103.0000 mm): Track [SENSOR_CH6] on F.Cu, length 5.8500 mm
[unconnected_items]: Missing connection between items
    Local override; error
    @(94.3850 mm, 211.6650 mm): PTH pad 2 [SENSOR_CH6] of JP_VBYP6
    @(116.0500 mm, 206.3550 mm): Pad 1 [SENSOR_CH6] of C_FILT6 on F.Cu
[unconnected_items]: Missing connection between items
    Local override; error
    @(111.6425 mm, 169.7750 mm): Pad 1 [SENSOR_CH6] of R_BURDEN6 on F.Cu
    @(117.8775 mm, 178.6250 mm): Pad 2 [SENSOR_CH6] of R_SER6 on F.Cu
[unconnected_items]: Missing connection between items
    Local override; error
    @(116.0500 mm, 206.3550 mm): Pad 1 [SENSOR_CH6] of C_FILT6 on F.Cu
    @(120.4625 mm, 181.5750 mm): Pad 1 [SENSOR_CH6] of R_VBOT6 on F.Cu
[unconnected_items]: Missing connection between items
    Local override; error
    @(117.8775 mm, 178.6250 mm): Pad 2 [SENSOR_CH6] of R_SER6 on F.Cu
    @(120.4625 mm, 181.5750 mm): Pad 1 [SENSOR_CH6] of R_VBOT6 on F.Cu
[unconnected_items]: Missing connection between items
    Local override; error
    @(43.7650 mm, 194.9350 mm): PTH pad 1 [/Motor Valve/RLY8_COM] of J_RELAY8
    @(29.1350 mm, 208.9250 mm): PTH pad 2 [/Motor Valve/RLY8_COM] of K8
[unconnected_items]: Missing connection between items
    Local override; error
    @(175.0000 mm, 131.1600 mm): Track [/Motor Valve/RLY8_COM] on F.Cu, length 11.8400 mm
    @(43.7650 mm, 194.9350 mm): PTH pad 1 [/Motor Valve/RLY8_COM] of J_RELAY8
[unconnected_items]: Missing connection between items
    Local override; error
    @(48.8450 mm, 194.9350 mm): PTH pad 2 [/Motor Valve/RLY8_NO] of J_RELAY8
    @(36.7550 mm, 208.9250 mm): PTH pad 3 [/Motor Valve/RLY8_NO] of K8
[unconnected_items]: Missing connection between items
    Local override; error
    @(178.0000 mm, 135.7800 mm): Track [/Motor Valve/RLY8_NO] on F.Cu, length 5.7700 mm
    @(48.8450 mm, 194.9350 mm): PTH pad 2 [/Motor Valve/RLY8_NO] of J_RELAY8
[unconnected_items]: Missing connection between items
    Local override; error
    @(34.2150 mm, 201.3050 mm): PTH pad 4 [/Motor Valve/RLY8_NC] of K8
    @(53.9250 mm, 194.9350 mm): PTH pad 3 [/Motor Valve/RLY8_NC] of J_RELAY8
[unconnected_items]: Missing connection between items
    Local override; error
    @(53.9250 mm, 194.9350 mm): PTH pad 3 [/Motor Valve/RLY8_NC] of J_RELAY8
    @(188.1600 mm, 143.9000 mm): Track [/Motor Valve/RLY8_NC] on F.Cu, length 1.4866 mm
[unconnected_items]: Missing connection between items
    Local override; error
    @(94.2844 mm, 122.1081 mm): Track [/Motor Valve/COIL_LOW1] on F.Cu, length 19.5099 mm
    @(69.6050 mm, 147.2200 mm): Pad 18 [/Motor Valve/COIL_LOW1] of U_RELAY1 on F.Cu
[unconnected_items]: Missing connection between items
    Local override; error
    @(29.1350 mm, 121.0750 mm): PTH pad 2 [/Motor Valve/RLY1_COM] of K1
    @(10.0000 mm, 128.1600 mm): Track [/Motor Valve/RLY1_COM] on F.Cu, length 4.2426 mm
[unconnected_items]: Missing connection between items
    Local override; error
    @(43.7650 mm, 117.2700 mm): PTH pad 1 [/Motor Valve/RLY1_COM] of J_RELAY1
    @(29.1350 mm, 121.0750 mm): PTH pad 2 [/Motor Valve/RLY1_COM] of K1
[unconnected_items]: Missing connection between items
    Local override; error
    @(36.7550 mm, 121.0750 mm): PTH pad 3 [/Motor Valve/RLY1_NO] of K1
    @(10.0000 mm, 135.7800 mm): Track [/Motor Valve/RLY1_NO] on F.Cu, length 5.7700 mm
[unconnected_items]: Missing connection between items
    Local override; error
    @(48.8450 mm, 117.2700 mm): PTH pad 2 [/Motor Valve/RLY1_NO] of J_RELAY1
    @(36.7550 mm, 121.0750 mm): PTH pad 3 [/Motor Valve/RLY1_NO] of K1
[unconnected_items]: Missing connection between items
    Local override; error
    @(34.2150 mm, 113.4550 mm): PTH pad 4 [/Motor Valve/RLY1_NC] of K1
    @(17.6200 mm, 133.2400 mm): Track [/Motor Valve/RLY1_NC] on F.Cu, length 3.5921 mm
[unconnected_items]: Missing connection between items
    Local override; error
    @(53.9250 mm, 117.2700 mm): PTH pad 3 [/Motor Valve/RLY1_NC] of J_RELAY1
    @(34.2150 mm, 113.4550 mm): PTH pad 4 [/Motor Valve/RLY1_NC] of K1
[unconnected_items]: Missing connection between items
    Local override; error
    @(26.1450 mm, 241.8600 mm): PTH pad 2 [/RS-485/net_MAIN_A] of J_RS485_OUT1
    @(43.2275 mm, 248.1550 mm): Pad 2 [/RS-485/net_MAIN_A] of R_BIASA1 on F.Cu
[unconnected_items]: Missing connection between items
    Local override; error
    @(41.4025 mm, 254.0550 mm): Pad 1 [/RS-485/net_MAIN_A] of R_TERM1 on F.Cu
    @(43.2275 mm, 248.1550 mm): Pad 2 [/RS-485/net_MAIN_A] of R_BIASA1 on F.Cu
[unconnected_items]: Missing connection between items
    Local override; error
    @(52.6500 mm, 251.1150 mm): Pad 6 [/RS-485/net_MAIN_A] of U_RS485_TX1 on F.Cu
    @(55.6250 mm, 244.7200 mm): Pad 2 [/RS-485/net_MAIN_A] of CMC_RS485_2 on F.Cu
[unconnected_items]: Missing connection between items
    Local override; error
    @(52.6500 mm, 251.1150 mm): Pad 6 [/RS-485/net_MAIN_A] of U_RS485_TX1 on F.Cu
    @(43.2275 mm, 248.1550 mm): Pad 2 [/RS-485/net_MAIN_A] of R_BIASA1 on F.Cu
[unconnected_items]: Missing connection between items
    Local override; error
    @(55.6250 mm, 244.7200 mm): Pad 2 [/RS-485/net_MAIN_A] of CMC_RS485_2 on F.Cu
    @(55.6250 mm, 241.5200 mm): Pad 2 [/RS-485/net_MAIN_A] of CMC_RS485_1 on F.Cu
[unconnected_items]: Missing connection between items
    Local override; error
    @(138.7477 mm, 52.9125 mm): Track [/RS-485/net_MAIN_A] on F.Cu, length 0.2523 mm
    @(55.6250 mm, 241.5200 mm): Pad 2 [/RS-485/net_MAIN_A] of CMC_RS485_1 on F.Cu
[unconnected_items]: Missing connection between items
    Local override; error
    @(41.4025 mm, 251.1050 mm): Pad 1 [/RS-485/net_MAIN_B] of R_BIASB1 on F.Cu
    @(43.2275 mm, 254.0550 mm): Pad 2 [/RS-485/net_MAIN_B] of R_TERM1 on F.Cu
[unconnected_items]: Missing connection between items
    Local override; error
    @(41.4025 mm, 251.1050 mm): Pad 1 [/RS-485/net_MAIN_B] of R_BIASB1 on F.Cu
    @(31.2250 mm, 241.8600 mm): PTH pad 3 [/RS-485/net_MAIN_B] of J_RS485_OUT1
[unconnected_items]: Missing connection between items
    Local override; error
    @(43.2275 mm, 254.0550 mm): Pad 2 [/RS-485/net_MAIN_B] of R_TERM1 on F.Cu
    @(52.6500 mm, 249.8450 mm): Pad 7 [/RS-485/net_MAIN_B] of U_RS485_TX1 on F.Cu
[unconnected_items]: Missing connection between items
    Local override; error
    @(52.6500 mm, 249.8450 mm): Pad 7 [/RS-485/net_MAIN_B] of U_RS485_TX1 on F.Cu
    @(55.6250 mm, 245.7200 mm): Pad 3 [/RS-485/net_MAIN_B] of CMC_RS485_2 on F.Cu
[unconnected_items]: Missing connection between items
    Local override; error
    @(55.6250 mm, 242.5200 mm): Pad 3 [/RS-485/net_MAIN_B] of CMC_RS485_1 on F.Cu
    @(55.6250 mm, 245.7200 mm): Pad 3 [/RS-485/net_MAIN_B] of CMC_RS485_2 on F.Cu
[unconnected_items]: Missing connection between items
    Local override; error
    @(55.6250 mm, 242.5200 mm): Pad 3 [/RS-485/net_MAIN_B] of CMC_RS485_1 on F.Cu
    @(139.0000 mm, 51.0875 mm): Track [/RS-485/net_MAIN_B] on F.Cu, length 0.1237 mm
[unconnected_items]: Missing connection between items
    Local override; error
    @(36.3050 mm, 241.8600 mm): PTH pad 4 [unconnected-(J_RS485_OUT1-Pin_4-Pad4)] of J_RS485_OUT1
    @(185.2400 mm, 16.0000 mm): PTH pad 4 [unconnected-(J_RS485_OUT1-Pin_4-Pad4)] of J_RS485_OUT1
[unconnected_items]: Missing connection between items
    Local override; error
    @(141.0925 mm, 201.8450 mm): Pad 1 [/Power/LED_3V3_K] of R_LED2 on F.Cu
    @(141.1075 mm, 204.8400 mm): Pad 1 [/Power/LED_3V3_K] of D_LED2 on F.Cu
[unconnected_items]: Missing connection between items
    Local override; error
    @(141.0925 mm, 201.8450 mm): Pad 1 [/Power/LED_3V3_K] of R_LED2 on F.Cu
    @(153.0625 mm, 105.0000 mm): Track [/Power/LED_3V3_K] on F.Cu, length 2.1500 mm
[unconnected_items]: Missing connection between items
    Local override; error
    @(27.3500 mm, 249.9550 mm): PTH pad 4 [ISO_5V] of U_ISODCDC1
    @(41.4025 mm, 248.1550 mm): Pad 1 [ISO_5V] of R_BIASA1 on F.Cu
[unconnected_items]: Missing connection between items
    Local override; error
    @(41.4025 mm, 248.1550 mm): Pad 1 [ISO_5V] of R_BIASA1 on F.Cu
    @(47.3000 mm, 245.4450 mm): Pad 1 [ISO_5V] of C_ISOBULK2 on F.Cu
[unconnected_items]: Missing connection between items
    Local override; error
    @(47.1800 mm, 222.1850 mm): Pad 1 [ISO_5V] of C_RSDEC1 on F.Cu
    @(47.1800 mm, 219.6750 mm): Pad 1 [ISO_5V] of C_ISOOUT1 on F.Cu
[unconnected_items]: Missing connection between items
    Local override; error
    @(47.1800 mm, 222.1850 mm): Pad 1 [ISO_5V] of C_RSDEC1 on F.Cu
    @(57.0550 mm, 230.0550 mm): Pad 16 [ISO_5V] of U_ISO1 on F.Cu
[unconnected_items]: Missing connection between items
    Local override; error
    @(47.3000 mm, 245.4450 mm): Pad 1 [ISO_5V] of C_ISOBULK2 on F.Cu
    @(52.6500 mm, 248.5750 mm): Pad 8 [ISO_5V] of U_RS485_TX1 on F.Cu
[unconnected_items]: Missing connection between items
    Local override; error
    @(51.7350 mm, 215.1750 mm): Pad 1 [ISO_5V] of TP_ISO5V1 on F.Cu
    @(47.1800 mm, 219.6750 mm): Pad 1 [ISO_5V] of C_ISOOUT1 on F.Cu
[unconnected_items]: Missing connection between items
    Local override; error
    @(51.7350 mm, 215.1750 mm): Pad 1 [ISO_5V] of TP_ISO5V1 on F.Cu
    @(118.3274 mm, 37.8776 mm): Track [ISO_5V] on F.Cu, length 3.7864 mm
[unconnected_items]: Missing connection between items
    Local override; error
    @(57.0550 mm, 230.0550 mm): Pad 16 [ISO_5V] of U_ISO1 on F.Cu
    @(47.3000 mm, 245.4450 mm): Pad 1 [ISO_5V] of C_ISOBULK2 on F.Cu
[unconnected_items]: Missing connection between items
    Local override; error
    @(69.0000 mm, 108.0000 mm): Track [Net-(JP_IGND6-Pin_1)] on F.Cu, length 1.1767 mm
    @(113.4675 mm, 169.7750 mm): Pad 2 [Net-(JP_IGND6-Pin_1)] of R_BURDEN6 on F.Cu
[unconnected_items]: Missing connection between items
    Local override; error
    @(85.2050 mm, 201.9850 mm): PTH pad 1 [Net-(JP_IGND6-Pin_1)] of JP_IGND6
    @(113.4675 mm, 169.7750 mm): Pad 2 [Net-(JP_IGND6-Pin_1)] of R_BURDEN6 on F.Cu
[unconnected_items]: Missing connection between items
    Local override; error
    @(127.6500 mm, 203.2550 mm): Pad 1 [VIN_12V] of D1 on F.Cu
    @(135.3200 mm, 202.6050 mm): Pad 1 [VIN_12V] of C_IN1 on F.Cu
[unconnected_items]: Missing connection between items
    Local override; error
    @(145.5025 mm, 195.9450 mm): Pad 1 [VIN_12V] of R_SHDN1 on F.Cu
    @(145.5025 mm, 190.0450 mm): Pad 1 [VIN_12V] of R_OVP1 on F.Cu
[unconnected_items]: Missing connection between items
    Local override; error
    @(145.5025 mm, 198.8950 mm): Pad 1 [VIN_12V] of R_UVLO1 on F.Cu
    @(145.5025 mm, 195.9450 mm): Pad 1 [VIN_12V] of R_SHDN1 on F.Cu
[unconnected_items]: Missing connection between items
    Local override; error
    @(145.5025 mm, 198.8950 mm): Pad 1 [VIN_12V] of R_UVLO1 on F.Cu
    @(135.3200 mm, 202.6050 mm): Pad 1 [VIN_12V] of C_IN1 on F.Cu
[unconnected_items]: Missing connection between items
    Local override; error
    @(156.2075 mm, 199.0100 mm): Pad 1 [VIN_12V] of U1 on F.Cu
    @(145.5025 mm, 198.8950 mm): Pad 1 [VIN_12V] of R_UVLO1 on F.Cu
[unconnected_items]: Missing connection between items
    Local override; error
    @(156.2075 mm, 199.6600 mm): Pad 2 [VIN_12V] of U1 on F.Cu
    @(156.2075 mm, 199.0100 mm): Pad 1 [VIN_12V] of U1 on F.Cu
[unconnected_items]: Missing connection between items
    Local override; error
    @(153.0875 mm, 92.1774 mm): Track [VIN_12V] on F.Cu, length 8.3798 mm
    @(160.9400 mm, 190.9250 mm): Pad 2 [VIN_12V] of F1 on F.Cu
[unconnected_items]: Missing connection between items
    Local override; error
    @(160.9400 mm, 190.9250 mm): Pad 2 [VIN_12V] of F1 on F.Cu
    @(156.2075 mm, 199.0100 mm): Pad 1 [VIN_12V] of U1 on F.Cu
[unconnected_items]: Missing connection between items
    Local override; error
    @(89.5750 mm, 158.8950 mm): PTH pad 1 [/MCU/net_DEBUG_TX] of J_PROG1
    @(106.6850 mm, 137.8250 mm): Pad 37 [/MCU/net_DEBUG_TX] of U_MCU1 on F.Cu
[unconnected_items]: Missing connection between items
    Local override; error
    @(106.6850 mm, 137.8250 mm): Pad 37 [/MCU/net_DEBUG_TX] of U_MCU1 on F.Cu
    @(83.0000 mm, 20.0000 mm): Track [/MCU/net_DEBUG_TX] on F.Cu, length 1.1767 mm
[unconnected_items]: Missing connection between items
    Local override; error
    @(89.5750 mm, 161.4350 mm): PTH pad 2 [/MCU/net_DEBUG_RX] of J_PROG1
    @(106.6850 mm, 139.0950 mm): Pad 36 [/MCU/net_DEBUG_RX] of U_MCU1 on F.Cu
[unconnected_items]: Missing connection between items
    Local override; error
    @(106.6850 mm, 139.0950 mm): Pad 36 [/MCU/net_DEBUG_RX] of U_MCU1 on F.Cu
    @(83.0000 mm, 22.5400 mm): PTH pad 2 [/MCU/net_DEBUG_RX] of J_PROG1
[unconnected_items]: Missing connection between items
    Local override; error
    @(60.3050 mm, 112.5950 mm): Pad 1 [unconnected-(U_VALVEEXP1-GPB0-Pad1)] of U_VALVEEXP1 on F.Cu
    @(111.2550 mm, 77.3500 mm): Pad 1 [unconnected-(U_VALVEEXP1-GPB0-Pad1)] of U_VALVEEXP1 on F.Cu
[unconnected_items]: Missing connection between items
    Local override; error
    @(60.3050 mm, 113.8650 mm): Pad 2 [unconnected-(U_VALVEEXP1-GPB1-Pad2)] of U_VALVEEXP1 on F.Cu
    @(109.9850 mm, 77.3500 mm): Pad 2 [unconnected-(U_VALVEEXP1-GPB1-Pad2)] of U_VALVEEXP1 on F.Cu
[unconnected_items]: Missing connection between items
    Local override; error
    @(60.3050 mm, 115.1350 mm): Pad 3 [unconnected-(U_VALVEEXP1-GPB2-Pad3)] of U_VALVEEXP1 on F.Cu
    @(108.7150 mm, 77.3500 mm): Pad 3 [unconnected-(U_VALVEEXP1-GPB2-Pad3)] of U_VALVEEXP1 on F.Cu
[unconnected_items]: Missing connection between items
    Local override; error
    @(60.3050 mm, 116.4050 mm): Pad 4 [unconnected-(U_VALVEEXP1-GPB3-Pad4)] of U_VALVEEXP1 on F.Cu
    @(107.4450 mm, 77.3500 mm): Pad 4 [unconnected-(U_VALVEEXP1-GPB3-Pad4)] of U_VALVEEXP1 on F.Cu
[unconnected_items]: Missing connection between items
    Local override; error
    @(60.3050 mm, 117.6750 mm): Pad 5 [unconnected-(U_VALVEEXP1-GPB4-Pad5)] of U_VALVEEXP1 on F.Cu
    @(106.1750 mm, 77.3500 mm): Pad 5 [unconnected-(U_VALVEEXP1-GPB4-Pad5)] of U_VALVEEXP1 on F.Cu
[unconnected_items]: Missing connection between items
    Local override; error
    @(60.3050 mm, 118.9450 mm): Pad 6 [unconnected-(U_VALVEEXP1-GPB5-Pad6)] of U_VALVEEXP1 on F.Cu
    @(104.9050 mm, 77.3500 mm): Pad 6 [unconnected-(U_VALVEEXP1-GPB5-Pad6)] of U_VALVEEXP1 on F.Cu
[unconnected_items]: Missing connection between items
    Local override; error
    @(60.3050 mm, 120.2150 mm): Pad 7 [unconnected-(U_VALVEEXP1-GPB6-Pad7)] of U_VALVEEXP1 on F.Cu
    @(103.6350 mm, 77.3500 mm): Pad 7 [unconnected-(U_VALVEEXP1-GPB6-Pad7)] of U_VALVEEXP1 on F.Cu
[unconnected_items]: Missing connection between items
    Local override; error
    @(60.3050 mm, 121.4850 mm): Pad 8 [unconnected-(U_VALVEEXP1-GPB7-Pad8)] of U_VALVEEXP1 on F.Cu
    @(102.3650 mm, 77.3500 mm): Pad 8 [unconnected-(U_VALVEEXP1-GPB7-Pad8)] of U_VALVEEXP1 on F.Cu
[unconnected_items]: Missing connection between items
    Local override; error
    @(60.3050 mm, 125.2950 mm): Pad 11 [VALVE_SPI_CS] of U_VALVEEXP1 on F.Cu
    @(94.7600 mm, 151.7750 mm): Pad 18 [VALVE_SPI_CS] of U_MCU1 on F.Cu
[unconnected_items]: Missing connection between items
    Local override; error
    @(60.3050 mm, 125.2950 mm): Pad 11 [VALVE_SPI_CS] of U_VALVEEXP1 on F.Cu
    @(98.5550 mm, 77.3500 mm): Pad 11 [VALVE_SPI_CS] of U_VALVEEXP1 on F.Cu
[unconnected_items]: Missing connection between items
    Local override; error
    @(60.3050 mm, 126.5650 mm): Pad 12 [VALVE_SPI_SCLK] of U_VALVEEXP1 on F.Cu
    @(97.3000 mm, 151.7750 mm): Pad 20 [VALVE_SPI_SCLK] of U_MCU1 on F.Cu
[unconnected_items]: Missing connection between items
    Local override; error
    @(97.2850 mm, 77.3500 mm): Pad 12 [VALVE_SPI_SCLK] of U_VALVEEXP1 on F.Cu
    @(60.3050 mm, 126.5650 mm): Pad 12 [VALVE_SPI_SCLK] of U_VALVEEXP1 on F.Cu
[unconnected_items]: Missing connection between items
    Local override; error
    @(60.3050 mm, 127.8350 mm): Pad 13 [VALVE_SPI_MOSI] of U_VALVEEXP1 on F.Cu
    @(96.0300 mm, 151.7750 mm): Pad 19 [VALVE_SPI_MOSI] of U_MCU1 on F.Cu
[unconnected_items]: Missing connection between items
    Local override; error
    @(60.3050 mm, 127.8350 mm): Pad 13 [VALVE_SPI_MOSI] of U_VALVEEXP1 on F.Cu
    @(96.0150 mm, 77.3500 mm): Pad 13 [VALVE_SPI_MOSI] of U_VALVEEXP1 on F.Cu
[unconnected_items]: Missing connection between items
    Local override; error
    @(60.3050 mm, 129.1050 mm): Pad 14 [VALVE_SPI_MISO] of U_VALVEEXP1 on F.Cu
    @(98.5700 mm, 151.7750 mm): Pad 21 [VALVE_SPI_MISO] of U_MCU1 on F.Cu
[unconnected_items]: Missing connection between items
    Local override; error
    @(60.3050 mm, 129.1050 mm): Pad 14 [VALVE_SPI_MISO] of U_VALVEEXP1 on F.Cu
    @(93.8250 mm, 76.4300 mm): Track [VALVE_SPI_MISO] on F.Cu, length 9.7905 mm
[unconnected_items]: Missing connection between items
    Local override; error
    @(69.6050 mm, 125.2950 mm): Pad 18 [/Motor Valve/EXP_RESET_N] of U_VALVEEXP1 on F.Cu
    @(61.3300 mm, 136.8450 mm): Pad 2 [/Motor Valve/EXP_RESET_N] of R_EXP_RESET1 on F.Cu
[unconnected_items]: Missing connection between items
    Local override; error
    @(97.8250 mm, 91.0000 mm): Track [/Motor Valve/EXP_RESET_N] on F.Cu, length 1.0324 mm
    @(69.6050 mm, 125.2950 mm): Pad 18 [/Motor Valve/EXP_RESET_N] of U_VALVEEXP1 on F.Cu
[unconnected_items]: Missing connection between items
    Local override; error
    @(69.6050 mm, 124.0250 mm): Pad 19 [unconnected-(U_VALVEEXP1-INTB-Pad19)] of U_VALVEEXP1 on F.Cu
    @(99.8250 mm, 86.6500 mm): Pad 19 [unconnected-(U_VALVEEXP1-INTB-Pad19)] of U_VALVEEXP1 on F.Cu
[unconnected_items]: Missing connection between items
    Local override; error
    @(69.6050 mm, 122.7550 mm): Pad 20 [unconnected-(U_VALVEEXP1-INTA-Pad20)] of U_VALVEEXP1 on F.Cu
    @(101.0950 mm, 86.6500 mm): Pad 20 [unconnected-(U_VALVEEXP1-INTA-Pad20)] of U_VALVEEXP1 on F.Cu
[unconnected_items]: Missing connection between items
    Local override; error
    @(59.6800 mm, 139.3550 mm): Pad 1 [/Motor Valve/RELAY_CMD1] of R_RELAY_PD1 on F.Cu
    @(60.3050 mm, 147.2200 mm): Pad 1 [/Motor Valve/RELAY_CMD1] of U_RELAY1 on F.Cu
[unconnected_items]: Missing connection between items
    Local override; error
    @(69.6050 mm, 121.4850 mm): Pad 21 [/Motor Valve/RELAY_CMD1] of U_VALVEEXP1 on F.Cu
    @(59.6800 mm, 139.3550 mm): Pad 1 [/Motor Valve/RELAY_CMD1] of R_RELAY_PD1 on F.Cu
[unconnected_items]: Missing connection between items
    Local override; error
    @(91.0000 mm, 95.8250 mm): Track [/Motor Valve/RELAY_CMD1] on F.Cu, length 7.5093 mm
    @(69.6050 mm, 121.4850 mm): Pad 21 [/Motor Valve/RELAY_CMD1] of U_VALVEEXP1 on F.Cu
[unconnected_items]: Missing connection between items
    Local override; error
    @(59.6800 mm, 141.8650 mm): Pad 1 [/Motor Valve/RELAY_CMD2] of R_RELAY_PD2 on F.Cu
    @(60.3050 mm, 148.4900 mm): Pad 2 [/Motor Valve/RELAY_CMD2] of U_RELAY1 on F.Cu
[unconnected_items]: Missing connection between items
    Local override; error
    @(69.6050 mm, 120.2150 mm): Pad 22 [/Motor Valve/RELAY_CMD2] of U_VALVEEXP1 on F.Cu
    @(59.6800 mm, 141.8650 mm): Pad 1 [/Motor Valve/RELAY_CMD2] of R_RELAY_PD2 on F.Cu
[unconnected_items]: Missing connection between items
    Local override; error
    @(94.0000 mm, 95.8250 mm): Track [/Motor Valve/RELAY_CMD2] on F.Cu, length 1.6619 mm
    @(69.6050 mm, 120.2150 mm): Pad 22 [/Motor Valve/RELAY_CMD2] of U_VALVEEXP1 on F.Cu
[unconnected_items]: Missing connection between items
    Local override; error
    @(59.6800 mm, 144.3750 mm): Pad 1 [/Motor Valve/RELAY_CMD3] of R_RELAY_PD3 on F.Cu
    @(60.3050 mm, 149.7600 mm): Pad 3 [/Motor Valve/RELAY_CMD3] of U_RELAY1 on F.Cu
[unconnected_items]: Missing connection between items
    Local override; error
    @(69.6050 mm, 118.9450 mm): Pad 23 [/Motor Valve/RELAY_CMD3] of U_VALVEEXP1 on F.Cu
    @(59.6800 mm, 144.3750 mm): Pad 1 [/Motor Valve/RELAY_CMD3] of R_RELAY_PD3 on F.Cu
[unconnected_items]: Missing connection between items
    Local override; error
    @(96.1303 mm, 93.7299 mm): Track [/Motor Valve/RELAY_CMD3] on B.Cu, length 2.8473 mm
    @(69.6050 mm, 118.9450 mm): Pad 23 [/Motor Valve/RELAY_CMD3] of U_VALVEEXP1 on F.Cu
[unconnected_items]: Missing connection between items
    Local override; error
    @(63.6900 mm, 131.8250 mm): Pad 1 [/Motor Valve/RELAY_CMD4] of R_RELAY_PD4 on F.Cu
    @(60.3050 mm, 151.0300 mm): Pad 4 [/Motor Valve/RELAY_CMD4] of U_RELAY1 on F.Cu
[unconnected_items]: Missing connection between items
    Local override; error
    @(69.6050 mm, 117.6750 mm): Pad 24 [/Motor Valve/RELAY_CMD4] of U_VALVEEXP1 on F.Cu
    @(63.6900 mm, 131.8250 mm): Pad 1 [/Motor Valve/RELAY_CMD4] of R_RELAY_PD4 on F.Cu
[unconnected_items]: Missing connection between items
    Local override; error
    @(69.6050 mm, 117.6750 mm): Pad 24 [/Motor Valve/RELAY_CMD4] of U_VALVEEXP1 on F.Cu
    @(99.1917 mm, 93.7380 mm): Track [/Motor Valve/RELAY_CMD4] on F.Cu, length 1.2787 mm
[unconnected_items]: Missing connection between items
    Local override; error
    @(63.6900 mm, 134.3350 mm): Pad 1 [/Motor Valve/RELAY_CMD5] of R_RELAY_PD5 on F.Cu
    @(60.3050 mm, 152.3000 mm): Pad 5 [/Motor Valve/RELAY_CMD5] of U_RELAY1 on F.Cu
[unconnected_items]: Missing connection between items
    Local override; error
    @(69.6050 mm, 116.4050 mm): Pad 25 [/Motor Valve/RELAY_CMD5] of U_VALVEEXP1 on F.Cu
    @(63.6900 mm, 134.3350 mm): Pad 1 [/Motor Valve/RELAY_CMD5] of R_RELAY_PD5 on F.Cu
[unconnected_items]: Missing connection between items
    Local override; error
    @(69.6050 mm, 116.4050 mm): Pad 25 [/Motor Valve/RELAY_CMD5] of U_VALVEEXP1 on F.Cu
    @(103.8468 mm, 99.7051 mm): Track [/Motor Valve/RELAY_CMD5] on F.Cu, length 1.1976 mm
[unconnected_items]: Missing connection between items
    Local override; error
    @(63.6900 mm, 139.3550 mm): Pad 1 [/Motor Valve/RELAY_CMD7] of R_RELAY_PD7 on F.Cu
    @(60.3050 mm, 154.8400 mm): Pad 7 [/Motor Valve/RELAY_CMD7] of U_RELAY1 on F.Cu
[unconnected_items]: Missing connection between items
    Local override; error
    @(69.6050 mm, 113.8650 mm): Pad 27 [/Motor Valve/RELAY_CMD7] of U_VALVEEXP1 on F.Cu
    @(63.6900 mm, 139.3550 mm): Pad 1 [/Motor Valve/RELAY_CMD7] of R_RELAY_PD7 on F.Cu
[unconnected_items]: Missing connection between items
    Local override; error
    @(96.8379 mm, 99.0147 mm): Track [/Motor Valve/RELAY_CMD7] on F.Cu, length 0.3683 mm
    @(69.6050 mm, 113.8650 mm): Pad 27 [/Motor Valve/RELAY_CMD7] of U_VALVEEXP1 on F.Cu
[unconnected_items]: Missing connection between items
    Local override; error
    @(60.3050 mm, 156.1100 mm): Pad 8 [/Motor Valve/RELAY_CMD8] of U_RELAY1 on F.Cu
    @(63.6900 mm, 141.8650 mm): Pad 1 [/Motor Valve/RELAY_CMD8] of R_RELAY_PD8 on F.Cu
[unconnected_items]: Missing connection between items
    Local override; error
    @(63.6900 mm, 141.8650 mm): Pad 1 [/Motor Valve/RELAY_CMD8] of R_RELAY_PD8 on F.Cu
    @(69.6050 mm, 112.5950 mm): Pad 28 [/Motor Valve/RELAY_CMD8] of U_VALVEEXP1 on F.Cu
[unconnected_items]: Missing connection between items
    Local override; error
    @(69.6050 mm, 112.5950 mm): Pad 28 [/Motor Valve/RELAY_CMD8] of U_VALVEEXP1 on F.Cu
    @(98.8868 mm, 98.0468 mm): Track [/Motor Valve/RELAY_CMD8] on F.Cu, length 1.3351 mm
[unconnected_items]: Missing connection between items
    Local override; error
    @(130.1450 mm, 174.5700 mm): PTH pad 1 [/Power/DC_IN_RAW_P] of J1
    @(156.0300 mm, 190.9250 mm): Pad 1 [/Power/DC_IN_RAW_P] of F1 on F.Cu
[unconnected_items]: Missing connection between items
    Local override; error
    @(178.5450 mm, 78.0000 mm): Pad 1 [/Power/DC_IN_RAW_P] of F1 on F.Cu
    @(130.1450 mm, 174.5700 mm): PTH pad 1 [/Power/DC_IN_RAW_P] of J1
[unconnected_items]: Missing connection between items
    Local override; error
    @(34.2016 mm, 11.7346 mm): Track [/Power/net_USB_VBUS] on B.Cu, length 2.0001 mm
    @(129.0250 mm, 192.0950 mm): Pad B9 [/Power/net_USB_VBUS] of J_USB1 on F.Cu
[unconnected_items]: Missing connection between items
    Local override; error
    @(129.0250 mm, 192.0950 mm): Pad B9 [/Power/net_USB_VBUS] of J_USB1 on F.Cu
    @(133.8250 mm, 192.0950 mm): Pad B4 [/Power/net_USB_VBUS] of J_USB1 on F.Cu
[unconnected_items]: Missing connection between items
    Local override; error
    @(133.8250 mm, 192.0950 mm): Pad B4 [/Power/net_USB_VBUS] of J_USB1 on F.Cu
    @(159.1550 mm, 186.2750 mm): Pad 1 [/Power/net_USB_VBUS] of TP_USBVBUS1 on F.Cu
[unconnected_items]: Missing connection between items
    Local override; error
    @(47.7000 mm, 248.5750 mm): Pad 1 [/RS-485/net_ISO_RO] of U_RS485_TX1 on F.Cu
    @(57.0550 mm, 237.6750 mm): Pad 10 [/RS-485/net_ISO_RO] of U_ISO1 on F.Cu
[unconnected_items]: Missing connection between items
    Local override; error
    @(51.7350 mm, 225.8250 mm): Pad 1 [/RS-485/net_ISO_RO] of TP_RS485RO1 on F.Cu
    @(57.0550 mm, 237.6750 mm): Pad 10 [/RS-485/net_ISO_RO] of U_ISO1 on F.Cu
[unconnected_items]: Missing connection between items
    Local override; error
    @(124.4071 mm, 55.1071 mm): Track [/RS-485/net_ISO_RO] on F.Cu, length 3.4858 mm
    @(51.7350 mm, 225.8250 mm): Pad 1 [/RS-485/net_ISO_RO] of TP_RS485RO1 on F.Cu
[unconnected_items]: Missing connection between items
    Local override; error
    @(47.7000 mm, 249.8450 mm): Pad 2 [/RS-485/net_ISO_DIR] of U_RS485_TX1 on F.Cu
    @(47.7000 mm, 251.1150 mm): Pad 3 [/RS-485/net_ISO_DIR] of U_RS485_TX1 on F.Cu
[unconnected_items]: Missing connection between items
    Local override; error
    @(47.7000 mm, 249.8450 mm): Pad 2 [/RS-485/net_ISO_DIR] of U_RS485_TX1 on F.Cu
    @(57.0550 mm, 232.5950 mm): Pad 14 [/RS-485/net_ISO_DIR] of U_ISO1 on F.Cu
[unconnected_items]: Missing connection between items
    Local override; error
    @(57.0550 mm, 232.5950 mm): Pad 14 [/RS-485/net_ISO_DIR] of U_ISO1 on F.Cu
    @(47.1300 mm, 224.6950 mm): Pad 1 [/RS-485/net_ISO_DIR] of R_ISODE1 on F.Cu
[unconnected_items]: Missing connection between items
    Local override; error
    @(121.1990 mm, 43.7392 mm): Track [/RS-485/net_ISO_DIR] on F.Cu, length 4.9048 mm
    @(47.1300 mm, 224.6950 mm): Pad 1 [/RS-485/net_ISO_DIR] of R_ISODE1 on F.Cu
[unconnected_items]: Missing connection between items
    Local override; error
    @(43.7650 mm, 161.6500 mm): PTH pad 1 [/Motor Valve/RLY5_COM] of J_RELAY5
    @(29.1350 mm, 171.2750 mm): PTH pad 2 [/Motor Valve/RLY5_COM] of K5
[unconnected_items]: Missing connection between items
    Local override; error
    @(103.0000 mm, 143.0000 mm): Track [/Motor Valve/RLY5_COM] on F.Cu, length 2.8284 mm
    @(43.7650 mm, 161.6500 mm): PTH pad 1 [/Motor Valve/RLY5_COM] of J_RELAY5
[unconnected_items]: Missing connection between items
    Local override; error
    @(48.8450 mm, 161.6500 mm): PTH pad 2 [/Motor Valve/RLY5_NO] of J_RELAY5
    @(36.7550 mm, 171.2750 mm): PTH pad 3 [/Motor Valve/RLY5_NO] of K5
[unconnected_items]: Missing connection between items
    Local override; error
    @(106.0000 mm, 135.7800 mm): Track [/Motor Valve/RLY5_NO] on F.Cu, length 5.7700 mm
    @(48.8450 mm, 161.6500 mm): PTH pad 2 [/Motor Valve/RLY5_NO] of J_RELAY5
[unconnected_items]: Missing connection between items
    Local override; error
    @(34.2150 mm, 163.6550 mm): PTH pad 4 [/Motor Valve/RLY5_NC] of K5
    @(53.9250 mm, 161.6500 mm): PTH pad 3 [/Motor Valve/RLY5_NC] of J_RELAY5
[unconnected_items]: Missing connection between items
    Local override; error
    @(53.9250 mm, 161.6500 mm): PTH pad 3 [/Motor Valve/RLY5_NC] of J_RELAY5
    @(115.1600 mm, 145.0000 mm): PTH pad 3 [/Motor Valve/RLY5_NC] of J_RELAY5
[unconnected_items]: Missing connection between items
    Local override; error
    @(130.1750 mm, 192.0950 mm): Pad A5 [/Power/net_CC1] of J_USB1 on F.Cu
    @(141.0925 mm, 190.0450 mm): Pad 1 [/Power/net_CC1] of R_CC1_1 on F.Cu
[unconnected_items]: Missing connection between items
    Local override; error
    @(130.1750 mm, 192.0950 mm): Pad A5 [/Power/net_CC1] of J_USB1 on F.Cu
    @(29.0000 mm, 11.9125 mm): Track [/Power/net_CC1] on F.Cu, length 1.0438 mm
[unconnected_items]: Missing connection between items
    Local override; error
    @(96.1125 mm, 163.8600 mm): Pad 2 [Net-(D_PWR1-A)] of D_PWR1 on F.Cu
    @(125.5775 mm, 124.2750 mm): Pad 2 [Net-(D_PWR1-A)] of R_PWR1 on F.Cu
[unconnected_items]: Missing connection between items
    Local override; error
    @(125.5775 mm, 124.2750 mm): Pad 2 [Net-(D_PWR1-A)] of R_PWR1 on F.Cu
    @(96.9125 mm, 14.0000 mm): Pad 2 [Net-(D_PWR1-A)] of R_PWR1 on F.Cu
[unconnected_items]: Missing connection between items
    Local override; error
    @(52.2721 mm, 103.1846 mm): Track [SENSOR_CH5] on F.Cu, length 5.4808 mm
    @(89.1850 mm, 140.3650 mm): Pad 6 [SENSOR_CH5] of U_MCU1 on F.Cu
[unconnected_items]: Missing connection between items
    Local override; error
    @(76.8025 mm, 212.5750 mm): Pad 3 [SENSOR_CH5] of D_CLHI5 on F.Cu
    @(89.7950 mm, 211.6650 mm): PTH pad 2 [SENSOR_CH5] of JP_VBYP5
[unconnected_items]: Missing connection between items
    Local override; error
    @(89.7950 mm, 211.6650 mm): PTH pad 2 [SENSOR_CH5] of JP_VBYP5
    @(116.0500 mm, 203.8450 mm): Pad 1 [SENSOR_CH5] of C_FILT5 on F.Cu
[unconnected_items]: Missing connection between items
    Local override; error
    @(107.2325 mm, 181.5750 mm): Pad 1 [SENSOR_CH5] of R_BURDEN5 on F.Cu
    @(117.8775 mm, 175.6750 mm): Pad 2 [SENSOR_CH5] of R_SER5 on F.Cu
[unconnected_items]: Missing connection between items
    Local override; error
    @(107.2325 mm, 181.5750 mm): Pad 1 [SENSOR_CH5] of R_BURDEN5 on F.Cu
    @(116.0500 mm, 203.8450 mm): Pad 1 [SENSOR_CH5] of C_FILT5 on F.Cu
[unconnected_items]: Missing connection between items
    Local override; error
    @(107.2325 mm, 181.5750 mm): Pad 1 [SENSOR_CH5] of R_BURDEN5 on F.Cu
    @(89.1850 mm, 140.3650 mm): Pad 6 [SENSOR_CH5] of U_MCU1 on F.Cu
[unconnected_items]: Missing connection between items
    Local override; error
    @(120.4625 mm, 178.6250 mm): Pad 1 [SENSOR_CH5] of R_VBOT5 on F.Cu
    @(117.8775 mm, 175.6750 mm): Pad 2 [SENSOR_CH5] of R_SER5 on F.Cu
[unconnected_items]: Missing connection between items
    Local override; error
    @(47.7000 mm, 252.3850 mm): Pad 4 [/RS-485/net_ISO_DI] of U_RS485_TX1 on F.Cu
    @(57.0550 mm, 231.3250 mm): Pad 15 [/RS-485/net_ISO_DI] of U_ISO1 on F.Cu
[unconnected_items]: Missing connection between items
    Local override; error
    @(51.7350 mm, 222.2750 mm): Pad 1 [/RS-485/net_ISO_DI] of TP_RS485DI1 on F.Cu
    @(57.0550 mm, 231.3250 mm): Pad 15 [/RS-485/net_ISO_DI] of U_ISO1 on F.Cu
[unconnected_items]: Missing connection between items
    Local override; error
    @(51.7350 mm, 222.2750 mm): Pad 1 [/RS-485/net_ISO_DI] of TP_RS485DI1 on F.Cu
    @(125.0000 mm, 54.0000 mm): Pad 1 [/RS-485/net_ISO_DI] of TP_RS485DI1 on F.Cu
[unconnected_items]: Missing connection between items
    Local override; error
    @(76.8025 mm, 203.6750 mm): Pad 3 [SENSOR_CH3] of D_CLHI3 on F.Cu
    @(80.6150 mm, 211.6650 mm): PTH pad 2 [SENSOR_CH3] of JP_VBYP3
[unconnected_items]: Missing connection between items
    Local override; error
    @(76.9375 mm, 78.0000 mm): Pad 3 [SENSOR_CH3] of D_CLHI3 on F.Cu
    @(89.1850 mm, 137.8250 mm): Pad 4 [SENSOR_CH3] of U_MCU1 on F.Cu
[unconnected_items]: Missing connection between items
    Local override; error
    @(80.6150 mm, 211.6650 mm): PTH pad 2 [SENSOR_CH3] of JP_VBYP3
    @(116.0500 mm, 198.8250 mm): Pad 1 [SENSOR_CH3] of C_FILT3 on F.Cu
[unconnected_items]: Missing connection between items
    Local override; error
    @(107.2325 mm, 175.6750 mm): Pad 1 [SENSOR_CH3] of R_BURDEN3 on F.Cu
    @(116.0500 mm, 198.8250 mm): Pad 1 [SENSOR_CH3] of C_FILT3 on F.Cu
[unconnected_items]: Missing connection between items
    Local override; error
    @(107.2325 mm, 175.6750 mm): Pad 1 [SENSOR_CH3] of R_BURDEN3 on F.Cu
    @(89.1850 mm, 137.8250 mm): Pad 4 [SENSOR_CH3] of U_MCU1 on F.Cu
[unconnected_items]: Missing connection between items
    Local override; error
    @(117.8775 mm, 169.7750 mm): Pad 2 [SENSOR_CH3] of R_SER3 on F.Cu
    @(120.4625 mm, 172.7250 mm): Pad 1 [SENSOR_CH3] of R_VBOT3 on F.Cu
[unconnected_items]: Missing connection between items
    Local override; error
    @(117.8775 mm, 169.7750 mm): Pad 2 [SENSOR_CH3] of R_SER3 on F.Cu
    @(107.2325 mm, 175.6750 mm): Pad 1 [SENSOR_CH3] of R_BURDEN3 on F.Cu
[unconnected_items]: Missing connection between items
    Local override; error
    @(154.2050 mm, 186.0050 mm): Pad 1 [/Power/EF_DVDT] of C_DVDT1 on F.Cu
    @(161.9325 mm, 201.6100 mm): Pad 12 [/Power/EF_DVDT] of U1 on F.Cu
[unconnected_items]: Missing connection between items
    Local override; error
    @(168.0000 mm, 94.9500 mm): Track [/Power/EF_DVDT] on F.Cu, length 1.4520 mm
    @(154.2050 mm, 186.0050 mm): Pad 1 [/Power/EF_DVDT] of C_DVDT1 on F.Cu
[unconnected_items]: Missing connection between items
    Local override; error
    @(18.9750 mm, 196.3750 mm): PTH pad 1 [/Motor Valve/COIL_LOW7] of K7
    @(69.6050 mm, 154.8400 mm): Pad 12 [/Motor Valve/COIL_LOW7] of U_RELAY1 on F.Cu
[unconnected_items]: Missing connection between items
    Local override; error
    @(69.6050 mm, 154.8400 mm): Pad 12 [/Motor Valve/COIL_LOW7] of U_RELAY1 on F.Cu
    @(100.4600 mm, 107.6500 mm): Pad 12 [/Motor Valve/COIL_LOW7] of U_RELAY1 on F.Cu
[unconnected_items]: Missing connection between items
    Local override; error
    @(25.0000 mm, 75.0000 mm): Track [/Sensors & LORA/net_CH1_SIG] on F.Cu, length 1.1767 mm
    @(76.9750 mm, 186.6600 mm): PTH pad 1 [/Sensors & LORA/net_CH1_SIG] of J_SENSOR_SIG1
[unconnected_items]: Missing connection between items
    Local override; error
    @(76.9750 mm, 186.6600 mm): PTH pad 1 [/Sensors & LORA/net_CH1_SIG] of J_SENSOR_SIG1
    @(89.7950 mm, 201.9850 mm): PTH pad 1 [/Sensors & LORA/net_CH1_SIG] of JP_VBYP1
[unconnected_items]: Missing connection between items
    Local override; error
    @(89.7950 mm, 201.9850 mm): PTH pad 1 [/Sensors & LORA/net_CH1_SIG] of JP_VBYP1
    @(111.6425 mm, 178.6250 mm): Pad 1 [/Sensors & LORA/net_CH1_SIG] of R_SER1 on F.Cu
[unconnected_items]: Missing connection between items
    Local override; error
    @(63.0000 mm, 75.0000 mm): Track [/Sensors & LORA/net_CH3_SIG] on F.Cu, length 1.1767 mm
    @(116.0525 mm, 169.7750 mm): Pad 1 [/Sensors & LORA/net_CH3_SIG] of R_SER3 on F.Cu
[unconnected_items]: Missing connection between items
    Local override; error
    @(87.1350 mm, 186.6600 mm): PTH pad 3 [/Sensors & LORA/net_CH3_SIG] of J_SENSOR_SIG1
    @(80.6150 mm, 209.1250 mm): PTH pad 1 [/Sensors & LORA/net_CH3_SIG] of JP_VBYP3
[unconnected_items]: Missing connection between items
    Local override; error
    @(87.1350 mm, 186.6600 mm): PTH pad 3 [/Sensors & LORA/net_CH3_SIG] of J_SENSOR_SIG1
    @(116.0525 mm, 169.7750 mm): Pad 1 [/Sensors & LORA/net_CH3_SIG] of R_SER3 on F.Cu
[unconnected_items]: Missing connection between items
    Local override; error
    @(92.2150 mm, 186.6600 mm): PTH pad 4 [/Sensors & LORA/net_CH4_SIG] of J_SENSOR_SIG1
    @(85.2050 mm, 209.1250 mm): PTH pad 1 [/Sensors & LORA/net_CH4_SIG] of JP_VBYP4
[unconnected_items]: Missing connection between items
    Local override; error
    @(92.2150 mm, 186.6600 mm): PTH pad 4 [/Sensors & LORA/net_CH4_SIG] of J_SENSOR_SIG1
    @(116.0525 mm, 172.7250 mm): Pad 1 [/Sensors & LORA/net_CH4_SIG] of R_SER4 on F.Cu
[unconnected_items]: Missing connection between items
    Local override; error
    @(92.2150 mm, 186.6600 mm): PTH pad 4 [/Sensors & LORA/net_CH4_SIG] of J_SENSOR_SIG1
    @(25.0000 mm, 100.0000 mm): Track [/Sensors & LORA/net_CH4_SIG] on F.Cu, length 1.1767 mm
[unconnected_items]: Missing connection between items
    Local override; error
    @(89.7950 mm, 209.1250 mm): PTH pad 1 [/Sensors & LORA/net_CH5_SIG] of JP_VBYP5
    @(97.2950 mm, 186.6600 mm): PTH pad 5 [/Sensors & LORA/net_CH5_SIG] of J_SENSOR_SIG1
[unconnected_items]: Missing connection between items
    Local override; error
    @(97.2950 mm, 186.6600 mm): PTH pad 5 [/Sensors & LORA/net_CH5_SIG] of J_SENSOR_SIG1
    @(116.0525 mm, 175.6750 mm): Pad 1 [/Sensors & LORA/net_CH5_SIG] of R_SER5 on F.Cu
[unconnected_items]: Missing connection between items
    Local override; error
    @(97.2950 mm, 186.6600 mm): PTH pad 5 [/Sensors & LORA/net_CH5_SIG] of J_SENSOR_SIG1
    @(44.0000 mm, 100.0000 mm): Track [/Sensors & LORA/net_CH5_SIG] on F.Cu, length 1.1767 mm
[unconnected_items]: Missing connection between items
    Local override; error
    @(63.0000 mm, 100.0000 mm): Track [/Sensors & LORA/net_CH6_SIG] on F.Cu, length 1.1767 mm
    @(116.0525 mm, 178.6250 mm): Pad 1 [/Sensors & LORA/net_CH6_SIG] of R_SER6 on F.Cu
[unconnected_items]: Missing connection between items
    Local override; error
    @(94.3850 mm, 209.1250 mm): PTH pad 1 [/Sensors & LORA/net_CH6_SIG] of JP_VBYP6
    @(102.3750 mm, 186.6600 mm): PTH pad 6 [/Sensors & LORA/net_CH6_SIG] of J_SENSOR_SIG1
[unconnected_items]: Missing connection between items
    Local override; error
    @(102.3750 mm, 186.6600 mm): PTH pad 6 [/Sensors & LORA/net_CH6_SIG] of J_SENSOR_SIG1
    @(116.0525 mm, 178.6250 mm): Pad 1 [/Sensors & LORA/net_CH6_SIG] of R_SER6 on F.Cu
[unconnected_items]: Missing connection between items
    Local override; error
    @(106.6850 mm, 142.9050 mm): Pad 33 [/MCU/LED_FAULT] of U_MCU1 on F.Cu
    @(123.7525 mm, 118.3750 mm): Pad 1 [/MCU/LED_FAULT] of R_LEDFLT1 on F.Cu
[unconnected_items]: Missing connection between items
    Local override; error
    @(123.7525 mm, 118.3750 mm): Pad 1 [/MCU/LED_FAULT] of R_LEDFLT1 on F.Cu
    @(77.7873 mm, 18.1529 mm): Track [/MCU/LED_FAULT] on B.Cu, length 0.2359 mm
[unconnected_items]: Missing connection between items
    Local override; error
    @(96.1125 mm, 157.7800 mm): Pad 2 [Net-(D_FLT1-A)] of D_FLT1 on F.Cu
    @(125.5775 mm, 118.3750 mm): Pad 2 [Net-(D_FLT1-A)] of R_LEDFLT1 on F.Cu
[unconnected_items]: Missing connection between items
    Local override; error
    @(125.5775 mm, 118.3750 mm): Pad 2 [Net-(D_FLT1-A)] of R_LEDFLT1 on F.Cu
    @(99.9125 mm, 5.0250 mm): Track [Net-(D_FLT1-A)] on F.Cu, length 3.9750 mm
[unconnected_items]: Missing connection between items
    Local override; error
    @(95.0875 mm, 14.0000 mm): Track [/MCU/LED_PWR] on F.Cu, length 2.3800 mm
    @(123.7525 mm, 124.2750 mm): Pad 1 [/MCU/LED_PWR] of R_PWR1 on F.Cu
[unconnected_items]: Missing connection between items
    Local override; error
    @(106.6850 mm, 145.4450 mm): Pad 31 [/MCU/LED_PWR] of U_MCU1 on F.Cu
    @(123.7525 mm, 124.2750 mm): Pad 1 [/MCU/LED_PWR] of R_PWR1 on F.Cu
[unconnected_items]: Missing connection between items
    Local override; error
    @(147.3275 mm, 195.9450 mm): Pad 2 [/Power/EF_SHDN] of R_SHDN1 on F.Cu
    @(156.2075 mm, 202.9100 mm): Pad 7 [/Power/EF_SHDN] of U1 on F.Cu
[unconnected_items]: Missing connection between items
    Local override; error
    @(154.9125 mm, 92.0000 mm): Pad 2 [/Power/EF_SHDN] of R_SHDN1 on F.Cu
    @(147.3275 mm, 195.9450 mm): Pad 2 [/Power/EF_SHDN] of R_SHDN1 on F.Cu
[unconnected_items]: Missing connection between items
    Local override; error
    @(96.1125 mm, 160.8200 mm): Pad 2 [Net-(D_LINK1-A)] of D_LINK1 on F.Cu
    @(125.5775 mm, 121.3250 mm): Pad 2 [Net-(D_LINK1-A)] of R_LINK1 on F.Cu
[unconnected_items]: Missing connection between items
    Local override; error
    @(125.5775 mm, 121.3250 mm): Pad 2 [Net-(D_LINK1-A)] of R_LINK1 on F.Cu
    @(92.9125 mm, 5.0250 mm): Track [Net-(D_LINK1-A)] on F.Cu, length 3.9750 mm
[unconnected_items]: Missing connection between items
    Local override; error
    @(38.7529 mm, 103.1846 mm): Track [SENSOR_CH4] on F.Cu, length 0.2611 mm
    @(89.1850 mm, 139.0950 mm): Pad 5 [SENSOR_CH4] of U_MCU1 on F.Cu
[unconnected_items]: Missing connection between items
    Local override; error
    @(76.8025 mm, 208.1250 mm): Pad 3 [SENSOR_CH4] of D_CLHI4 on F.Cu
    @(85.2050 mm, 211.6650 mm): PTH pad 2 [SENSOR_CH4] of JP_VBYP4
[unconnected_items]: Missing connection between items
    Local override; error
    @(85.2050 mm, 211.6650 mm): PTH pad 2 [SENSOR_CH4] of JP_VBYP4
    @(116.0500 mm, 201.3350 mm): Pad 1 [SENSOR_CH4] of C_FILT4 on F.Cu
[unconnected_items]: Missing connection between items
    Local override; error
    @(107.2325 mm, 178.6250 mm): Pad 1 [SENSOR_CH4] of R_BURDEN4 on F.Cu
    @(117.8775 mm, 172.7250 mm): Pad 2 [SENSOR_CH4] of R_SER4 on F.Cu
[unconnected_items]: Missing connection between items
    Local override; error
    @(107.2325 mm, 178.6250 mm): Pad 1 [SENSOR_CH4] of R_BURDEN4 on F.Cu
    @(89.1850 mm, 139.0950 mm): Pad 5 [SENSOR_CH4] of U_MCU1 on F.Cu
[unconnected_items]: Missing connection between items
    Local override; error
    @(116.0500 mm, 201.3350 mm): Pad 1 [SENSOR_CH4] of C_FILT4 on F.Cu
    @(107.2325 mm, 178.6250 mm): Pad 1 [SENSOR_CH4] of R_BURDEN4 on F.Cu
[unconnected_items]: Missing connection between items
    Local override; error
    @(120.4625 mm, 175.6750 mm): Pad 1 [SENSOR_CH4] of R_VBOT4 on F.Cu
    @(117.8775 mm, 172.7250 mm): Pad 2 [SENSOR_CH4] of R_SER4 on F.Cu
[unconnected_items]: Missing connection between items
    Local override; error
    @(147.3275 mm, 198.8950 mm): Pad 2 [/Power/EF_UVLO] of R_UVLO1 on F.Cu
    @(145.5025 mm, 201.8450 mm): Pad 1 [/Power/EF_UVLO] of R_UVLO2 on F.Cu
[unconnected_items]: Missing connection between items
    Local override; error
    @(153.0000 mm, 80.9125 mm): Pad 1 [/Power/EF_UVLO] of R_UVLO2 on F.Cu
    @(147.3275 mm, 198.8950 mm): Pad 2 [/Power/EF_UVLO] of R_UVLO1 on F.Cu
[unconnected_items]: Missing connection between items
    Local override; error
    @(156.2075 mm, 200.3100 mm): Pad 3 [/Power/EF_UVLO] of U1 on F.Cu
    @(147.3275 mm, 198.8950 mm): Pad 2 [/Power/EF_UVLO] of R_UVLO1 on F.Cu
[unconnected_items]: Missing connection between items
    Local override; error
    @(50.0000 mm, 108.0000 mm): Track [Net-(JP_IGND5-Pin_1)] on F.Cu, length 1.1767 mm
    @(109.0575 mm, 181.5750 mm): Pad 2 [Net-(JP_IGND5-Pin_1)] of R_BURDEN5 on F.Cu
[unconnected_items]: Missing connection between items
    Local override; error
    @(80.6150 mm, 201.9850 mm): PTH pad 1 [Net-(JP_IGND5-Pin_1)] of JP_IGND5
    @(109.0575 mm, 181.5750 mm): Pad 2 [Net-(JP_IGND5-Pin_1)] of R_BURDEN5 on F.Cu
[unconnected_items]: Missing connection between items
    Local override; error
    @(47.1300 mm, 227.2050 mm): Pad 1 [RS485_DE] of R_RSDE1 on F.Cu
    @(47.7550 mm, 232.5950 mm): Pad 3 [RS485_DE] of U_ISO1 on F.Cu
[unconnected_items]: Missing connection between items
    Local override; error
    @(103.1921 mm, 45.8250 mm): Track [RS485_DE] on F.Cu, length 0.8611 mm
    @(106.6850 mm, 141.6350 mm): Pad 34 [RS485_DE] of U_MCU1 on F.Cu
[unconnected_items]: Missing connection between items
    Local override; error
    @(106.6850 mm, 141.6350 mm): Pad 34 [RS485_DE] of U_MCU1 on F.Cu
    @(47.1300 mm, 227.2050 mm): Pad 1 [RS485_DE] of R_RSDE1 on F.Cu
[unconnected_items]: Missing connection between items
    Local override; error
    @(18.9750 mm, 208.9250 mm): PTH pad 1 [/Motor Valve/COIL_LOW8] of K8
    @(69.6050 mm, 156.1100 mm): Pad 11 [/Motor Valve/COIL_LOW8] of U_RELAY1 on F.Cu
[unconnected_items]: Missing connection between items
    Local override; error
    @(69.6050 mm, 156.1100 mm): Pad 11 [/Motor Valve/COIL_LOW8] of U_RELAY1 on F.Cu
    @(99.1900 mm, 107.6500 mm): Pad 11 [/Motor Valve/COIL_LOW8] of U_RELAY1 on F.Cu
[unconnected_items]: Missing connection between items
    Local override; error
    @(69.6050 mm, 153.5700 mm): Pad 13 [/Motor Valve/COIL_LOW6] of U_RELAY1 on F.Cu
    @(18.9750 mm, 183.8250 mm): PTH pad 1 [/Motor Valve/COIL_LOW6] of K6
[unconnected_items]: Missing connection between items
    Local override; error
    @(101.7300 mm, 107.6500 mm): Pad 13 [/Motor Valve/COIL_LOW6] of U_RELAY1 on F.Cu
    @(69.6050 mm, 153.5700 mm): Pad 13 [/Motor Valve/COIL_LOW6] of U_RELAY1 on F.Cu
[unconnected_items]: Missing connection between items
    Local override; error
    @(18.9750 mm, 171.2750 mm): PTH pad 1 [/Motor Valve/COIL_LOW5] of K5
    @(69.6050 mm, 152.3000 mm): Pad 14 [/Motor Valve/COIL_LOW5] of U_RELAY1 on F.Cu
[unconnected_items]: Missing connection between items
    Local override; error
    @(69.6050 mm, 152.3000 mm): Pad 14 [/Motor Valve/COIL_LOW5] of U_RELAY1 on F.Cu
    @(106.0000 mm, 118.0000 mm): Track [/Motor Valve/COIL_LOW5] on F.Cu, length 1.6017 mm
[unconnected_items]: Missing connection between items
    Local override; error
    @(18.9750 mm, 158.7250 mm): PTH pad 1 [/Motor Valve/COIL_LOW4] of K4
    @(69.6050 mm, 151.0300 mm): Pad 15 [/Motor Valve/COIL_LOW4] of U_RELAY1 on F.Cu
[unconnected_items]: Missing connection between items
    Local override; error
    @(82.0000 mm, 118.0000 mm): Track [/Motor Valve/COIL_LOW4] on F.Cu, length 1.6017 mm
    @(69.6050 mm, 151.0300 mm): Pad 15 [/Motor Valve/COIL_LOW4] of U_RELAY1 on F.Cu
[unconnected_items]: Missing connection between items
    Local override; error
    @(58.0000 mm, 118.0000 mm): Track [/Motor Valve/COIL_LOW3] on F.Cu, length 1.6017 mm
    @(18.9750 mm, 146.1750 mm): PTH pad 1 [/Motor Valve/COIL_LOW3] of K3
[unconnected_items]: Missing connection between items
    Local override; error
    @(69.6050 mm, 149.7600 mm): Pad 16 [/Motor Valve/COIL_LOW3] of U_RELAY1 on F.Cu
    @(93.1359 mm, 120.6912 mm): Track [/Motor Valve/COIL_LOW3] on F.Cu, length 30.8430 mm
[unconnected_items]: Missing connection between items
    Local override; error
    @(34.0000 mm, 118.0000 mm): Track [/Motor Valve/COIL_LOW2] on B.Cu, length 1.6017 mm
    @(18.9750 mm, 133.6250 mm): PTH pad 1 [/Motor Valve/COIL_LOW2] of K2
[unconnected_items]: Missing connection between items
    Local override; error
    @(106.8100 mm, 108.2801 mm): Track [/Motor Valve/COIL_LOW2] on F.Cu, length 18.5634 mm
    @(69.6050 mm, 148.4900 mm): Pad 17 [/Motor Valve/COIL_LOW2] of U_RELAY1 on F.Cu
[unconnected_items]: Missing connection between items
    Local override; error
    @(69.0000 mm, 83.0000 mm): PTH pad 1 [Net-(JP_IGND3-Pin_1)] of JP_IGND3
    @(109.0575 mm, 175.6750 mm): Pad 2 [Net-(JP_IGND3-Pin_1)] of R_BURDEN3 on F.Cu
[unconnected_items]: Missing connection between items
    Local override; error
    @(89.7950 mm, 194.8450 mm): PTH pad 1 [Net-(JP_IGND3-Pin_1)] of JP_IGND3
    @(109.0575 mm, 175.6750 mm): Pad 2 [Net-(JP_IGND3-Pin_1)] of R_BURDEN3 on F.Cu
[unconnected_items]: Missing connection between items
    Local override; error
    @(76.8025 mm, 194.7750 mm): Pad 3 [SENSOR_CH1] of D_CLHI1 on F.Cu
    @(89.7950 mm, 204.5250 mm): PTH pad 2 [SENSOR_CH1] of JP_VBYP1
[unconnected_items]: Missing connection between items
    Local override; error
    @(89.7950 mm, 204.5250 mm): PTH pad 2 [SENSOR_CH1] of JP_VBYP1
    @(116.0500 mm, 193.8050 mm): Pad 1 [SENSOR_CH1] of C_FILT1 on F.Cu
[unconnected_items]: Missing connection between items
    Local override; error
    @(106.6850 mm, 135.2850 mm): Pad 39 [SENSOR_CH1] of U_MCU1 on F.Cu
    @(33.0876 mm, 78.0000 mm): Track [SENSOR_CH1] on F.Cu, length 5.8499 mm
[unconnected_items]: Missing connection between items
    Local override; error
    @(107.2325 mm, 169.7750 mm): Pad 1 [SENSOR_CH1] of R_BURDEN1 on F.Cu
    @(113.4675 mm, 178.6250 mm): Pad 2 [SENSOR_CH1] of R_SER1 on F.Cu
[unconnected_items]: Missing connection between items
    Local override; error
    @(107.2325 mm, 169.7750 mm): Pad 1 [SENSOR_CH1] of R_BURDEN1 on F.Cu
    @(106.6850 mm, 135.2850 mm): Pad 39 [SENSOR_CH1] of U_MCU1 on F.Cu
[unconnected_items]: Missing connection between items
    Local override; error
    @(116.0500 mm, 193.8050 mm): Pad 1 [SENSOR_CH1] of C_FILT1 on F.Cu
    @(116.0525 mm, 181.5750 mm): Pad 1 [SENSOR_CH1] of R_VBOT1 on F.Cu
[unconnected_items]: Missing connection between items
    Local override; error
    @(116.0525 mm, 181.5750 mm): Pad 1 [SENSOR_CH1] of R_VBOT1 on F.Cu
    @(113.4675 mm, 178.6250 mm): Pad 2 [SENSOR_CH1] of R_SER1 on F.Cu
[unconnected_items]: Missing connection between items
    Local override; error
    @(89.1850 mm, 150.5250 mm): Pad 14 [net_USB_DP] of U_MCU1 on F.Cu
    @(131.1750 mm, 192.0950 mm): Pad A6 [net_USB_DP] of J_USB1 on F.Cu
[unconnected_items]: Missing connection between items
    Local override; error
    @(89.1850 mm, 150.5250 mm): Pad 14 [net_USB_DP] of U_MCU1 on F.Cu
    @(55.2500 mm, 24.2500 mm): Track [net_USB_DP] on F.Cu, length 1.0000 mm
[unconnected_items]: Missing connection between items
    Local override; error
    @(131.1750 mm, 192.0950 mm): Pad A6 [net_USB_DP] of J_USB1 on F.Cu
    @(132.1750 mm, 192.0950 mm): Pad B6 [net_USB_DP] of J_USB1 on F.Cu
[unconnected_items]: Missing connection between items
    Local override; error
    @(55.2500 mm, 22.9800 mm): Track [net_USB_DM] on F.Cu, length 1.0000 mm
    @(89.1850 mm, 149.2550 mm): Pad 13 [net_USB_DM] of U_MCU1 on F.Cu
[unconnected_items]: Missing connection between items
    Local override; error
    @(89.1850 mm, 149.2550 mm): Pad 13 [net_USB_DM] of U_MCU1 on F.Cu
    @(130.6750 mm, 192.0950 mm): Pad B7 [net_USB_DM] of J_USB1 on F.Cu
[unconnected_items]: Missing connection between items
    Local override; error
    @(130.6750 mm, 192.0950 mm): Pad B7 [net_USB_DM] of J_USB1 on F.Cu
    @(131.6750 mm, 192.0950 mm): Pad A7 [net_USB_DM] of J_USB1 on F.Cu
[unconnected_items]: Missing connection between items
    Local override; error
    @(32.7500 mm, 6.6800 mm): Pad A8 [unconnected-(J_USB1-SBU1-PadA8)] of J_USB1 on F.Cu
    @(132.6750 mm, 192.0950 mm): Pad A8 [unconnected-(J_USB1-SBU1-PadA8)] of J_USB1 on F.Cu
[unconnected_items]: Missing connection between items
    Local override; error
    @(35.7500 mm, 6.6800 mm): Pad B8 [unconnected-(J_USB1-SBU2-PadB8)] of J_USB1 on F.Cu
    @(129.6750 mm, 192.0950 mm): Pad B8 [unconnected-(J_USB1-SBU2-PadB8)] of J_USB1 on F.Cu
[unconnected_items]: Missing connection between items
    Local override; error
    @(98.3550 mm, 206.8650 mm): Pad 12 [/Sensors & LORA/LORA_RF] of U_LORA1 on F.Cu
    @(110.6350 mm, 187.7450 mm): PTH pad 1 [/Sensors & LORA/LORA_RF] of J_LORASMA1
[unconnected_items]: Missing connection between items
    Local override; error
    @(110.6350 mm, 187.7450 mm): PTH pad 1 [/Sensors & LORA/LORA_RF] of J_LORASMA1
    @(80.6000 mm, 57.0000 mm): Track [/Sensors & LORA/LORA_RF] on F.Cu, length 8.6000 mm
[unconnected_items]: Missing connection between items
    Local override; error
    @(94.3850 mm, 194.8450 mm): PTH pad 1 [Net-(JP_IGND4-Pin_1)] of JP_IGND4
    @(109.0575 mm, 178.6250 mm): Pad 2 [Net-(JP_IGND4-Pin_1)] of R_BURDEN4 on F.Cu
[unconnected_items]: Missing connection between items
    Local override; error
    @(109.0575 mm, 178.6250 mm): Pad 2 [Net-(JP_IGND4-Pin_1)] of R_BURDEN4 on F.Cu
    @(31.0000 mm, 108.0000 mm): Track [Net-(JP_IGND4-Pin_1)] on F.Cu, length 1.1767 mm
[unconnected_items]: Missing connection between items
    Local override; error
    @(70.8589 mm, 33.2214 mm): Track [/MCU/net_BOOT] on F.Cu, length 1.0996 mm
    @(125.5775 mm, 112.4750 mm): Pad 2 [/MCU/net_BOOT] of R_BOOT1 on F.Cu
[unconnected_items]: Missing connection between items
    Local override; error
    @(82.6550 mm, 155.4250 mm): Pad 1 [/MCU/net_BOOT] of SW_BOOT1 on F.Cu
    @(106.6850 mm, 150.5250 mm): Pad 27 [/MCU/net_BOOT] of U_MCU1 on F.Cu
[unconnected_items]: Missing connection between items
    Local override; error
    @(106.6850 mm, 150.5250 mm): Pad 27 [/MCU/net_BOOT] of U_MCU1 on F.Cu
    @(125.5775 mm, 112.4750 mm): Pad 2 [/MCU/net_BOOT] of R_BOOT1 on F.Cu
[unconnected_items]: Missing connection between items
    Local override; error
    @(50.0000 mm, 83.0000 mm): Track [Net-(JP_IGND2-Pin_1)] on F.Cu, length 1.1767 mm
    @(109.0575 mm, 172.7250 mm): Pad 2 [Net-(JP_IGND2-Pin_1)] of R_BURDEN2 on F.Cu
[unconnected_items]: Missing connection between items
    Local override; error
    @(85.2050 mm, 194.8450 mm): PTH pad 1 [Net-(JP_IGND2-Pin_1)] of JP_IGND2
    @(109.0575 mm, 172.7250 mm): Pad 2 [Net-(JP_IGND2-Pin_1)] of R_BURDEN2 on F.Cu
[unconnected_items]: Missing connection between items
    Local override; error
    @(142.9175 mm, 195.9450 mm): Pad 2 [/Power/EF_FLT_N] of R_FLT1 on F.Cu
    @(154.9550 mm, 182.4750 mm): Pad 1 [/Power/EF_FLT_N] of TP_FLT1 on F.Cu
[unconnected_items]: Missing connection between items
    Local override; error
    @(154.9550 mm, 182.4750 mm): Pad 1 [/Power/EF_FLT_N] of TP_FLT1 on F.Cu
    @(161.9325 mm, 200.3100 mm): Pad 14 [/Power/EF_FLT_N] of U1 on F.Cu
[unconnected_items]: Missing connection between items
    Local override; error
    @(154.9550 mm, 182.4750 mm): Pad 1 [/Power/EF_FLT_N] of TP_FLT1 on F.Cu
    @(164.8625 mm, 80.0250 mm): Track [/Power/EF_FLT_N] on F.Cu, length 1.5388 mm
[unconnected_items]: Missing connection between items
    Local override; error
    @(26.1450 mm, 219.6700 mm): PTH pad 2 [/RS-485/net_IN_A_RAW] of J_RS485_IN1
    @(36.7175 mm, 247.9550 mm): Pad 1 [/RS-485/net_IN_A_RAW] of D_RS485PROT1 on F.Cu
[unconnected_items]: Missing connection between items
    Local override; error
    @(36.7175 mm, 247.9550 mm): Pad 1 [/RS-485/net_IN_A_RAW] of D_RS485PROT1 on F.Cu
    @(52.9250 mm, 241.5200 mm): Pad 1 [/RS-485/net_IN_A_RAW] of CMC_RS485_1 on F.Cu
[unconnected_items]: Missing connection between items
    Local override; error
    @(115.0800 mm, 18.9675 mm): Track [/RS-485/net_IN_A_RAW] on F.Cu, length 4.2002 mm
    @(26.1450 mm, 219.6700 mm): PTH pad 2 [/RS-485/net_IN_A_RAW] of J_RS485_IN1
[unconnected_items]: Missing connection between items
    Local override; error
    @(31.2250 mm, 219.6700 mm): PTH pad 3 [/RS-485/net_IN_B_RAW] of J_RS485_IN1
    @(36.7175 mm, 249.8550 mm): Pad 2 [/RS-485/net_IN_B_RAW] of D_RS485PROT1 on F.Cu
[unconnected_items]: Missing connection between items
    Local override; error
    @(36.7175 mm, 249.8550 mm): Pad 2 [/RS-485/net_IN_B_RAW] of D_RS485PROT1 on F.Cu
    @(52.9250 mm, 242.5200 mm): Pad 4 [/RS-485/net_IN_B_RAW] of CMC_RS485_1 on F.Cu
[unconnected_items]: Missing connection between items
    Local override; error
    @(119.9500 mm, 21.9375 mm): Track [/RS-485/net_IN_B_RAW] on F.Cu, length 2.2625 mm
    @(31.2250 mm, 219.6700 mm): PTH pad 3 [/RS-485/net_IN_B_RAW] of J_RS485_IN1
[unconnected_items]: Missing connection between items
    Local override; error
    @(36.3050 mm, 219.6700 mm): PTH pad 4 [unconnected-(J_RS485_IN1-Pin_4-Pad4)] of J_RS485_IN1
    @(125.2400 mm, 12.0000 mm): PTH pad 4 [unconnected-(J_RS485_IN1-Pin_4-Pad4)] of J_RS485_IN1
[unconnected_items]: Missing connection between items
    Local override; error
    @(106.6850 mm, 144.1750 mm): Pad 32 [/MCU/LED_LINK] of U_MCU1 on F.Cu
    @(123.7525 mm, 121.3250 mm): Pad 1 [/MCU/LED_LINK] of R_LINK1 on F.Cu
[unconnected_items]: Missing connection between items
    Local override; error
    @(123.7525 mm, 121.3250 mm): Pad 1 [/MCU/LED_LINK] of R_LINK1 on F.Cu
    @(74.8267 mm, 17.9000 mm): Track [/MCU/LED_LINK] on F.Cu, length 0.2238 mm
[unconnected_items]: Missing connection between items
    Local override; error
    @(156.2075 mm, 200.9600 mm): Pad 4 [unconnected-(U1-NC-Pad4)] of U1 on F.Cu
    @(159.1375 mm, 80.6750 mm): Pad 4 [unconnected-(U1-NC-Pad4)] of U1 on F.Cu
[unconnected_items]: Missing connection between items
    Local override; error
    @(145.4300 mm, 204.5750 mm): Pad 1 [/Power/EF_ILIM] of R_ILIM1 on F.Cu
    @(161.9325 mm, 202.2600 mm): Pad 11 [/Power/EF_ILIM] of U1 on F.Cu
[unconnected_items]: Missing connection between items
    Local override; error
    @(161.9325 mm, 202.2600 mm): Pad 11 [/Power/EF_ILIM] of U1 on F.Cu
    @(169.0000 mm, 89.8250 mm): Track [/Power/EF_ILIM] on F.Cu, length 1.0188 mm
[unconnected_items]: Missing connection between items
    Local override; error
    @(161.9325 mm, 200.9600 mm): Pad 13 [unconnected-(U1-NC-Pad13)] of U1 on F.Cu
    @(164.8625 mm, 80.6750 mm): Pad 13 [unconnected-(U1-NC-Pad13)] of U1 on F.Cu
[unconnected_items]: Missing connection between items
    Local override; error
    @(29.1350 mm, 146.1750 mm): PTH pad 2 [/Motor Valve/RLY3_COM] of K3
    @(43.7650 mm, 139.4600 mm): PTH pad 1 [/Motor Valve/RLY3_COM] of J_RELAY3
[unconnected_items]: Missing connection between items
    Local override; error
    @(55.0000 mm, 131.1600 mm): Track [/Motor Valve/RLY3_COM] on F.Cu, length 11.8400 mm
    @(43.7650 mm, 139.4600 mm): PTH pad 1 [/Motor Valve/RLY3_COM] of J_RELAY3
[unconnected_items]: Missing connection between items
    Local override; error
    @(48.8450 mm, 139.4600 mm): PTH pad 2 [/Motor Valve/RLY3_NO] of J_RELAY3
    @(36.7550 mm, 146.1750 mm): PTH pad 3 [/Motor Valve/RLY3_NO] of K3
[unconnected_items]: Missing connection between items
    Local override; error
    @(58.0000 mm, 135.7800 mm): Track [/Motor Valve/RLY3_NO] on F.Cu, length 5.7700 mm
    @(48.8450 mm, 139.4600 mm): PTH pad 2 [/Motor Valve/RLY3_NO] of J_RELAY3
[unconnected_items]: Missing connection between items
    Local override; error
    @(34.2150 mm, 138.5550 mm): PTH pad 4 [/Motor Valve/RLY3_NC] of K3
    @(53.9250 mm, 139.4600 mm): PTH pad 3 [/Motor Valve/RLY3_NC] of J_RELAY3
[unconnected_items]: Missing connection between items
    Local override; error
    @(65.6200 mm, 133.2400 mm): Track [/Motor Valve/RLY3_NC] on F.Cu, length 3.5921 mm
    @(53.9250 mm, 139.4600 mm): PTH pad 3 [/Motor Valve/RLY3_NC] of J_RELAY3
[unconnected_items]: Missing connection between items
    Local override; error
    @(29.1350 mm, 158.7250 mm): PTH pad 2 [/Motor Valve/RLY4_COM] of K4
    @(43.7650 mm, 150.5550 mm): PTH pad 1 [/Motor Valve/RLY4_COM] of J_RELAY4
[unconnected_items]: Missing connection between items
    Local override; error
    @(43.7650 mm, 150.5550 mm): PTH pad 1 [/Motor Valve/RLY4_COM] of J_RELAY4
    @(79.0000 mm, 131.1600 mm): Track [/Motor Valve/RLY4_COM] on F.Cu, length 11.8400 mm
[unconnected_items]: Missing connection between items
    Local override; error
    @(48.8450 mm, 150.5550 mm): PTH pad 2 [/Motor Valve/RLY4_NO] of J_RELAY4
    @(36.7550 mm, 158.7250 mm): PTH pad 3 [/Motor Valve/RLY4_NO] of K4
[unconnected_items]: Missing connection between items
    Local override; error
    @(82.0000 mm, 135.7800 mm): Track [/Motor Valve/RLY4_NO] on F.Cu, length 5.7700 mm
    @(48.8450 mm, 150.5550 mm): PTH pad 2 [/Motor Valve/RLY4_NO] of J_RELAY4
[unconnected_items]: Missing connection between items
    Local override; error
    @(34.2150 mm, 151.1050 mm): PTH pad 4 [/Motor Valve/RLY4_NC] of K4
    @(53.9250 mm, 150.5550 mm): PTH pad 3 [/Motor Valve/RLY4_NC] of J_RELAY4
[unconnected_items]: Missing connection between items
    Local override; error
    @(53.9250 mm, 150.5550 mm): PTH pad 3 [/Motor Valve/RLY4_NC] of J_RELAY4
    @(92.1600 mm, 143.9000 mm): Track [/Motor Valve/RLY4_NC] on F.Cu, length 1.4866 mm
[unconnected_items]: Missing connection between items
    Local override; error
    @(31.0000 mm, 131.1600 mm): Track [/Motor Valve/RLY2_COM] on F.Cu, length 11.8400 mm
    @(29.1350 mm, 133.6250 mm): PTH pad 2 [/Motor Valve/RLY2_COM] of K2
[unconnected_items]: Missing connection between items
    Local override; error
    @(43.7650 mm, 128.3650 mm): PTH pad 1 [/Motor Valve/RLY2_COM] of J_RELAY2
    @(34.0000 mm, 128.1600 mm): Track [/Motor Valve/RLY2_COM] on F.Cu, length 4.2426 mm
[unconnected_items]: Missing connection between items
    Local override; error
    @(36.7550 mm, 133.6250 mm): PTH pad 3 [/Motor Valve/RLY2_NO] of K2
    @(34.0000 mm, 135.7800 mm): Track [/Motor Valve/RLY2_NO] on F.Cu, length 5.7700 mm
[unconnected_items]: Missing connection between items
    Local override; error
    @(48.8450 mm, 128.3650 mm): PTH pad 2 [/Motor Valve/RLY2_NO] of J_RELAY2
    @(36.7550 mm, 133.6250 mm): PTH pad 3 [/Motor Valve/RLY2_NO] of K2
[unconnected_items]: Missing connection between items
    Local override; error
    @(41.6200 mm, 133.2400 mm): Track [/Motor Valve/RLY2_NC] on F.Cu, length 3.5921 mm
    @(34.2150 mm, 126.0050 mm): PTH pad 4 [/Motor Valve/RLY2_NC] of K2
[unconnected_items]: Missing connection between items
    Local override; error
    @(53.9250 mm, 128.3650 mm): PTH pad 3 [/Motor Valve/RLY2_NC] of J_RELAY2
    @(44.1600 mm, 135.7800 mm): Track [/Motor Valve/RLY2_NC] on F.Cu, length 8.1200 mm
[unconnected_items]: Missing connection between items
    Local override; error
    @(82.6550 mm, 164.1250 mm): Pad 1 [/MCU/SETUP_BTN] of SW_SETUP1 on F.Cu
    @(99.8400 mm, 151.7750 mm): Pad 22 [/MCU/SETUP_BTN] of U_MCU1 on F.Cu
[unconnected_items]: Missing connection between items
    Local override; error
    @(99.8400 mm, 151.7750 mm): Pad 22 [/MCU/SETUP_BTN] of U_MCU1 on F.Cu
    @(125.5775 mm, 127.2250 mm): Pad 2 [/MCU/SETUP_BTN] of R_SETUP1 on F.Cu
[unconnected_items]: Missing connection between items
    Local override; error
    @(125.5775 mm, 127.2250 mm): Pad 2 [/MCU/SETUP_BTN] of R_SETUP1 on F.Cu
    @(70.3000 mm, 32.0000 mm): Track [/MCU/SETUP_BTN] on F.Cu, length 0.7767 mm
[unconnected_items]: Missing connection between items
    Local override; error
    @(43.7650 mm, 172.7450 mm): PTH pad 1 [/Motor Valve/RLY6_COM] of J_RELAY6
    @(29.1350 mm, 183.8250 mm): PTH pad 2 [/Motor Valve/RLY6_COM] of K6

** Found 238 Footprint errors **
[duplicate_footprints]: Duplicate footprints
    Local override; warning
    @(10.0000 mm, 118.0000 mm): Footprint K1
    @(18.9750 mm, 121.0750 mm): Footprint K1
[duplicate_footprints]: Duplicate footprints
    Local override; warning
    @(103.0000 mm, 95.0000 mm): Footprint R_RELAY_PD5
    @(64.5150 mm, 134.3350 mm): Footprint R_RELAY_PD5
[duplicate_footprints]: Duplicate footprints
    Local override; warning
    @(159.0050 mm, 174.3750 mm): Footprint TP_IMON1
    @(162.0000 mm, 96.0000 mm): Footprint TP_IMON1
[duplicate_footprints]: Duplicate footprints
    Local override; warning
    @(43.7650 mm, 161.6500 mm): Footprint J_RELAY5
    @(105.0000 mm, 145.0000 mm): Footprint J_RELAY5
[duplicate_footprints]: Duplicate footprints
    Local override; warning
    @(52.0000 mm, 70.0000 mm): Footprint R_VBOT2
    @(121.3750 mm, 169.7750 mm): Footprint R_VBOT2
[duplicate_footprints]: Duplicate footprints
    Local override; warning
    @(162.0000 mm, 74.0000 mm): Footprint C_OUT1
    @(151.4450 mm, 196.9450 mm): Footprint C_OUT1
[duplicate_footprints]: Duplicate footprints
    Local override; warning
    @(100.0000 mm, 51.0000 mm): Footprint R_LORABOOT1
    @(112.5550 mm, 172.7250 mm): Footprint R_LORABOOT1
[duplicate_footprints]: Duplicate footprints
    Local override; warning
    @(23.0000 mm, 11.0000 mm): Footprint TP_USBVBUS1
    @(159.1550 mm, 186.2750 mm): Footprint TP_USBVBUS1
[duplicate_footprints]: Duplicate footprints
    Local override; warning
    @(190.0000 mm, 98.0000 mm): Footprint J_OUT1
    @(130.1450 mm, 185.6650 mm): Footprint J_OUT1
[duplicate_footprints]: Duplicate footprints
    Local override; warning
    @(117.1050 mm, 184.8250 mm): Footprint TP_LORABOOT1
    @(104.0000 mm, 55.0000 mm): Footprint TP_LORABOOT1
[duplicate_footprints]: Duplicate footprints
    Local override; warning
    @(81.0000 mm, 70.0000 mm): Footprint C_DEC7
    @(79.4250 mm, 157.0150 mm): Footprint C_DEC7
[duplicate_footprints]: Duplicate footprints
    Local override; warning
    @(132.0000 mm, 97.0000 mm): Footprint C_IN3
    @(151.4450 mm, 193.5950 mm): Footprint C_IN3
[duplicate_footprints]: Duplicate footprints
    Local override; warning
    @(146.4150 mm, 195.9450 mm): Footprint R_SHDN1
    @(154.0000 mm, 92.0000 mm): Footprint R_SHDN1
[duplicate_footprints]: Duplicate footprints
    Local override; warning
    @(158.4850 mm, 190.9250 mm): Footprint F1
    @(181.0000 mm, 78.0000 mm): Footprint F1
[duplicate_footprints]: Duplicate footprints
    Local override; warning
    @(175.0000 mm, 84.0000 mm): Footprint C_IN1
    @(136.7950 mm, 202.6050 mm): Footprint C_IN1
[duplicate_footprints]: Duplicate footprints
    Local override; warning
    @(95.1750 mm, 160.8200 mm): Footprint D_LINK1
    @(92.0000 mm, 5.0000 mm): Footprint D_LINK1
[duplicate_footprints]: Duplicate footprints
    Local override; warning
    @(21.0650 mm, 230.7650 mm): Footprint J_RS485_LOC1
    @(140.0000 mm, 12.0000 mm): Footprint J_RS485_LOC1
[duplicate_footprints]: Duplicate footprints
    Local override; warning
    @(33.0000 mm, 95.0000 mm): Footprint R_VBOT4
    @(121.3750 mm, 175.6750 mm): Footprint R_VBOT4
[duplicate_footprints]: Duplicate footprints
    Local override; warning
    @(19.7300 mm, 249.9550 mm): Footprint U_ISODCDC1
    @(101.0000 mm, 28.0000 mm): Footprint U_ISODCDC1
[duplicate_footprints]: Duplicate footprints
    Local override; warning
    @(71.0000 mm, 70.0000 mm): Footprint R_VBOT3
    @(121.3750 mm, 172.7250 mm): Footprint R_VBOT3
[duplicate_footprints]: Duplicate footprints
    Local override; warning
    @(75.8650 mm, 203.6750 mm): Footprint D_CLHI3
    @(76.0000 mm, 78.0000 mm): Footprint D_CLHI3
[duplicate_footprints]: Duplicate footprints
    Local override; warning
    @(89.7950 mm, 194.8450 mm): Footprint JP_IGND3
    @(69.0000 mm, 83.0000 mm): Footprint JP_IGND3
[duplicate_footprints]: Duplicate footprints
    Local override; warning
    @(106.0000 mm, 95.0000 mm): Footprint R_RELAY_PD6
    @(64.5150 mm, 136.8450 mm): Footprint R_RELAY_PD6
[duplicate_footprints]: Duplicate footprints
    Local override; warning
    @(103.0000 mm, 103.0000 mm): Footprint U_RELAY1
    @(64.9550 mm, 152.3000 mm): Footprint U_RELAY1
[duplicate_footprints]: Duplicate footprints
    Local override; warning
    @(149.0000 mm, 21.0000 mm): Footprint D_RS485PROT2
    @(37.6550 mm, 253.3550 mm): Footprint D_RS485PROT2
[duplicate_footprints]: Duplicate footprints
    Local override; warning
    @(104.0000 mm, 59.0000 mm): Footprint TP_LORARST1
    @(117.1050 mm, 188.3750 mm): Footprint TP_LORARST1
[duplicate_footprints]: Duplicate footprints
    Local override; warning
    @(142.0050 mm, 190.0450 mm): Footprint R_CC1_1
    @(29.0000 mm, 11.0000 mm): Footprint R_CC1_1
[duplicate_footprints]: Duplicate footprints
    Local override; warning
    @(64.5150 mm, 141.8650 mm): Footprint R_RELAY_PD8
    @(112.0000 mm, 95.0000 mm): Footprint R_RELAY_PD8
[duplicate_footprints]: Duplicate footprints
    Local override; warning
    @(75.8650 mm, 212.5750 mm): Footprint D_CLHI5
    @(57.0000 mm, 103.0000 mm): Footprint D_CLHI5
[duplicate_footprints]: Duplicate footprints
    Local override; warning
    @(72.0000 mm, 57.0000 mm): Footprint J_LORASMA1
    @(110.6350 mm, 187.7450 mm): Footprint J_LORASMA1
[duplicate_footprints]: Duplicate footprints
    Local override; warning
    @(121.3750 mm, 181.5750 mm): Footprint R_VBOT6
    @(71.0000 mm, 95.0000 mm): Footprint R_VBOT6
[duplicate_footprints]: Duplicate footprints
    Local override; warning
    @(112.5550 mm, 181.5750 mm): Footprint R_SER2
    @(44.0000 mm, 70.0000 mm): Footprint R_SER2
[duplicate_footprints]: Duplicate footprints
    Local override; warning
    @(75.4150 mm, 164.5450 mm): Footprint C_DEC5
    @(40.0000 mm, 44.0000 mm): Footprint C_DEC5
[duplicate_footprints]: Duplicate footprints
    Local override; warning
    @(151.4450 mm, 200.2950 mm): Footprint C_OUT2
    @(149.0000 mm, 80.0000 mm): Footprint C_OUT2
[duplicate_footprints]: Duplicate footprints
    Local override; warning
    @(110.0000 mm, 12.0000 mm): Footprint J_RS485_IN1
    @(21.0650 mm, 219.6700 mm): Footprint J_RS485_IN1
[duplicate_footprints]: Duplicate footprints
    Local override; warning
    @(154.9550 mm, 170.3250 mm): Footprint TP_12V_SW1
    @(178.0000 mm, 92.0000 mm): Footprint TP_12V_SW1
[duplicate_footprints]: Duplicate footprints
    Local override; warning
    @(116.9650 mm, 169.7750 mm): Footprint R_SER3
    @(63.0000 mm, 70.0000 mm): Footprint R_SER3
[duplicate_footprints]: Duplicate footprints
    Local override; warning
    @(63.0000 mm, 100.0000 mm): Footprint JP_VBYP6
    @(94.3850 mm, 209.1250 mm): Footprint JP_VBYP6
[duplicate_footprints]: Duplicate footprints
    Local override; warning
    @(137.0000 mm, 40.0000 mm): Footprint C_RSDEC1
    @(47.9550 mm, 222.1850 mm): Footprint C_RSDEC1
[duplicate_footprints]: Duplicate footprints
    Local override; warning
    @(108.1450 mm, 169.7750 mm): Footprint R_BURDEN1
    @(32.0000 mm, 76.0000 mm): Footprint R_BURDEN1
[duplicate_footprints]: Duplicate footprints
    Local override; warning
    @(51.0000 mm, 76.0000 mm): Footprint R_BURDEN2
    @(108.1450 mm, 172.7250 mm): Footprint R_BURDEN2
[duplicate_footprints]: Duplicate footprints
    Local override; warning
    @(59.0000 mm, 45.0000 mm): Footprint C_DEC6
    @(79.4250 mm, 154.5050 mm): Footprint C_DEC6
[duplicate_footprints]: Duplicate footprints
    Local override; warning
    @(37.0000 mm, 70.0000 mm): Footprint C_FILT1
    @(116.8250 mm, 193.8050 mm): Footprint C_FILT1
[duplicate_footprints]: Duplicate footprints
    Local override; warning
    @(80.6150 mm, 209.1250 mm): Footprint JP_VBYP3
    @(63.0000 mm, 75.0000 mm): Footprint JP_VBYP3
[duplicate_footprints]: Duplicate footprints
    Local override; warning
    @(51.7350 mm, 222.2750 mm): Footprint TP_RS485DI1
    @(125.0000 mm, 54.0000 mm): Footprint TP_RS485DI1
[duplicate_footprints]: Duplicate footprints
    Local override; warning
    @(176.0000 mm, 70.0000 mm): Footprint TP_FLT1
    @(154.9550 mm, 182.4750 mm): Footprint TP_FLT1
[duplicate_footprints]: Duplicate footprints
    Local override; warning
    @(38.0000 mm, 78.0000 mm): Footprint D_CLHI1
    @(75.8650 mm, 194.7750 mm): Footprint D_CLHI1
[duplicate_footprints]: Duplicate footprints
    Local override; warning
    @(61.3102 mm, 162.7750 mm): Footprint C_RELAYBULK1
    @(119.0000 mm, 105.0000 mm): Footprint C_RELAYBULK1
[duplicate_footprints]: Duplicate footprints
    Local override; warning
    @(154.0000 mm, 22.0000 mm): Footprint CMC_RS485_2
    @(54.2750 mm, 245.2200 mm): Footprint CMC_RS485_2
[duplicate_footprints]: Duplicate footprints
    Local override; warning
    @(100.0000 mm, 47.0000 mm): Footprint R_LORARST1
    @(112.5550 mm, 175.6750 mm): Footprint R_LORARST1
[duplicate_footprints]: Duplicate footprints
    Local override; warning
    @(91.0000 mm, 95.0000 mm): Footprint R_RELAY_PD1
    @(60.5050 mm, 139.3550 mm): Footprint R_RELAY_PD1
[duplicate_footprints]: Duplicate footprints
    Local override; warning
    @(50.0000 mm, 108.0000 mm): Footprint JP_IGND5
    @(80.6150 mm, 201.9850 mm): Footprint JP_IGND5
[duplicate_footprints]: Duplicate footprints
    Local override; warning
    @(34.0000 mm, 118.0000 mm): Footprint K2
    @(18.9750 mm, 133.6250 mm): Footprint K2
[duplicate_footprints]: Duplicate footprints
    Local override; warning
    @(154.0000 mm, 101.0000 mm): Footprint R_LED2
    @(142.0050 mm, 201.8450 mm): Footprint R_LED2
[duplicate_footprints]: Duplicate footprints
    Local override; warning
    @(47.9550 mm, 219.6750 mm): Footprint C_ISOOUT1
    @(119.5000 mm, 40.0000 mm): Footprint C_ISOOUT1
[duplicate_footprints]: Duplicate footprints
    Local override; warning
    @(69.0000 mm, 108.0000 mm): Footprint JP_IGND6
    @(85.2050 mm, 201.9850 mm): Footprint JP_IGND6
[duplicate_footprints]: Duplicate footprints
    Local override; warning
    @(31.0000 mm, 83.0000 mm): Footprint JP_IGND1
    @(80.6150 mm, 194.8450 mm): Footprint JP_IGND1
[duplicate_footprints]: Duplicate footprints
    Local override; warning
    @(129.0000 mm, 54.0000 mm): Footprint TP_RS485RO1
    @(51.7350 mm, 225.8250 mm): Footprint TP_RS485RO1
[duplicate_footprints]: Duplicate footprints
    Local override; warning
    @(47.9550 mm, 214.6550 mm): Footprint C_ISODEC1
    @(103.0000 mm, 40.0000 mm): Footprint C_ISODEC1
[duplicate_footprints]: Duplicate footprints
    Local override; warning
    @(79.4250 mm, 159.5250 mm): Footprint C_DEC8
    @(86.0000 mm, 84.0000 mm): Footprint C_DEC8
[duplicate_footprints]: Duplicate footprints
    Local override; warning
    @(140.0000 mm, 48.0000 mm): Footprint R_BIASB1
    @(42.3150 mm, 251.1050 mm): Footprint R_BIASB1
[duplicate_footprints]: Duplicate footprints
    Local override; warning
    @(51.7350 mm, 215.1750 mm): Footprint TP_ISO5V1
    @(145.0000 mm, 30.0000 mm): Footprint TP_ISO5V1
[duplicate_footprints]: Duplicate footprints
    Local override; warning
    @(143.0000 mm, 89.0000 mm): Footprint TP_5V1
    @(154.9550 mm, 178.4250 mm): Footprint TP_5V1
[duplicate_footprints]: Duplicate footprints
    Local override; warning
    @(18.9750 mm, 158.7250 mm): Footprint K4
    @(82.0000 mm, 118.0000 mm): Footprint K4
[duplicate_footprints]: Duplicate footprints
    Local override; warning
    @(25.0000 mm, 70.0000 mm): Footprint R_SER1
    @(112.5550 mm, 178.6250 mm): Footprint R_SER1
[duplicate_footprints]: Duplicate footprints
    Local override; warning
    @(156.0000 mm, 88.0000 mm): Footprint R_OVP2
    @(146.4150 mm, 192.9950 mm): Footprint R_OVP2
[duplicate_footprints]: Duplicate footprints
    Local override; warning
    @(116.9650 mm, 178.6250 mm): Footprint R_SER6
    @(63.0000 mm, 95.0000 mm): Footprint R_SER6
[duplicate_footprints]: Duplicate footprints
    Local override; warning
    @(33.0000 mm, 70.0000 mm): Footprint R_VBOT1
    @(116.9650 mm, 181.5750 mm): Footprint R_VBOT1
[duplicate_footprints]: Duplicate footprints
    Local override; warning
    @(50.0000 mm, 83.0000 mm): Footprint JP_IGND2
    @(85.2050 mm, 194.8450 mm): Footprint JP_IGND2
[duplicate_footprints]: Duplicate footprints
    Local override; warning
    @(159.0050 mm, 170.3250 mm): Footprint TP_GND1
    @(182.0000 mm, 105.0000 mm): Footprint TP_GND1
[duplicate_footprints]: Duplicate footprints
    Local override; warning
    @(43.7650 mm, 194.9350 mm): Footprint J_RELAY8
    @(177.0000 mm, 145.0000 mm): Footprint J_RELAY8
[duplicate_footprints]: Duplicate footprints
    Local override; warning
    @(7.0000 mm, 70.0000 mm): Footprint J_SENSOR_SIG1
    @(76.9750 mm, 186.6600 mm): Footprint J_SENSOR_SIG1
[duplicate_footprints]: Duplicate footprints
    Local override; warning
    @(59.0000 mm, 32.0000 mm): Footprint C_DEC4
    @(75.4150 mm, 162.0350 mm): Footprint C_DEC4
[duplicate_footprints]: Duplicate footprints
    Local override; warning
    @(95.1750 mm, 163.8600 mm): Footprint D_PWR1
    @(91.0000 mm, 14.0000 mm): Footprint D_PWR1
[duplicate_footprints]: Duplicate footprints
    Local override; warning
    @(116.8250 mm, 206.3550 mm): Footprint C_FILT6
    @(75.0000 mm, 95.0000 mm): Footprint C_FILT6
[duplicate_footprints]: Duplicate footprints
    Local override; warning
    @(120.0000 mm, 30.0000 mm): Footprint C_ISOBULK2
    @(48.7750 mm, 245.4450 mm): Footprint C_ISOBULK2
[duplicate_footprints]: Duplicate footprints
    Local override; warning
    @(43.7650 mm, 139.4600 mm): Footprint J_RELAY3
    @(57.0000 mm, 145.0000 mm): Footprint J_RELAY3
[duplicate_footprints]: Duplicate footprints
    Local override; warning
    @(158.0000 mm, 108.0000 mm): Footprint TP_VALVE_PWR1
    @(159.0050 mm, 178.4250 mm): Footprint TP_VALVE_PWR1
[duplicate_footprints]: Duplicate footprints
    Local override; warning
    @(97.0000 mm, 95.0000 mm): Footprint R_RELAY_PD3
    @(60.5050 mm, 144.3750 mm): Footprint R_RELAY_PD3
[duplicate_footprints]: Duplicate footprints
    Local override; warning
    @(95.1750 mm, 157.7800 mm): Footprint D_FLT1
    @(99.0000 mm, 5.0000 mm): Footprint D_FLT1
[duplicate_footprints]: Duplicate footprints
    Local override; warning
    @(190.0000 mm, 77.0000 mm): Footprint J1
    @(130.1450 mm, 174.5700 mm): Footprint J1
[duplicate_footprints]: Duplicate footprints
    Local override; warning
    @(151.0000 mm, 30.0000 mm): Footprint TP_ISOGND1
    @(51.7350 mm, 218.7250 mm): Footprint TP_ISOGND1
[duplicate_footprints]: Duplicate footprints
    Local override; warning
    @(44.0000 mm, 75.0000 mm): Footprint JP_VBYP2
    @(94.3850 mm, 201.9850 mm): Footprint JP_VBYP2
[duplicate_footprints]: Duplicate footprints
    Local override; warning
    @(116.8250 mm, 201.3350 mm): Footprint C_FILT4
    @(37.0000 mm, 95.0000 mm): Footprint C_FILT4
[duplicate_footprints]: Duplicate footprints
    Local override; warning
    @(146.4150 mm, 201.8450 mm): Footprint R_UVLO2
    @(153.0000 mm, 80.0000 mm): Footprint R_UVLO2
[duplicate_footprints]: Duplicate footprints
    Local override; warning
    @(162.0000 mm, 81.0000 mm): Footprint U1
    @(159.0700 mm, 201.2850 mm): Footprint U1
[duplicate_footprints]: Duplicate footprints
    Local override; warning
    @(132.0000 mm, 80.0000 mm): Footprint C_IN2
    @(151.4450 mm, 190.2450 mm): Footprint C_IN2
[duplicate_footprints]: Duplicate footprints
    Local override; warning
    @(155.1550 mm, 186.0050 mm): Footprint C_DVDT1
    @(168.0000 mm, 94.0000 mm): Footprint C_DVDT1
[duplicate_footprints]: Duplicate footprints
    Local override; warning
    @(48.0000 mm, 18.0000 mm): Footprint R_ENPU1
    @(124.6650 mm, 115.4250 mm): Footprint R_ENPU1
[duplicate_footprints]: Duplicate footprints
    Local override; warning
    @(76.0000 mm, 103.0000 mm): Footprint D_CLHI6
    @(75.8650 mm, 217.0250 mm): Footprint D_CLHI6
[duplicate_footprints]: Duplicate footprints
    Local override; warning
    @(76.9750 mm, 174.5350 mm): Footprint J_SENSOR_RET1
    @(7.0000 mm, 30.0000 mm): Footprint J_SENSOR_RET1
[duplicate_footprints]: Duplicate footprints
    Local override; warning
    @(64.5150 mm, 139.3550 mm): Footprint R_RELAY_PD7
    @(109.0000 mm, 95.0000 mm): Footprint R_RELAY_PD7
[duplicate_footprints]: Duplicate footprints
    Local override; warning
    @(108.1450 mm, 175.6750 mm): Footprint R_BURDEN3
    @(70.0000 mm, 76.0000 mm): Footprint R_BURDEN3
[duplicate_footprints]: Duplicate footprints
    Local override; warning
    @(31.0000 mm, 108.0000 mm): Footprint JP_IGND4
    @(94.3850 mm, 194.8450 mm): Footprint JP_IGND4
[duplicate_footprints]: Duplicate footprints
    Local override; warning
    @(75.4150 mm, 157.0150 mm): Footprint C_DEC2
    @(78.0000 mm, 13.0000 mm): Footprint C_DEC2
[duplicate_footprints]: Duplicate footprints
    Local override; warning
    @(124.6650 mm, 124.2750 mm): Footprint R_PWR1
    @(96.0000 mm, 14.0000 mm): Footprint R_PWR1
[duplicate_footprints]: Duplicate footprints
    Local override; warning
    @(130.0000 mm, 43.0000 mm): Footprint U_RS485_TX1
    @(50.1750 mm, 250.4800 mm): Footprint U_RS485_TX1
[duplicate_footprints]: Duplicate footprints
    Local override; warning
    @(158.4850 mm, 195.6350 mm): Footprint F2
    @(167.0000 mm, 104.0000 mm): Footprint F2
[duplicate_footprints]: Duplicate footprints
    Local override; warning
    @(47.9550 mm, 227.2050 mm): Footprint R_RSDE1
    @(103.0000 mm, 45.0000 mm): Footprint R_RSDE1
[duplicate_footprints]: Duplicate footprints
    Local override; warning
    @(25.0000 mm, 75.0000 mm): Footprint JP_VBYP1
    @(89.7950 mm, 201.9850 mm): Footprint JP_VBYP1
[duplicate_footprints]: Duplicate footprints
    Local override; warning
    @(64.9550 mm, 120.8500 mm): Footprint U_VALVEEXP1
    @(103.0000 mm, 82.0000 mm): Footprint U_VALVEEXP1
[duplicate_footprints]: Duplicate footprints
    Local override; warning
    @(32.0000 mm, 101.0000 mm): Footprint R_BURDEN4
    @(108.1450 mm, 178.6250 mm): Footprint R_BURDEN4
[duplicate_footprints]: Duplicate footprints
    Local override; warning
    @(129.0000 mm, 145.0000 mm): Footprint J_RELAY6
    @(43.7650 mm, 172.7450 mm): Footprint J_RELAY6
[duplicate_footprints]: Duplicate footprints
    Local override; warning
    @(58.0000 mm, 118.0000 mm): Footprint K3
    @(18.9750 mm, 146.1750 mm): Footprint K3
[duplicate_footprints]: Duplicate footprints
    Local override; warning
    @(51.0000 mm, 101.0000 mm): Footprint R_BURDEN5
    @(108.1450 mm, 181.5750 mm): Footprint R_BURDEN5
[duplicate_footprints]: Duplicate footprints
    Local override; warning
    @(72.0000 mm, 28.0000 mm): Footprint R_SETUP1
    @(124.6650 mm, 127.2250 mm): Footprint R_SETUP1
[duplicate_footprints]: Duplicate footprints
    Local override; warning
    @(149.0000 mm, 97.0000 mm): Footprint C_OUT3
    @(151.4450 mm, 203.6450 mm): Footprint C_OUT3
[duplicate_footprints]: Duplicate footprints
    Local override; warning
    @(146.4150 mm, 190.0450 mm): Footprint R_OVP1
    @(153.0000 mm, 85.0000 mm): Footprint R_OVP1
[duplicate_footprints]: Duplicate footprints
    Local override; warning
    @(138.0000 mm, 96.0000 mm): Footprint U3
    @(143.8700 mm, 181.2950 mm): Footprint U3
[duplicate_footprints]: Duplicate footprints
    Local override; warning
    @(81.0000 mm, 145.0000 mm): Footprint J_RELAY4
    @(43.7650 mm, 150.5550 mm): Footprint J_RELAY4
[duplicate_footprints]: Duplicate footprints
    Local override; warning
    @(154.0000 mm, 118.0000 mm): Footprint K7
    @(18.9750 mm, 196.3750 mm): Footprint K7
[duplicate_footprints]: Duplicate footprints
    Local override; warning
    @(101.0000 mm, 42.0000 mm): Footprint C_DEC9
    @(79.4250 mm, 162.0350 mm): Footprint C_DEC9
[duplicate_footprints]: Duplicate footprints
    Local override; warning
    @(56.0000 mm, 95.0000 mm): Footprint C_FILT5
    @(116.8250 mm, 203.8450 mm): Footprint C_FILT5
[duplicate_footprints]: Duplicate footprints
    Local override; warning
    @(9.0000 mm, 145.0000 mm): Footprint J_RELAY1
    @(43.7650 mm, 117.2700 mm): Footprint J_RELAY1
[duplicate_footprints]: Duplicate footprints
    Local override; warning
    @(112.5550 mm, 169.7750 mm): Footprint R_BURDEN6
    @(70.0000 mm, 101.0000 mm): Footprint R_BURDEN6
[duplicate_footprints]: Duplicate footprints
    Local override; warning
    @(97.0000 mm, 91.0000 mm): Footprint R_EXP_RESET1
    @(60.5050 mm, 136.8450 mm): Footprint R_EXP_RESET1
[duplicate_footprints]: Duplicate footprints
    Local override; warning
    @(99.0000 mm, 9.0000 mm): Footprint R_LEDFLT1
    @(124.6650 mm, 118.3750 mm): Footprint R_LEDFLT1
[duplicate_footprints]: Duplicate footprints
    Local override; warning
    @(37.6550 mm, 248.9050 mm): Footprint D_RS485PROT1
    @(119.0000 mm, 21.0000 mm): Footprint D_RS485PROT1
[duplicate_footprints]: Duplicate footprints
    Local override; warning
    @(18.9750 mm, 183.8250 mm): Footprint K6
    @(130.0000 mm, 118.0000 mm): Footprint K6
[duplicate_footprints]: Duplicate footprints
    Local override; warning
    @(171.0000 mm, 73.0000 mm): Footprint R_FLT1
    @(142.0050 mm, 195.9450 mm): Footprint R_FLT1
[duplicate_footprints]: Duplicate footprints
    Local override; warning
    @(49.0000 mm, 30.0000 mm): Footprint SW_BOOT1
    @(84.3550 mm, 155.4250 mm): Footprint SW_BOOT1
[duplicate_footprints]: Duplicate footprints
    Local override; warning
    @(138.0000 mm, 79.0000 mm): Footprint U2
    @(143.8700 mm, 171.1600 mm): Footprint U2
[duplicate_footprints]: Duplicate footprints
    Local override; warning
    @(89.5750 mm, 158.8950 mm): Footprint J_PROG1
    @(83.0000 mm, 20.0000 mm): Footprint J_PROG1
[duplicate_footprints]: Duplicate footprints
    Local override; warning
    @(131.4250 mm, 195.7750 mm): Footprint J_USB1
    @(34.0000 mm, 3.0000 mm): Footprint J_USB1
[duplicate_footprints]: Duplicate footprints
    Local override; warning
    @(94.0000 mm, 95.0000 mm): Footprint R_RELAY_PD2
    @(60.5050 mm, 141.8650 mm): Footprint R_RELAY_PD2
[duplicate_footprints]: Duplicate footprints
    Local override; warning
    @(116.9650 mm, 172.7250 mm): Footprint R_SER4
    @(25.0000 mm, 95.0000 mm): Footprint R_SER4
[duplicate_footprints]: Duplicate footprints
    Local override; warning
    @(75.4150 mm, 154.5050 mm): Footprint C_DEC1
    @(52.0000 mm, 9.0000 mm): Footprint C_DEC1
[duplicate_footprints]: Duplicate footprints
    Local override; warning
    @(48.7750 mm, 242.0950 mm): Footprint C_ISOBULK1
    @(97.0000 mm, 31.0000 mm): Footprint C_ISOBULK1
[duplicate_footprints]: Duplicate footprints
    Local override; warning
    @(65.0000 mm, 13.0000 mm): Footprint U_MCU1
    @(97.9350 mm, 139.2750 mm): Footprint U_MCU1
[duplicate_footprints]: Duplicate footprints
    Local override; warning
    @(75.8650 mm, 199.2250 mm): Footprint D_CLHI2
    @(57.0000 mm, 78.0000 mm): Footprint D_CLHI2
[duplicate_footprints]: Duplicate footprints
    Local override; warning
    @(153.0000 mm, 145.0000 mm): Footprint J_RELAY7
    @(43.7650 mm, 183.8400 mm): Footprint J_RELAY7
[duplicate_footprints]: Duplicate footprints
    Local override; warning
    @(47.9550 mm, 224.6950 mm): Footprint R_ISODE1
    @(122.0000 mm, 44.0000 mm): Footprint R_ISODE1
[duplicate_footprints]: Duplicate footprints
    Local override; warning
    @(55.0000 mm, 30.0000 mm): Footprint R_BOOT1
    @(124.6650 mm, 112.4750 mm): Footprint R_BOOT1
[duplicate_footprints]: Duplicate footprints
    Local override; warning
    @(111.0000 mm, 45.0000 mm): Footprint U_ISO1
    @(52.4050 mm, 234.5000 mm): Footprint U_ISO1
[duplicate_footprints]: Duplicate footprints
    Local override; warning
    @(139.0000 mm, 52.0000 mm): Footprint R_TERM1
    @(42.3150 mm, 254.0550 mm): Footprint R_TERM1
[duplicate_footprints]: Duplicate footprints
    Local override; warning
    @(18.9750 mm, 171.2750 mm): Footprint K5
    @(106.0000 mm, 118.0000 mm): Footprint K5
[duplicate_footprints]: Duplicate footprints
    Local override; warning
    @(146.2550 mm, 204.5750 mm): Footprint R_ILIM1
    @(169.0000 mm, 89.0000 mm): Footprint R_ILIM1
[duplicate_footprints]: Duplicate footprints
    Local override; warning
    @(116.8250 mm, 196.3150 mm): Footprint C_FILT2
    @(56.0000 mm, 70.0000 mm): Footprint C_FILT2
[duplicate_footprints]: Duplicate footprints
    Local override; warning
    @(43.0000 mm, 25.0000 mm): Footprint SW_RESET1
    @(84.3550 mm, 159.7750 mm): Footprint SW_RESET1
[duplicate_footprints]: Duplicate footprints
    Local override; warning
    @(121.3750 mm, 178.6250 mm): Footprint R_VBOT5
    @(52.0000 mm, 95.0000 mm): Footprint R_VBOT5
[duplicate_footprints]: Duplicate footprints
    Local override; warning
    @(72.0000 mm, 32.0000 mm): Footprint SW_SETUP1
    @(84.3550 mm, 164.1250 mm): Footprint SW_SETUP1
[duplicate_footprints]: Duplicate footprints
    Local override; warning
    @(142.0450 mm, 204.8400 mm): Footprint D_LED2
    @(154.0000 mm, 105.0000 mm): Footprint D_LED2
[duplicate_footprints]: Duplicate footprints
    Local override; warning
    @(64.5150 mm, 131.8250 mm): Footprint R_RELAY_PD4
    @(100.0000 mm, 95.0000 mm): Footprint R_RELAY_PD4
[duplicate_footprints]: Duplicate footprints
    Local override; warning
    @(75.4150 mm, 159.5250 mm): Footprint C_DEC3
    @(78.0000 mm, 27.0000 mm): Footprint C_DEC3
[duplicate_footprints]: Duplicate footprints
    Local override; warning
    @(33.0000 mm, 145.0000 mm): Footprint J_RELAY2
    @(43.7650 mm, 128.3650 mm): Footprint J_RELAY2
[duplicate_footprints]: Duplicate footprints
    Local override; warning
    @(129.8000 mm, 203.2550 mm): Footprint D1
    @(171.0000 mm, 78.0000 mm): Footprint D1
[duplicate_footprints]: Duplicate footprints
    Local override; warning
    @(79.4250 mm, 164.5450 mm): Footprint C_DEC10
    @(99.0000 mm, 39.0000 mm): Footprint C_DEC10
[duplicate_footprints]: Duplicate footprints
    Local override; warning
    @(44.0000 mm, 100.0000 mm): Footprint JP_VBYP5
    @(89.7950 mm, 209.1250 mm): Footprint JP_VBYP5
[duplicate_footprints]: Duplicate footprints
    Local override; warning
    @(154.9550 mm, 174.3750 mm): Footprint TP_3V3
    @(145.0000 mm, 109.0000 mm): Footprint TP_3V3
[duplicate_footprints]: Duplicate footprints
    Local override; warning
    @(21.0650 mm, 241.8600 mm): Footprint J_RS485_OUT1
    @(170.0000 mm, 16.0000 mm): Footprint J_RS485_OUT1
[duplicate_footprints]: Duplicate footprints
    Local override; warning
    @(47.9550 mm, 217.1650 mm): Footprint C_ISOIN1
    @(101.0000 mm, 24.0000 mm): Footprint C_ISOIN1
[duplicate_footprints]: Duplicate footprints
    Local override; warning
    @(101.0000 mm, 73.0000 mm): Footprint C_EXP1
    @(60.5050 mm, 131.8250 mm): Footprint C_EXP1
[duplicate_footprints]: Duplicate footprints
    Local override; warning
    @(42.3150 mm, 248.1550 mm): Footprint R_BIASA1
    @(140.0000 mm, 44.0000 mm): Footprint R_BIASA1
[duplicate_footprints]: Duplicate footprints
    Local override; warning
    @(142.0050 mm, 198.8950 mm): Footprint R_IMON1
    @(166.0000 mm, 91.0000 mm): Footprint R_IMON1
[duplicate_footprints]: Duplicate footprints
    Local override; warning
    @(88.0000 mm, 51.7500 mm): Footprint U_LORA1
    @(105.7550 mm, 201.6150 mm): Footprint U_LORA1
[duplicate_footprints]: Duplicate footprints
    Local override; warning
    @(38.0000 mm, 103.0000 mm): Footprint D_CLHI4
    @(75.8650 mm, 208.1250 mm): Footprint D_CLHI4
[duplicate_footprints]: Duplicate footprints
    Local override; warning
    @(92.0000 mm, 9.0000 mm): Footprint R_LINK1
    @(124.6650 mm, 121.3250 mm): Footprint R_LINK1
[duplicate_footprints]: Duplicate footprints
    Local override; warning
    @(142.0050 mm, 192.9950 mm): Footprint R_CC2_1
    @(38.0000 mm, 11.0000 mm): Footprint R_CC2_1
[duplicate_footprints]: Duplicate footprints
    Local override; warning
    @(18.9750 mm, 208.9250 mm): Footprint K8
    @(178.0000 mm, 118.0000 mm): Footprint K8
[duplicate_footprints]: Duplicate footprints
    Local override; warning
    @(116.9650 mm, 175.6750 mm): Footprint R_SER5
    @(44.0000 mm, 95.0000 mm): Footprint R_SER5
[duplicate_footprints]: Duplicate footprints
    Local override; warning
    @(124.0000 mm, 22.0000 mm): Footprint CMC_RS485_1
    @(54.2750 mm, 242.0200 mm): Footprint CMC_RS485_1
[duplicate_footprints]: Duplicate footprints
    Local override; warning
    @(90.1050 mm, 154.9250 mm): Footprint C_BULK2
    @(47.0000 mm, 9.0000 mm): Footprint C_BULK2
[duplicate_footprints]: Duplicate footprints
    Local override; warning
    @(85.2050 mm, 209.1250 mm): Footprint JP_VBYP4
    @(25.0000 mm, 100.0000 mm): Footprint JP_VBYP4
[duplicate_footprints]: Duplicate footprints
    Local override; warning
    @(146.4150 mm, 198.8950 mm): Footprint R_UVLO1
    @(153.0000 mm, 75.0000 mm): Footprint R_UVLO1
[duplicate_footprints]: Duplicate footprints
    Local override; warning
    @(97.0000 mm, 110.0000 mm): Footprint C_RELAY1
    @(60.5050 mm, 134.3350 mm): Footprint C_RELAY1
[duplicate_footprints]: Duplicate footprints
    Local override; warning
    @(116.8250 mm, 198.8250 mm): Footprint C_FILT3
    @(75.0000 mm, 70.0000 mm): Footprint C_FILT3
[duplicate_footprints]: Duplicate footprints
    Local override; warning
    @(52.0000 mm, 14.0000 mm): Footprint C_EN1
    @(95.1550 mm, 154.7550 mm): Footprint C_EN1
[net_conflict]: No corresponding pin found in schematic
    Local override; warning
    @(32.7500 mm, 6.6800 mm): Pad A8 [unconnected-(J_USB1-SBU1-PadA8)] of J_USB1 on F.Cu
[net_conflict]: No corresponding pin found in schematic
    Local override; warning
    @(35.7500 mm, 6.6800 mm): Pad B8 [unconnected-(J_USB1-SBU2-PadB8)] of J_USB1 on F.Cu
[net_conflict]: No corresponding pin found in schematic
    Local override; warning
    @(156.2075 mm, 200.9600 mm): Pad 4 [unconnected-(U1-NC-Pad4)] of U1 on F.Cu
[net_conflict]: No corresponding pin found in schematic
    Local override; warning
    @(161.9325 mm, 200.9600 mm): Pad 13 [unconnected-(U1-NC-Pad13)] of U1 on F.Cu
[net_conflict]: No corresponding pin found in schematic
    Local override; warning
    @(99.9375 mm, 5.0000 mm): Pad 2 [Net-(D_FLT1-A)] of D_FLT1 on F.Cu
[net_conflict]: No corresponding pin found in schematic
    Local override; warning
    @(92.9375 mm, 5.0000 mm): Pad 2 [Net-(D_LINK1-A)] of D_LINK1 on F.Cu
[net_conflict]: No corresponding pin found in schematic
    Local override; warning
    @(91.9375 mm, 14.0000 mm): Pad 2 [Net-(D_PWR1-A)] of D_PWR1 on F.Cu
[net_conflict]: No corresponding pin found in schematic
    Local override; warning
    @(125.5775 mm, 118.3750 mm): Pad 2 [Net-(D_FLT1-A)] of R_LEDFLT1 on F.Cu
[net_conflict]: No corresponding pin found in schematic
    Local override; warning
    @(125.5775 mm, 121.3250 mm): Pad 2 [Net-(D_LINK1-A)] of R_LINK1 on F.Cu
[net_conflict]: No corresponding pin found in schematic
    Local override; warning
    @(96.9125 mm, 14.0000 mm): Pad 2 [Net-(D_PWR1-A)] of R_PWR1 on F.Cu
[net_conflict]: No corresponding pin found in schematic
    Local override; warning
    @(89.1850 mm, 147.9850 mm): Pad 12 [unconnected-(U_MCU1-IO8-Pad12)] of U_MCU1 on F.Cu
[net_conflict]: No corresponding pin found in schematic
    Local override; warning
    @(90.9500 mm, 151.7750 mm): Pad 15 [unconnected-(U_MCU1-IO3-Pad15)] of U_MCU1 on F.Cu
[net_conflict]: No corresponding pin found in schematic
    Local override; warning
    @(92.2200 mm, 151.7750 mm): Pad 16 [unconnected-(U_MCU1-IO46-Pad16)] of U_MCU1 on F.Cu
[net_conflict]: No corresponding pin found in schematic
    Local override; warning
    @(93.4900 mm, 151.7750 mm): Pad 17 [unconnected-(U_MCU1-IO9-Pad17)] of U_MCU1 on F.Cu
[net_conflict]: No corresponding pin found in schematic
    Local override; warning
    @(101.1100 mm, 151.7750 mm): Pad 23 [unconnected-(U_MCU1-IO21-Pad23)] of U_MCU1 on F.Cu
[net_conflict]: No corresponding pin found in schematic
    Local override; warning
    @(102.3800 mm, 151.7750 mm): Pad 24 [unconnected-(U_MCU1-IO47-Pad24)] of U_MCU1 on F.Cu
[net_conflict]: No corresponding pin found in schematic
    Local override; warning
    @(103.6500 mm, 151.7750 mm): Pad 25 [unconnected-(U_MCU1-IO48-Pad25)] of U_MCU1 on F.Cu
[net_conflict]: No corresponding pin found in schematic
    Local override; warning
    @(104.9200 mm, 151.7750 mm): Pad 26 [unconnected-(U_MCU1-IO45-Pad26)] of U_MCU1 on F.Cu
[net_conflict]: No corresponding pin found in schematic
    Local override; warning
    @(106.6850 mm, 149.2550 mm): Pad 28 [unconnected-(U_MCU1-IO35-Pad28)] of U_MCU1 on F.Cu
[net_conflict]: No corresponding pin found in schematic
    Local override; warning
    @(106.6850 mm, 147.9850 mm): Pad 29 [unconnected-(U_MCU1-IO36-Pad29)] of U_MCU1 on F.Cu
[net_conflict]: No corresponding pin found in schematic
    Local override; warning
    @(106.6850 mm, 146.7150 mm): Pad 30 [unconnected-(U_MCU1-IO37-Pad30)] of U_MCU1 on F.Cu
[net_conflict]: No corresponding pin found in schematic
    Local override; warning
    @(106.6850 mm, 140.3650 mm): Pad 35 [unconnected-(U_MCU1-IO42-Pad35)] of U_MCU1 on F.Cu
[net_conflict]: No corresponding pin found in schematic
    Local override; warning
    @(36.3050 mm, 219.6700 mm): PTH pad 4 [unconnected-(J_RS485_IN1-Pin_4-Pad4)] of J_RS485_IN1
[net_conflict]: No corresponding pin found in schematic
    Local override; warning
    @(155.2400 mm, 12.0000 mm): PTH pad 4 [unconnected-(J_RS485_LOC1-Pin_4-Pad4)] of J_RS485_LOC1
[net_conflict]: No corresponding pin found in schematic
    Local override; warning
    @(185.2400 mm, 16.0000 mm): PTH pad 4 [unconnected-(J_RS485_OUT1-Pin_4-Pad4)] of J_RS485_OUT1
[net_conflict]: No corresponding pin found in schematic
    Local override; warning
    @(57.0550 mm, 236.4050 mm): Pad 11 [unconnected-(U_ISO1-OUTE-Pad11)] of U_ISO1 on F.Cu
[net_conflict]: No corresponding pin found in schematic
    Local override; warning
    @(57.0550 mm, 235.1350 mm): Pad 12 [unconnected-(U_ISO1-OUTD-Pad12)] of U_ISO1 on F.Cu
[net_conflict]: No corresponding pin found in schematic
    Local override; warning
    @(57.0550 mm, 233.8650 mm): Pad 13 [unconnected-(U_ISO1-OUTC-Pad13)] of U_ISO1 on F.Cu
[net_conflict]: No corresponding pin found in schematic
    Local override; warning
    @(80.6150 mm, 194.8450 mm): PTH pad 1 [Net-(JP_IGND1-Pin_1)] of JP_IGND1
[net_conflict]: No corresponding pin found in schematic
    Local override; warning
    @(85.2050 mm, 194.8450 mm): PTH pad 1 [Net-(JP_IGND2-Pin_1)] of JP_IGND2
[net_conflict]: No corresponding pin found in schematic
    Local override; warning
    @(69.0000 mm, 83.0000 mm): PTH pad 1 [Net-(JP_IGND3-Pin_1)] of JP_IGND3
[net_conflict]: No corresponding pin found in schematic
    Local override; warning
    @(94.3850 mm, 194.8450 mm): PTH pad 1 [Net-(JP_IGND4-Pin_1)] of JP_IGND4
[net_conflict]: No corresponding pin found in schematic
    Local override; warning
    @(80.6150 mm, 201.9850 mm): PTH pad 1 [Net-(JP_IGND5-Pin_1)] of JP_IGND5
[net_conflict]: No corresponding pin found in schematic
    Local override; warning
    @(85.2050 mm, 201.9850 mm): PTH pad 1 [Net-(JP_IGND6-Pin_1)] of JP_IGND6
[net_conflict]: No corresponding pin found in schematic
    Local override; warning
    @(32.0000 mm, 75.0875 mm): Pad 2 [Net-(JP_IGND1-Pin_1)] of R_BURDEN1 on F.Cu
[net_conflict]: No corresponding pin found in schematic
    Local override; warning
    @(109.0575 mm, 172.7250 mm): Pad 2 [Net-(JP_IGND2-Pin_1)] of R_BURDEN2 on F.Cu
[net_conflict]: No corresponding pin found in schematic
    Local override; warning
    @(70.0000 mm, 75.0875 mm): Pad 2 [Net-(JP_IGND3-Pin_1)] of R_BURDEN3 on F.Cu
[net_conflict]: No corresponding pin found in schematic
    Local override; warning
    @(109.0575 mm, 178.6250 mm): Pad 2 [Net-(JP_IGND4-Pin_1)] of R_BURDEN4 on F.Cu
[net_conflict]: No corresponding pin found in schematic
    Local override; warning
    @(109.0575 mm, 181.5750 mm): Pad 2 [Net-(JP_IGND5-Pin_1)] of R_BURDEN5 on F.Cu
[net_conflict]: No corresponding pin found in schematic
    Local override; warning
    @(70.0000 mm, 100.0875 mm): Pad 2 [Net-(JP_IGND6-Pin_1)] of R_BURDEN6 on F.Cu
[net_conflict]: No corresponding pin found in schematic
    Local override; warning
    @(98.3550 mm, 197.8650 mm): Pad 3 [unconnected-(U_LORA1-PA15/PIN_A4-Pad3)] of U_LORA1 on F.Cu
[net_conflict]: No corresponding pin found in schematic
    Local override; warning
    @(98.3550 mm, 198.8650 mm): Pad 4 [unconnected-(U_LORA1-PB6/UART1_TX-Pad4)] of U_LORA1 on F.Cu
[net_conflict]: No corresponding pin found in schematic
    Local override; warning
    @(98.3550 mm, 199.8650 mm): Pad 5 [unconnected-(U_LORA1-PB7/UART1_RX-Pad5)] of U_LORA1 on F.Cu
[net_conflict]: No corresponding pin found in schematic
    Local override; warning
    @(98.3550 mm, 200.8650 mm): Pad 6 [unconnected-(U_LORA1-PA1-Pad6)] of U_LORA1 on F.Cu
[net_conflict]: No corresponding pin found in schematic
    Local override; warning
    @(98.3550 mm, 201.8650 mm): Pad 7 [unconnected-(U_LORA1-PA13/SWDIO-Pad7)] of U_LORA1 on F.Cu
[net_conflict]: No corresponding pin found in schematic
    Local override; warning
    @(98.3550 mm, 202.8650 mm): Pad 8 [unconnected-(U_LORA1-PA14/SWCLK-Pad8)] of U_LORA1 on F.Cu
[net_conflict]: No corresponding pin found in schematic
    Local override; warning
    @(98.3550 mm, 203.8650 mm): Pad 9 [unconnected-(U_LORA1-PA12/SCL-Pad9)] of U_LORA1 on F.Cu
[net_conflict]: No corresponding pin found in schematic
    Local override; warning
    @(98.3550 mm, 204.8650 mm): Pad 10 [unconnected-(U_LORA1-PA11/SDA-Pad10)] of U_LORA1 on F.Cu
[net_conflict]: No corresponding pin found in schematic
    Local override; warning
    @(106.2550 mm, 209.0150 mm): Pad 13 [unconnected-(U_LORA1-PA7/SPI1_MOSI-Pad13)] of U_LORA1 on F.Cu
[net_conflict]: No corresponding pin found in schematic
    Local override; warning
    @(107.2550 mm, 209.0150 mm): Pad 14 [unconnected-(U_LORA1-PA6/SPI1_MISO-Pad14)] of U_LORA1 on F.Cu
[net_conflict]: No corresponding pin found in schematic
    Local override; warning
    @(108.2550 mm, 209.0150 mm): Pad 15 [unconnected-(U_LORA1-PA5/SPI1_CLK-Pad15)] of U_LORA1 on F.Cu
[net_conflict]: No corresponding pin found in schematic
    Local override; warning
    @(109.2550 mm, 209.0150 mm): Pad 16 [unconnected-(U_LORA1-PA4/~{SPI1_SS}-Pad16)] of U_LORA1 on F.Cu
[net_conflict]: No corresponding pin found in schematic
    Local override; warning
    @(113.1550 mm, 204.8650 mm): Pad 19 [unconnected-(U_LORA1-PA8-Pad19)] of U_LORA1 on F.Cu
[net_conflict]: No corresponding pin found in schematic
    Local override; warning
    @(113.1550 mm, 199.8650 mm): Pad 20 [unconnected-(U_LORA1-PA9-Pad20)] of U_LORA1 on F.Cu
[net_conflict]: No corresponding pin found in schematic
    Local override; warning
    @(109.2550 mm, 194.2150 mm): Pad 25 [unconnected-(U_LORA1-PA10/PIN_A3-Pad25)] of U_LORA1 on F.Cu
[net_conflict]: No corresponding pin found in schematic
    Local override; warning
    @(108.2550 mm, 194.2150 mm): Pad 26 [unconnected-(U_LORA1-PB2/PIN_A2-Pad26)] of U_LORA1 on F.Cu
[net_conflict]: No corresponding pin found in schematic
    Local override; warning
    @(107.2550 mm, 194.2150 mm): Pad 27 [unconnected-(U_LORA1-PB12-Pad27)] of U_LORA1 on F.Cu
[net_conflict]: No corresponding pin found in schematic
    Local override; warning
    @(105.2550 mm, 194.2150 mm): Pad 29 [unconnected-(U_LORA1-PA0-Pad29)] of U_LORA1 on F.Cu
[net_conflict]: No corresponding pin found in schematic
    Local override; warning
    @(104.2550 mm, 194.2150 mm): Pad 30 [unconnected-(U_LORA1-PB5-Pad30)] of U_LORA1 on F.Cu
[net_conflict]: No corresponding pin found in schematic
    Local override; warning
    @(103.2550 mm, 194.2150 mm): Pad 31 [unconnected-(U_LORA1-PB4/PIN_A1-Pad31)] of U_LORA1 on F.Cu
[net_conflict]: No corresponding pin found in schematic
    Local override; warning
    @(102.2550 mm, 194.2150 mm): Pad 32 [unconnected-(U_LORA1-PB3/PIN_A0-Pad32)] of U_LORA1 on F.Cu
[net_conflict]: No corresponding pin found in schematic
    Local override; warning
    @(111.2550 mm, 77.3500 mm): Pad 1 [unconnected-(U_VALVEEXP1-GPB0-Pad1)] of U_VALVEEXP1 on F.Cu
[net_conflict]: No corresponding pin found in schematic
    Local override; warning
    @(109.9850 mm, 77.3500 mm): Pad 2 [unconnected-(U_VALVEEXP1-GPB1-Pad2)] of U_VALVEEXP1 on F.Cu
[net_conflict]: No corresponding pin found in schematic
    Local override; warning
    @(108.7150 mm, 77.3500 mm): Pad 3 [unconnected-(U_VALVEEXP1-GPB2-Pad3)] of U_VALVEEXP1 on F.Cu
[net_conflict]: No corresponding pin found in schematic
    Local override; warning
    @(107.4450 mm, 77.3500 mm): Pad 4 [unconnected-(U_VALVEEXP1-GPB3-Pad4)] of U_VALVEEXP1 on F.Cu
[net_conflict]: No corresponding pin found in schematic
    Local override; warning
    @(106.1750 mm, 77.3500 mm): Pad 5 [unconnected-(U_VALVEEXP1-GPB4-Pad5)] of U_VALVEEXP1 on F.Cu
[net_conflict]: No corresponding pin found in schematic
    Local override; warning
    @(104.9050 mm, 77.3500 mm): Pad 6 [unconnected-(U_VALVEEXP1-GPB5-Pad6)] of U_VALVEEXP1 on F.Cu
[net_conflict]: No corresponding pin found in schematic
    Local override; warning
    @(103.6350 mm, 77.3500 mm): Pad 7 [unconnected-(U_VALVEEXP1-GPB6-Pad7)] of U_VALVEEXP1 on F.Cu
[net_conflict]: No corresponding pin found in schematic
    Local override; warning
    @(102.3650 mm, 77.3500 mm): Pad 8 [unconnected-(U_VALVEEXP1-GPB7-Pad8)] of U_VALVEEXP1 on F.Cu
[net_conflict]: No corresponding pin found in schematic
    Local override; warning
    @(99.8250 mm, 86.6500 mm): Pad 19 [unconnected-(U_VALVEEXP1-INTB-Pad19)] of U_VALVEEXP1 on F.Cu
[net_conflict]: No corresponding pin found in schematic
    Local override; warning
    @(101.0950 mm, 86.6500 mm): Pad 20 [unconnected-(U_VALVEEXP1-INTA-Pad20)] of U_VALVEEXP1 on F.Cu

** Ignored checks **
    - Footprint has no courtyard defined
    - Track endpoint not centered on via
    - Tuning profile track geometries
    - Footprint doesn't match symbol's footprint filters
    - Footprint component type doesn't match footprint pads

** End of Report **
